-- phpMyAdmin SQL Dump
-- version 3.4.11.1
-- http://www.phpmyadmin.net
--
-- Host: mysql3000.mochahost.com
-- Generation Time: Oct 14, 2017 at 12:18 AM
-- Server version: 5.6.23
-- PHP Version: 5.4.31

SET SQL_MODE="NO_AUTO_VALUE_ON_ZERO";
SET time_zone = "+00:00";


/*!40101 SET @OLD_CHARACTER_SET_CLIENT=@@CHARACTER_SET_CLIENT */;
/*!40101 SET @OLD_CHARACTER_SET_RESULTS=@@CHARACTER_SET_RESULTS */;
/*!40101 SET @OLD_COLLATION_CONNECTION=@@COLLATION_CONNECTION */;
/*!40101 SET NAMES utf8 */;

--
-- Database: `finvendo_finven`
--

-- --------------------------------------------------------

--
-- Table structure for table `analytical_soln_sub_type`
--

CREATE TABLE IF NOT EXISTS `analytical_soln_sub_type` (
  `analytical_solution_sub_type_id` int(11) NOT NULL AUTO_INCREMENT,
  `description` varchar(500) NOT NULL,
  `analytical_solution_type_id` int(11) NOT NULL,
  PRIMARY KEY (`analytical_solution_sub_type_id`),
  KEY `FK1_ANALYTICAL_SOLUTION_ID` (`analytical_solution_type_id`)
) ENGINE=MyISAM  DEFAULT CHARSET=utf8 AUTO_INCREMENT=65 ;

--
-- Dumping data for table `analytical_soln_sub_type`
--

INSERT INTO `analytical_soln_sub_type` (`analytical_solution_sub_type_id`, `description`, `analytical_solution_type_id`) VALUES
(1, 'Alternative and institutional investments', 1),
(2, 'Commodity trading solutions', 1),
(3, 'Hedge Fund Management', 1),
(4, 'Private Equity Analytics', 1),
(5, 'Custody management', 2),
(6, 'FCP/CCP clearing suite', 2),
(7, 'Fund Admin', 2),
(8, 'Hedge Accounting', 2),
(9, 'Post-Trade Processing', 2),
(10, 'Reconciliations', 2),
(11, 'Administration and accounting', 2),
(12, 'Asset finance', 3),
(13, 'Asset-liability management', 3),
(14, 'Cash/Liquidity management', 3),
(15, 'Debt management', 3),
(16, 'Fund Transfer Pricing (FTP) suite', 3),
(17, 'Insurance product analytics', 3),
(18, 'Lending solutions', 3),
(19, 'Retail, private & Corporate Banking', 3),
(20, 'transaction management', 3),
(21, 'Treasury solutions', 3),
(22, 'Collateral management suite', 4),
(23, 'Security/FX Margining Suite ', 4),
(24, 'Security Finance', 4),
(25, 'Others', 5),
(26, 'Asset performance analysis', 6),
(27, 'Asset revaluation', 6),
(28, 'Corporate pension funds solution', 6),
(29, 'Cross asset trading ', 6),
(30, 'Cross asset-class front to back office', 6),
(31, 'Fund/Asset management suite', 6),
(32, 'FX Trading and settlement', 6),
(33, 'Portfolio management', 6),
(34, 'Wealth management', 6),
(35, 'Credit Derivatives suite', 7),
(36, 'Derivative Pricing', 7),
(37, 'FX Exotic products pricing', 7),
(38, 'Historical analytics', 7),
(39, 'Inflation linked products', 7),
(40, 'Mortgage loan performance (simulations)', 7),
(41, 'OTC Derivative Pricing ', 7),
(42, 'Pricing and Valuation tools', 7),
(43, 'Raw-material procurement forecasting', 7),
(44, 'Structured Products suite', 7),
(45, 'AML solutions', 8),
(46, 'Compliance solutions', 8),
(47, 'Counterparty Risk -CVA', 8),
(48, 'Credit Risk management Suite', 8),
(49, 'Enterprise operational risk solution', 8),
(50, 'Financial Fraud Analytics', 8),
(51, 'Liquidity Risk management Suite', 8),
(52, 'Liquidity Risk management Suite', 8),
(53, 'management reporting', 8),
(54, 'Market Risk management Suite', 8),
(55, 'Model validation', 8),
(56, 'Operational risk', 8),
(57, 'PreTrade PostTrade Compliance Suite', 8),
(58, 'Regulatory compliance', 8),
(59, 'Risk management suite', 8),
(60, 'risk reporting', 8),
(61, 'Scenario analysis', 8),
(62, 'Stress testing', 8),
(63, 'Tax Management', 8),
(64, 'Wealth & Retirement admin', 8);

-- --------------------------------------------------------

--
-- Table structure for table `analytical_soln_type`
--

CREATE TABLE IF NOT EXISTS `analytical_soln_type` (
  `analytical_solution_type_id` int(11) NOT NULL AUTO_INCREMENT,
  `description` varchar(500) NOT NULL,
  PRIMARY KEY (`analytical_solution_type_id`)
) ENGINE=MyISAM  DEFAULT CHARSET=utf8 AUTO_INCREMENT=9 ;

--
-- Dumping data for table `analytical_soln_type`
--

INSERT INTO `analytical_soln_type` (`analytical_solution_type_id`, `description`) VALUES
(1, 'Alternative Investment Solutions'),
(2, 'Backoffice Operations'),
(3, 'Banking Solutions'),
(4, 'Margining Solutions'),
(5, 'Others'),
(6, 'Portfolio Management Solutions'),
(7, 'Product Valuation'),
(8, 'Regulatory, Compliance & Risk Mgmt');

-- --------------------------------------------------------

--
-- Table structure for table `asset_class`
--

CREATE TABLE IF NOT EXISTS `asset_class` (
  `asset_class_id` int(20) NOT NULL,
  `description` varchar(100) DEFAULT NULL,
  `asset_class_cd` varchar(100) DEFAULT NULL,
  PRIMARY KEY (`asset_class_id`)
) ENGINE=InnoDB DEFAULT CHARSET=latin1;

--
-- Dumping data for table `asset_class`
--

INSERT INTO `asset_class` (`asset_class_id`, `description`, `asset_class_cd`) VALUES
(1, 'Equities', '1'),
(2, 'FI', '2'),
(3, 'Indices', '3'),
(4, 'Derivative-Forwards', '4'),
(5, 'FX', '5'),
(6, 'AI', '6'),
(7, 'Misc', '7'),
(8, 'Derivative-Options', '8'),
(9, 'Derivative-Futures', '9'),
(10, 'Derivative-Spreads', '10'),
(11, 'Derivative-Structured', '11'),
(12, 'Derivative-OTC Exotics', '12');

-- --------------------------------------------------------

--
-- Table structure for table `asset_class_security_type_map`
--

CREATE TABLE IF NOT EXISTS `asset_class_security_type_map` (
  `asset_class_security_type_id` int(11) NOT NULL AUTO_INCREMENT,
  `asset_class_id` int(11) NOT NULL,
  `security_type_id` int(11) NOT NULL,
  PRIMARY KEY (`asset_class_security_type_id`),
  KEY `asset_class_id` (`asset_class_id`),
  KEY `security_type_id` (`security_type_id`),
  KEY `FKB3735DA068338DA8` (`security_type_id`),
  KEY `FKB3735DA0B4AC3226` (`asset_class_id`)
) ENGINE=InnoDB  DEFAULT CHARSET=latin1 AUTO_INCREMENT=22 ;

--
-- Dumping data for table `asset_class_security_type_map`
--

INSERT INTO `asset_class_security_type_map` (`asset_class_security_type_id`, `asset_class_id`, `security_type_id`) VALUES
(1, 1, 1),
(2, 1, 2),
(3, 1, 3),
(4, 1, 4),
(5, 1, 5),
(6, 1, 6),
(7, 2, 7),
(8, 2, 8),
(9, 2, 9),
(10, 2, 10),
(11, 2, 11),
(12, 3, 12),
(13, 3, 13),
(14, 3, 14),
(15, 3, 15),
(16, 3, 16),
(17, 3, 17),
(18, 3, 18),
(19, 3, 19),
(20, 3, 20),
(21, 3, 21);

-- --------------------------------------------------------

--
-- Table structure for table `awards`
--

CREATE TABLE IF NOT EXISTS `awards` (
  `award_id` int(11) NOT NULL AUTO_INCREMENT,
  `name` varchar(100) DEFAULT NULL,
  `sponsor` varchar(100) DEFAULT NULL,
  `rank` varchar(100) DEFAULT NULL,
  `logo` blob,
  PRIMARY KEY (`award_id`)
) ENGINE=InnoDB  DEFAULT CHARSET=latin1 AUTO_INCREMENT=3 ;

--
-- Dumping data for table `awards`
--

INSERT INTO `awards` (`award_id`, `name`, `sponsor`, `rank`, `logo`) VALUES
(1, 'Best Equities JP Morgan', 'Bharthi AXA', '1', NULL),
(2, 'Best Stocks AXA fin corp', 'JP Morgan', '2', NULL);

-- --------------------------------------------------------

--
-- Table structure for table `company_sub_type`
--

CREATE TABLE IF NOT EXISTS `company_sub_type` (
  `id` int(11) NOT NULL,
  `type` varchar(200) NOT NULL,
  PRIMARY KEY (`id`)
) ENGINE=MyISAM DEFAULT CHARSET=utf8;

--
-- Dumping data for table `company_sub_type`
--

INSERT INTO `company_sub_type` (`id`, `type`) VALUES
(1, 'Hedge Fund'),
(2, 'Investment Banking');

-- --------------------------------------------------------

--
-- Table structure for table `consumer`
--

CREATE TABLE IF NOT EXISTS `consumer` (
  `consumer_id` varchar(45) NOT NULL,
  `fname` varchar(100) DEFAULT NULL,
  `lname` varchar(100) DEFAULT NULL,
  `telephone` varchar(100) DEFAULT NULL,
  `company` varchar(200) NOT NULL,
  `companytype` varchar(200) DEFAULT NULL,
  `tags` varchar(500) DEFAULT NULL,
  `designation` varchar(100) DEFAULT NULL,
  `secondary_email` varchar(150) DEFAULT NULL,
  `company_url` varchar(100) DEFAULT NULL,
  `company_info` varchar(500) DEFAULT NULL,
  `regionofincorp` int(11) DEFAULT NULL,
  `countryofincorp` int(11) DEFAULT NULL,
  `yearofincorp` int(11) DEFAULT NULL,
  `logobytes` longblob,
  `logotype` varchar(10) DEFAULT NULL,
  `company_sub_type` int(11) DEFAULT NULL,
  `city` varchar(100) DEFAULT NULL,
  `username` varchar(45) NOT NULL,
  PRIMARY KEY (`consumer_id`),
  KEY `fk_con_username_idx` (`username`),
  KEY `FKDE2883F654953EB1` (`username`)
) ENGINE=InnoDB DEFAULT CHARSET=latin1;

--
-- Dumping data for table `consumer`
--

INSERT INTO `consumer` (`consumer_id`, `fname`, `lname`, `telephone`, `company`, `companytype`, `tags`, `designation`, `secondary_email`, `company_url`, `company_info`, `regionofincorp`, `countryofincorp`, `yearofincorp`, `logobytes`, `logotype`, `company_sub_type`, `city`, `username`) VALUES
('0ef1d7ec-9bc1-4459-81fa-83ee9bcfb094', 'dattadeepali1', '', '-', 'YourCompany', 'Financial Firm - Sell side', 'Data Aggregator,Trading Application', '', '', '', '', NULL, 1, 0, NULL, NULL, 1, '', 'dattadeepali1'),
('1046a0bd-80fd-4b31-8a50-00700a2356ba', 'Dummy', '', '', 'Dummy', 'Financial Firm - Sell side', 'Data Aggregator', NULL, NULL, NULL, NULL, NULL, 0, 0, NULL, NULL, NULL, NULL, 'dummy'),
('9ef94b8e-4d97-4cb0-8a98-09039a6486e2', '1', '', '', '1', 'Individual Investor/Researcher', '-SELECT-', NULL, NULL, NULL, NULL, NULL, 0, 0, NULL, NULL, NULL, NULL, '1'),
('d4333b54-71d3-40b9-bb36-bc2f52b21bb7', 'jyothigurram', '', '', 'Syner MAtrix pvt ltd', 'Financial Firm - Sell side', 'Data Aggregator', NULL, NULL, NULL, NULL, NULL, 0, 0, NULL, NULL, NULL, NULL, 'jyothigurram');
INSERT INTO `consumer` (`consumer_id`, `fname`, `lname`, `telephone`, `company`, `companytype`, `tags`, `designation`, `secondary_email`, `company_url`, `company_info`, `regionofincorp`, `countryofincorp`, `yearofincorp`, `logobytes`, `logotype`, `company_sub_type`, `city`, `username`) VALUES
('dbd3aa64-afbe-4160-a26a-931b84254b67', 'amit_consumer', '', '+91-9945877608', 'Finvendor-consumer', 'Financial Firm - Sell side,Financial Firm - Buy side,Financial Firm - Others', 'Data Aggregator,Trading Application,Analytics Application,Research Report', 'Founder', '', 'www.finvendor.com', 'Well Researched Search Platform', NULL, 37, 0, 0xffd8ffe1001845786966000049492a00080000000000000000000000ffec00114475636b79000100040000000a0000ffe10321687474703a2f2f6e732e61646f62652e636f6d2f7861702f312e302f003c3f787061636b657420626567696e3d22efbbbf222069643d2257354d304d7043656869487a7265537a4e54637a6b633964223f3e203c783a786d706d65746120786d6c6e733a783d2261646f62653a6e733a6d6574612f2220783a786d70746b3d2241646f626520584d5020436f726520352e362d633133322037392e3135393238342c20323031362f30342f31392d31333a31333a34302020202020202020223e203c7264663a52444620786d6c6e733a7264663d22687474703a2f2f7777772e77332e6f72672f313939392f30322f32322d7264662d73796e7461782d6e7323223e203c7264663a4465736372697074696f6e207264663a61626f75743d222220786d6c6e733a786d704d4d3d22687474703a2f2f6e732e61646f62652e636f6d2f7861702f312e302f6d6d2f2220786d6c6e733a73745265663d22687474703a2f2f6e732e61646f62652e636f6d2f7861702f312e302f73547970652f5265736f75726365526566232220786d6c6e733a786d703d22687474703a2f2f6e732e61646f62652e636f6d2f7861702f312e302f2220786d704d4d3a446f63756d656e7449443d22786d702e6469643a35324136444443443844344631314536414539424437414239454630314636462220786d704d4d3a496e7374616e636549443d22786d702e6969643a35324136444443433844344631314536414539424437414239454630314636462220786d703a43726561746f72546f6f6c3d2241646f62652050686f746f73686f7020434320323031352e35204d6163696e746f7368223e203c786d704d4d3a4465726976656446726f6d2073745265663a696e7374616e636549443d224643464333423341324532363045363033454430453342333034373638463631222073745265663a646f63756d656e7449443d224643464333423341324532363045363033454430453342333034373638463631222f3e203c2f7264663a4465736372697074696f6e3e203c2f7264663a5244463e203c2f783a786d706d6574613e203c3f787061636b657420656e643d2272223f3effee000e41646f62650064c000000001ffdb0084001410101912192717172732261f26322e262626262e3e35353535353e44414141414141444444444444444444444444444444444444444444444444444444444401151919201c2026181826362620263644362b2b364444444235424444444444444444444444444444444444444444444444444444444444444444444444444444ffc0001108033505dc03012200021101031101ffc40094000002030101010000000000000000000000010203040506070101010101010100000000000000000000000102030405100002010204030505050703030501010100010211032131120441510561712232138191d14252a1c1331406f0b1e162729223825315432416f1a2c2d234b27335110101010002020202020300000000000000011131022112415161037132225213ffda000c03010002110311003f00f480b00a01a0c2a2c83000a8800002a3487402234090d80980e82a008601400a02185001886294a304e52c92ab0395d6b79e859f4e2fc7730f61e79455b8e5dfde5bb8dc4b7b7a57e5e5f2c62f82289c9b74e445105a9d4948715444658815323426c54222b712b940be845a0acce3415685ee256e014e175c5d560f2a9b6c6edc1ea8bd0db58ac62ffa91cf6a811938e280f5163a9c5fe2ad3fcd1c62fe1ed3a50baa4aab23c6dadc69ecfdded36edb76ed3f0bd3cfe8f77035a98f54a5527539367a8c654d6b4d78fcafb99ba372b8951a90f0295226a4416e004131d409002c400062f68c00002a003157b02a03f614df9ca11d346abcbec2ecf0473f7bb9926e6f8614e1d8064495fbcb94706f9b3ad08a4a862d8da71556b1789d05500018008060020c46002180000aa3c000551800015deb51bd070964d50b04070e1d0bd3b919ca6a508bc234c68765a5c053c48a9f0335d6708c9d4cd72e37fe36a91fa8d744caee4130769b1cddcf4f8cd6ab78338f7b5d97e354fb8f45576df610bdb686e22f99735cfcf579ef5971f796477328678aec23b9d94f6ef05583cd192ad2ac5d63fbbbcc58e93b6bb9b7de254a3aa3ab6eea92c0f18e4d3d51c1a3b9d3f77a92a9386b976678a399bbb7c4e927a8cdb885550a39357c092d629c5c18b53352b9769956a52e2cb62e86752ed25a9f334cb5c645aa4cc519b5c4be0fb80d51916a6654cb548a2f4c92294c929145c9815a64d30243446a3209011a8c06862040301542a40c055180000000000098541f7000f0154310a80579055f21d4550233938aad0c77f70a2e58e4a9e6a664f7377fc9182f69cebb0d6daa3f3662b7d7a6f2e8ab8a895659738b31a9a9df963e549630f8328b969c3c546e860db3978ae55a726fb037ff0039f0dbb9bbe3a5561ca54fb1957e62e7913cfea304b75724dbd4da2ddb5dd571369615936bc39135a9d2c8eb3de45b5ad51279f3d397da6edbaa26f33cea9a8bce95c68d7edef3a36ef4acc538e5c57cafdbc3da58e37f2bf75b4536bd27a279945b6d4e92f05dc93e123458dc46eb72ca59245bb8b51941a964b1af22b0c8effa9ae6f0715a3dbc4cb14572d4b441e79b7f522d5441564225aaa8a925da589944d3e64a291155f6162ee60589226bb0844b12e4049549274cc8a44927cc096a434114de08d10b6a3de11085be32f71700040000000000026caefdf85887a971a8c5716796ea5d72e6e7fc762b0b7cfe6901d3ea5d761b7adbb149dc5c7e58fc4f2f76f4ef49cee37293cdb2b35ecba7dddf4b4da582f349e48c8cf6edcae494209b93c923d474ce831b14bbb9a4ae66a1c23f1674361d36cec634b6ab37e69bcd9b0b200000a0000000000a1a2a6a98168a4aa115087d8050090d8801a00a800d3a035410e2f83022c13e636b1a080006840310054069d312da94928ba770161192ae59a24041e4badf4cf425f98b4a96e4fc71fa65f0665e9bbd7b79e993f04bec67b2bd6e334d49562d524b9a3c5f52e9ef65774ac6dcb1b72ece5de8947abb7723258166a5ccf3fd237edd2d4de2b27ccef45d78944b52e61541ed0af68531067c434800a8d8e8140150547c89622ab023a478aed2588011abe431d028c2229d47500a00540540a01d0ef01e4065a4581274160003420a7680d88618008320130188690e80200180854e630a80771c5ebbbb692dac3cd2c674e475afdf562dbbb2ca2aa78f77257ae4afdcf34dd7d80293508d3d8884235c589f8e45b4a222a2d90a92645a08800d88042689311150a05090502aa944a9c2869684e2119a941a935916cad95388568b5b9946b4746fddee3a3637aedbf078557caf18bfbe2714946e389747acb3d4212c24b4bed787b19b6333c7dadc38aa4694fa5f94e858dee8c22e8be89bf0ff00a5f02ea63d2a99252399677909bd32f0cb94bee79336a95380468522499429134d8166232098ea04862001e0348547cc695008dc9282abe071d27b8bd4e0b17de6cea17f4468b321b0b0e11abcde26635786db71d2898254034c80000000c4310000c400028000003a050004368540013741a02115b581434d1a1b23423ac571913cca9bd2c9a9548a8dcb4a4b130ce53dbbab5aa3d99a3a2caee42a0674edee638628e56eba7fa4dce0aab8f71aefeddc5ebb6f4cb9afbc8daea147e9df547cf832cedac5eb670e3688be04e12f4dea475771b08dcf1dacdf0e662bfb5958f3ac196c495dadb4b5c131de8a48cdd2ee376e8f8606abb430ed1c9dc24678b4f336ee11852552c67bc4d4986a6c4a2893a2c11a723ab45b1785595264b0ef2a2f84eb917293666cbe04d36f3f7056a8cb854b1333c2542e8c8a8b5364d54ad3249816264915a64d3286310c075010c0600040055800c0d008006021902f68f0e62000c0300c7980060294d41393c90ea65dfcd2b4f53a478b0465da599df93bb2744f1f81ad59dbaa6b6ab9bac8e05fead777535b5daad31785789d2b1d36d5b4aab535f34b1a8dc6eef6abf71676fe9c941c6bfd5fc4a6e6c631b4d4652aa8a59d7f796dcda599aa3826bb8cf3e9f6df97545f38ba17d93d6fdb997368e11ab49f3a787f8155bdbb516d36ab458af79d19ed7716f18495c5ca79ff00721477718c7d39c743cbc5dbdbf1278adfb591ce9273a37c7ef2e571db4dafdbe26dfc9c2e252860f853ececf7187736a569e979b1989ed3b72b6c34dad3c32e7ece7dd99ae5bcd5156a58b93f3762cce5c1b5e5c89c2eea94a4f3e35fdb3ed119bd71af7094aebe14c10e2bb4cf61b92abfb4d31af24545a93e04927c48aa934c22489a428d5f0a962ed450d2a934a9c049134980d245b0b35cf21da82f33ccb820494705912400821800000009c94555e0966d801cfea1d56d6c551f8ae7082fbf91ccea5fa833b5b4f6dc7ffc4f3adb936e4eade6d93468de6faf6f67aeebaf28f0466c89c212b9250826e4f248f51d2fa042c52eeea92b9c21f2c7bf9b039bd2fa14f754bb7eb0b5ff00ba47abb56a1660addb4a315c1163114000000000000073b73d5ecd9c23e397f2e5ef03a214679abdd67717308b505fcbf12bdbefee4654b936d3e2de40b71ea40e6dadc4e0eb5aaed3a11929ad4b22d98cf5ed3b1497123de58464a8469010d880182188a00600035e25da218de550220020001bc5080106403604a12e0c99496c5d48198f7bb286eadbb53c9e4fe99733609e407cfef5bb9b4bae13f0ce0cf49d3b7eafc155a52c996f57e9bf9bb7aa1f8b05e1fe65c8f2fb6dc4b6d714a3fea441ed949731557328db5f8de829469468d097715457b42abb0740a042aa0cc7ee0c79200013af21e3c804001ee001623f70c0400001ed1620007403bc60d1968bb828141811a301800aa0300121e400c043a0542a0190542ac31010e8c2865dfee96d2cbb8de3947bc0e375bdd3bd716d60fc31f149f69ccbb2d2a8b01db4d2729e72f14aa578ce550a9598712c9325e55815bc4820c449899510a00c440988798502a3402540a011a0509500888b445c132ca0502b34add0a9c59b5c6a572b615949466d139428474817437328ad39c5bc53c7ddc8e8edfa94aca4a2f547e89e6bb99c85106e85d47aedaefedee15612c567179a362ba9f13c2293835283a359347a0e9dd4d5ea42ee173f79751df5326a466848b5480b577924414bb09d40962294b4aab19937d7b4469ed2558c373fee2f69ae11757de756dc14550c9b0b348ea966f137e459e12d140a0ea2aa00c4310000a318829da03010500602a0500602a000c0550a80ca6ed578916d42a459714295554698ae5aa6312119e346474dd4a504cae9a3b8b81aa91504f8827cc8d34bec072a0542e453472f75b557151e474e6f1a2284aac956306c6e4b692a5c6e51e15e075eb6f711c28d192e6dd48caedcecbac1d0b3b337a6f0d36ec7e566d2f248b2fba2a94c77da969baa9da3b5755dadb79a256fafd564b8dcd5598a758d6876a56bc34a64732ec526d31a76885a97871cc9530a91b71a62f32c75371e7bca2993aa22abc492ce880945f12719578b2969acf22d8b2a2e4dae25d193e66658665d17d851a1326994c5935228b93249952649302d4c6569924c09122151d409011002432350a80c64400615108825563ab2350a80f10ab2bb97630c64e8257a328b9c5d62b3a10cab6acf33d7f7cee5c5622fc31f376bfe0771ef2309a84f0ad28f833ce756dabb77e52794dd624ab258b7f4fedd4a73bafe5f0af69e8e8723a046961d551ea753b54c0cba628910a164b307822aaa9e465bd694d3aa34b75c884f0445729427b675b2f0e31e0cb56e63ba95279a5973fdbde597154c772ca6eab06b22cece7dbae9ee36eec2d59a3049e84971799d28ee1df4ac4fcd5abed4bf6c4c8eceabd5f951abf713adf8ad96924923428d4aa3de5d14564d45165391155449578944a3165915dac8a4cb101249f326bb48a489a8ae404ed4b46791a8c8a88badcfe57ec08b460308000004dd0f1dd5faa4b792f4a0e96570fabb59dcebdb97676ae317495c7a7d9c4f1eb91280d9b0e9b7b7d2ff001aa41673792fe2753a6fe9f95ca5dddf863c21c5f7f23d2c211b715082518ac92260cbb0e9d67611a5b559bf34de6fe06c101a0c431000002c7040066ddef6ded178f197082ccc7d43ab2b35b761a73c9cb82fe279f949c9b949b6df1606addf51bbbac24e90fa2397b799916391385b6f1781728a8e4054ad37984f4db5da5b26a2aacc957725de75e9d3dafe1cbf677f598e86cb758689f0c9fdc7536bbc8425a5bc19c6841415091e8bd2578e7ecb2f87aa1987a5dc73b2d4b1d2e88dc792ccb8fa1d7b7b49d95b54225ad54ade0e865510cc00a000000434e8263006967c0434f83c84d500043ec62c806840d000026c000b53aa19546542d589026aa799eb9d3a8deeadafff00d22b9fd47a721386a58aaf06b9a03c674cdf3b135093f04b2ec67aa84f523cb756e9df939d61f853f2be5d86ee91d4352f4a6fc4b2ed20ef54350a32d58a248a1542a485401542a3a0e8046a3ab0a0528002a8c00588540330106230037d42a3032d100c005880c18110185402821800828c0002a42edc56e2e72c12552753cff5ddf57fede0f05e6ef0211fd41755ca349c1f0c9a33753de7e72f462d356a2b0d5cce7c215f31372715a5f8a3dbf71153b92abd2b897dab345532db714f547c4b371e28e95bb90b91ac1fb0a8cd3455435cedd712970a014b445963442802a11689d0284158509d04d01104890500541509502845442a485401031e426155491068b245527402129508360d91cd8438a345b86a92efccaa28d966011dbb17549666d84973391621d8752cf69a1b60cb132a822d404ab4553957abb8baa0b25e291b77777d38d0a76165a5ae59bc4ccf35ae236db8695426902034c9e202a0e80140c0281401550f000015006001501053b406140f6800500000000005233dc854d25528718bf612b52a84dac1962954afd449d25831e1c08e89f98aae5bc301a950956a41825392ef6109175e8464abc4c3e283e646b75babc84e15cccd1dcc7278172ba9e4ea1229b9653e0669d8a3d4b07cd1b277119e57624ae9154b7176184b1ed465bbbd6f0afbcd52b8994dcb5ad56842f92b135768a38b36476d558b39d6ad4a0f5c31a3c51dc48eb1e6ed32b3fe4d3e238ec9254a9a5e09be4707fe6eef08c4ac6baff914f8938ec17338dff3977e98925d7ef2f9623c1aedae9eb9962d8ae6707ff21bdf4c7ed25ff915f5f2c7ed28efad92e64d6c9733ceff00e47b8fa63f6917fa9b70be587da4d1e956cfb497e57b4f2fff0093ee7e987da27faa373f4c06abd57e57b47f96ed3caffe53b97c21ee22ff0054ee97087b86a3d67e5bb43f2fda7917faab77ca1ee0ff00cab77ca1ee1a3d7fa1da1f97ed3c7ffe53bce50f70ff00f27de3e10fed1a3d7fe5fb47e8769e4d7ea4ddb58e9fed1ffe47bbfe5fed1a3d5fa1da1f975ccf27ff00916f3f97fb43ff0022de738ff68d1eb3f2eb987e5d733c9ffe45bce71fed17fe45bce71fed1a3d6fa0b987a0b99e4bff0022de7d51fed17fe43bcfaa3fda347ab7b383ad5bc73295d2aca755555cfc479aff00c8779f547fb43ff21de7d4bfb48bb5e967d26c5cf355fb495fe996afc14275a2c990e8dbbb9bbdb2bb75a72d52581d10bb5cdb7b08ece34836e3db9967035de558331f0237d6eab9665536593666936c8de1a7414dd4571d1223195511545c542866e9c2aaa62966566b3ee20e9ea47cc89595e1d5ccb5aaaa0a0a8a9c8d473ab62996c532b89644d329244d779144937c809a5ccb224137c89a6d668a269f6324b1e0475d3806b605ab53c122f8434e39b15a69aac4b021a19118430022df05981e77f537fd3f6977e9cda59f4bf32d6ab9571abf97bbe24bf505872b0ae2c74bc7b99cde89d4ff00293f42ebff0014de7f4cbe041ebf300028000000430012395d4f7cd2766cbc72935fb91a3a86efd18fa70f3cbec471126dd238d4a3125c11746d69c5e674e3d3a34ac9d27c484f613f95a60620efc8b65b7b90f34598ef5caf857b4d75ebed719eddbd66a1727a9f617d9b7a7c4f3642cdbaf89fb0d07b3acc98f9ddfbded4080d3b3dbbdc5cd3f2ac65dc5b64f3589d6f6b91d6e9b6fd3b29bce4f51b04924a8b80cf05bb6d7d5eb3d64ebf408c954901154822725c510001301942cc00002834eb83f60aa002a518f31f9bbc550010710000cc00009c5d080302e0231ad3124419f75b785fb72b7715612cfb3b4f15b9db5dd8de70979a2eb19735ccf7a73ba974e8ef2de8ca6bf0e5c9f2ee6066e9dbe5b9827c789d14cf17b7bf73657bc4a8e2f4ce27adb1b88dd8a945d5358106843645343aa28055240045543101a0150311b001620310000620074006232d0000000a000080281400a00502800000065df6e7f2f65ce2bc5944f1b26ef4db6f16f8f33dcdcb51b91709aac5e0d1e53aaeca1b5bb185b7ab52ae9f9a3ed22c64956183456d8e7295b547e28acb9a2a74a6a8e288a9d14bb1f32c8a7aab2c1d7cd1fbcaa0f82ccbb716f71b669be2565aa1b9d0e97694794d65ede4699c152a72a176b15382f0e52870af3346daee8b9e8d6b06b541fdc5d54a512b68d13c4a5a0aac7405892a1110684d16508b02221d00a8403100a83486046916572c0b245136111948a24c949953640db1c51058b2d8a08b6dc2acdf66051660746c5b35069b16cdf6e0516a26d844a270542c4e989148af75715b87ef33d96315e7f98baa1c33674edc1455118b6169d1ce59bc4e89625e4c000000430000000010c0403001050000280030010c40003100000019ef58d78a39edcad3c1d3b19d76465152cd5498d4ed8e7c6fa6b1cc96b54c0be5b4b6f254ee2996d6e47caea4c6fda335fbd4324a7c4d57ad3784d34679594955624c6b5053d5995b8d1e1811739649119dc6b244162bd24a8e8ca6524f17521ae6c8c9cc1abedd1f3342aa46386ee715e28a7f6172bf0bb174c1a5932f84f6b1aecd89296a6a9546a558e0f23458f246bf4a2e76d48de638dbb5926ab06d72678b3dc5cb2e29e9e28f1db8dacf6d3d17163c3b4228a00011080740a0081aa8e82022d1068b4284550d1165ce256d044444b48f481127055146352d8c680480000000000000000000062028f65fa6ff00fc7feb91d938bfa69d766fb2723b4568a4aa9a3050e81865e67de66b7d1092aa334a389a6466b92a19ae919efba10b0f5e9b6b8e2caef5ccdbe02e972d6dcfd8bb88ae85e58511cdb8a8ceace9439b7562699548714244a26a31d96c51624417696236c1a27122b024809a2c89045880952bc434022610e1e1754694ea664590953b822d1a00400d02430c16605776dc6e41c24ab192a33c3eff00652da5d76e59707cd7ed99ee9d659e062ea5b05bcb7a7e758c1fdc060e81d53d54b6975f8d2ff1b7f32e5f03be7cee519d89d318ce2f0ec68f67d27a92dfdaabc2ec309c7ff92ec20e880865010b9356e2e72c92a9330f53935668b8b4071eedc7764ee4b39626dd9d8d0bd47e6797619b6b6bd49e392c59d5c5b285405172c8b3d351c65ee2329570c97202382c11e77730aee671e15a9e84e1ef169ddd79afb8edfab9ae1fba7f892c02a3276accaec9460aad9e9e1f3f2de3916adcaec94238c99e876db78ede1a167f33e64769b48eda34ce4f391a0f277efede270fa1fabf57a4dbc8000393b8000002b92a32c135502a621b541140015a0c004082801569d4725c50869d330124036a82000004aa00494799251a0100310d000a49354790c00e0f5ae96efc5deb78dc8ac57d51f8a393d2b7fe84d5b93f04b27c99eca4aa796eb7d33d16f736d781bff225f2be7dc41e82125258134707a46ff5ff008a6fc4b2ed4776322890862a00050000280310082831808018aa0744005532d18082a0031542a031000000aa150000002adc5e86dedcaecdd231556791f5257e6f713f34b15d88e8f5bddfaf756d60fc31f14df36732ecb42a2e204252526669a517558334c23c4a2f47123449e4a5e1967ab8365fbaddddbb1519c68d71e0645271c335c99642ea8aa27455ab4f108b6d455bb6f5635ece242d3adf84563a2346c8caf4a6d2b69ca796ac97b8d1b6b2acaceb27e6606a9ba95b436f11144694024c4450c8b4483b408504d1310440284e82a00504c645b0aae4679b2d9b33cd8456c83c46c228889451a2d42b894a8d5d0df6ad945f6ad9d1b3028b36aa742dda48d0bedc68688a2b84685c90d128f339bb893bd715b593c5f71b773356e14fda865d8dad4ddd967231cd6b88df6a2a2922c124901a64c002803015054018020000150740000a0a803a855730000aa1550c00550a8c00550aa1800aa82a0001515462006c8d490808ea4552b50970fb0be8c8b4c0c177669f97dd4324b6571648ece922e24f58d4ed5c195870cd09dba1dd712a9d98cb3489eabeee13826a8512dac9e47667b1a795fbcad599da78ac0ce56f663ab6e14847b916244e11f0aee25a4e8e0aa72514dcb048e56f3691ddc549aa49f96bcbf89d7b8a916d726794b1d555ca2dc3a4ff00dc593ef5f781ccdc6de7b79b84ca4edf55dddb76744d295d7e569f0e671104000040000002000010a8481811d245c2a4c0012a640000000040000000000000000000147b0fd33ffe497f5c8ed9c3fd31ff00e597f5b3b856818a79b36b74c4e7c9d4cd6fa213918b712e069b8e873ef4eaccbab9bbcb9aa96f9e674fa7c291c0e327eadd6f85687a2dac34c5045d36736fe6742e3c0e75ccc0a9134990a128aed371cfb2d8fb7dc58b1c157dc420fb4b33e269834a5cfec2493e7f60925cc7c3328b235e65a93e65314b996462b9fda116a4f99355e656a84b0e604e8df11e97cc551a605b097cacb0cf897425abbc098355000801a000385d77a6fab1fcc5b5e28f99735ccf3bb4dccf67755d866b8735c8f7cd54f23d6ba77e5ae7a90fc3963dcf9107aadaee61bab51bd6df865f67632d3c5747ea4f617292fc29f9d72ed3daa6a494a2ea9e29f328655b8b3eb41c7dc583039bb2db3829570c4d6e4a182ccb27179c7333689714509bae2c44d5a93e058ac7d4c0a126f2c4e6755da4eddc85f7e57e17d877d45472c02518cd38c9553cd1aebdbd6eb3dbafb4f579fdb6cee6e1e0a91fa99dcb1b78588e987b5f32d49254582e405eddef6fe18e9fabaf4fe7ec0300ad0e6ec008ea24100000009ba09b10053515962904957102b006050c403010c040493e0c8bc0649479e64118c5bc49a430001006401962513dc3a6b82f0aceb990dc296a5c9bc09d9b3a3c52cdf00342c4043002bb90534d355aaa34f8a2c003c4f50d94ba7de5285743c6dcbff8b3b9d3b78b710af159a3a1bcdac3736ddbb8ab17f63e0cf231f57a66e1c67c33ed5cd107ae0c38946def46ec54a38a65e500a8315028018800062084180c5403a940a0542a65a0015000000000000010c40064ea3bc5b3b2ee7ccfc305dacd6793ea3bafcedf6d636ade11efe606582714e52cde32ef2aafa92a93bd3af8567c49d982589153d3445134997c994b28a7d34c97a49165095082315a722498a8368090d11448286240c79042060d8aa14000aa112120a854052299ba1649945c90154e46793a929c8a9ba90199645118a2e846ac22db36eb89d1b36ca2d40e8598771a834d98511ba1129b51354515138aa134b891446fcfd3872a99b5a8c3bb97ad356971cfb91d1b305054306c6dfa92775acf2ee3a6214c055195000860150a8a830000001880000000000000000550180aa0030000010c400000002c460046a2a931011a548b893150083889a2ca0a8054e24248bda2134b4bee28d51582ee25408f9577225420aae7925dcff71f398c9347d1eeaf04bfa65fb8f98e979a08bda02b577848b0200000100c4000004000014021800800080000000002000000000000000a3d77e977ff006d3feb3ba707f4bfff009ee7f5fdc778ad2bbd2d31ef30ca45fb9956545c0c775d3899aedd67842ec93ef395ba9e88c9f246eb8df1c8e4efdbf4e4bd865bbc306d94d35467a5da4ae69f11c1d9c7550f41b7c15033385f255ccc57628d929248c576480cef024b1e045b251a1b8e7d9645be4c9d7b18a2d162a334c16a64a2ea2a21d00b17b49a9220b2e04d7b0a2754493a914913a01252434d0921a404aa34e8eab322fda4901a232d4aa8651096965e10000c220e55ee28bf6237e0edcf265ee249203c1efb673da5d76e7ec7cd1d7e81d53435b4bcfc2ff0e4f83fa7bb91d6ea7d3d6f6d53e78e317f71e2ae41db938cb06bec20fa288e5744eabf9cb7e95d7fe682fee8f3f6713aa50c2a2180860002018800004d803641be081ba8d43980946a58015e60045b06ea18201539887985790064358e02a03ec0232542342dcc8354cc0403114014ae438c6a4d2a10251a12010008645b006c49b60954976200a82ed021760ee468b07c008faba9d1795f125072584b8652e6536b6f55e35ecfdb23480c08a92ae9ae3c8900a872faaf4e5bcb74585c8e36dfff00167544d555181e3ba66f5eda7e8dcc15698f07c8f4b09ea55395d73a6b9a7b9b4bc6bf122b8afa8aba4eff00d45e9cdf8965da883ba98cad3d449761543a8aa3645e18853ad405aa8156b108952a1421ab90b5b03ae0006540000000000000008008ce71845ce58462aac0e675bdefe5ed7a56ff0012e785762e2cf3d456a34e45d72f4b77765b89615c20bf94cd75ea7a56488236e3add59a69a48db8e9436ca1548d06d8a8014018000d8a8300431506452254a9163401a428484c2a3415097006111131909480ae72335c916ce465b92a90424c8c5544f12c8a089451aecc0a6d42a6fb56fb0b05f66d9d1b5028b36f99beddb342db712f512108d0b5214348e6ef6e7a9256e3f37ee3a17a7e9c3b5983670f566ee3cb246396b86fb16d422917092a21d0d320000000000551d400002a0001873018802a1500001546154000000014a800050000004313000000000c00041518802a84d0c580050281441400a15def24bb8990bb85b977146b8f9577218a3e55dc86410bbe497f4cbf71f384b03e9177c92fe997ee3e72c229bb6ebe51db8b8c68f32c1042018008000040300100c400000000c00040310000010000040000000d080a3d67e97fc0b9fd7f71df479ffd2df8377fad7ee3bf2744d869864f536fb4cf70b9492c1945d92465e864bcd3c51c8df4b04b9b3ab759c4decbc697221566ca2f51deb49a589c7e9f0949d6875dba2c42ce0aec8c33916dc919dbc4acdb8715c4b52211f61645d391b8e56ea518b7c4b143f6a914ebc8b157b032292249312649144a35a7f12c8c48a44f17c4a1d684e84522404d3a0d0921a4004911a125dc00596e74f090f607b02340d10b73d4a8f3260322340c211e7baef4fd7ff716d51fcebef3bcdd73cc8b49ac7140782b37a762e2b96dd2517547b8d86fa1beb2aec30794e3c9fed91e5babf4f7b5b9aa3f872cbb3b0a3a775096c2eab8b18bc271e6bf81381eec08c271b915383ac64aa992280000040045b009488ac412a934a800a341809c801ba0b304b9837c802a9642a5711d298b162c01bf70539852814a80ab524a234a80e4962dd3b40626aa8a5dc575bb717478aad02cdcc743546bdc0378128c78b254e23010c05980064045bae400e5c812e2c69243016637809b239809d592c8695028014a945ddc24a91f797d79143db272afcaf34028a94f187864b075ed34544953044673505560580c13ae2004251d4794eabb096cae2dc59c20dff6cb97733d714dfb31bb1719aac5e124072761bc8df8578f1ef3a09d4f3176d5ce95b8a670793e6be28f41b6bb1bb1528b22aea89e7e208e19838d732a94a5c852436ab406eb820239e085465aa3423a7103af50003200000010c400000015387d7774e54d9c3e6f15cfe9e475efdf8eded4aecf28aa9e4e1295e72bf73cd375ee5c88a8dc92b71a2ee4556615c58a6ddc9619234c63a11427810639322014a80d05420112a0502921b1d01a084860095429500741d08a4818c4ca840026c0527433dc916cd99a6c82ab923349964dd4ab3221c5174635211469b3102fb50ec3a162df345166074ac428685d6ada46b844ae113445144d449c51141767e9c2bc4cd2460df5d736adc7e6c3d9c4dbb7b5e9c54570306d23eb5c771e29608eaa116985002a54000800000000000000000620a05000005501e002a8d0000054000040301542bc80621e2147cc0401ed0000a0860140a0aa1800c4140c400550c400085efc3977324caef3ff001cbb80db1c9772008e4bb901046e7925fd2ff71f3a799f45bbe497f4cbf71f39654210c0210000008600201880000000430010000005000040000000040000000c4082bd57e96fc2bbfd51fdc772febd3e0a67e2afd3c6870bf4b7e1ddfea8fee3d04d562d0ab1cf927ab5232ee2ef0a1d0a786a60bcaaf230f4c609bac7b51c78c7d7badf0a9bb7d7f445c639b647a7d9a78982f2ea5982846890aeca83d5ee335e9541554a75145b1509a8a372385a946a5a9d3915a8964608a8929771626bb08a8a599249720895092484a84d2450d245890a28950a1a44c8e448063c85ed254023559934ea47d34c15b6b202c41512aa04034e9897c64a4aa504a32a045e804b1181092e24732c2124119f73b786e2dbb73c99e2b77b69ed6e3b72cd3cfef3de50e7754e9eb776f0fc48f97e028e5740ea7e8cbf2b71f824fc0fe9972ee67aa6a87ce651717478347b0e8bd4bf376fd2b8ff00cb058bfa973efe641d6000284271ab2420000ad08e600dd474a66190a950162c7e50ad0497300c5e215a640d8d4404912c8656e7e2d0bcdfb80991bb6f5aa2c1ac57790b73d2dc24eaeb837dc5c065b76a4e6a4f0717c32a72f673348c400002000780374c854ae2c03190d6190000508b63a869e6024aa4bb83306e800dd083750c58d2a002403a5455e00557aefa4bb7815da7295c75ab4d78abc3d9c99a2705354638c54551700230868544db1bbd08c941bf13e063dd6fd43c16b197d5c8e5b936f5378f32e0f461432ecf75ebc74bf3afb4d4418b7fb286eed3b73ef8bfa5fed99e7367b89ec6ecb6d7b0c70fdb933d834723abf4d5bb86a87e247caf9afa7e0156dab9ab12e724b04707a66fbfe9dcc251c0ed41eac48a49b961425ec08e3524a9128754f2235c452693af0215f701da01620643010000003001540ab757bf2f6a57392c00e1f5bdcfaf723b58b7a53acdf69cdbf728b4acd8ad55a77655d5375646107725a9e4153b168bae174614453700a59126c8b410d0e8451340090c740a052603a0008283a0c08a1812a0111126888119106c9b289ba044272335c913b92334a4655190e288ac4b12089c63566db3029b3037da8761705d621d8746dc68516ad9badc4d0b608b5115126a24138aa9cfdfdd6fc11cdf857de6fb93d10ed672f6f177aeb9b5551c1333cd69bf6d6bd28248d288c53a0cd326263a880300c0000301880062a050310000c431000f78eac005441dc098ea02c406002c406200a886260098d36441b0240c86a072a812a8cac7569d0090dd448602414183a01118601800aa01542aa01e2577bf0e55e458577bf0e5dc06c592ee400b240410bdf872fe997ee3e747d16f7e1cbfa65fb8f9dac8a842188200000100c40000002018800000000000400000000020188000000068430af51fa57c97bbe3fb8f4479cfd2af0bddf13d21159ae6dde76dd2bc381c3ea972eede8a6ea9aae07a53cf7ea4b7adda5dad12c6faf6bc38366d4afcb54b23b16eca8aa22db162166092442ef85d4cbb488dc9693249ea1ce5a98940b239f6a142bc4b1452cc8c6d972854db90a2e64924b88d5b2c8c0082499624912d0b8a24a31404547bc9a48169e08926970281538935d886a689a650931e63d415ae4015e64951f68e9812d3da00920740d21a7b4029da2d3da4b489c7b406a2c29cc547cd0d45f601384f4e0f897199a64ed49af0bf6045c268601153c188b1aa90ec03ce75ce9d9ee2dafeb5f7fc4e26defcf6d72376d3a4e2f0f8771ef1c54951aaa783478eea9d3ded2e787184bcbf0251ebf67bb86f2d2bd6f279afa5f2341e27a47527b1bb59636a584d7de7b6aa6934ea9e299402630020971636f9048160014e2c4df20788569900642cc12a934a8024a831374cca617fc7a24a98d29c7dbde05b38b945a4e8f998a31726e2aa9f2af2caaff7761bc008a82c24e9aa94a9201540043a037400235ae0833ee1a5400a5033189e00322dd704198c0495074013750072a6445624a8300580037422f10072f70a9cc92542abf7e3615659f05c4a2c949456a6e891cadcefa577c10c23f6b28bfb89df75965c11524dba218688c5cb05c0ba3151fbff006fb84a344972fdabfb7b01c940a88a94acc94a2f2e3f71dbdbdf57e1ad67c572386a12b9e275d2a89be45b6e73d9dda3f6ae680ee116ab83084d5c8a94714c919579deb3d3e5197e6ece135e74b8ff0037c49f4fddfad0aa7de77651aaa1e5f7fb5974dbbebdac2d4bccbe97f022bb36de2d54949d4c7b6bba95563534665515c05479935164a9801d600a0190000c0550000039fd6a2e5b59a474085cb6ae45c259303c9c22a76e3ca889a946390b71665b2b8e3713d156ebcbf8109453c57102e5708b55333728e791285c0a9b89068b54aa128845089a0d23480634c2801405010c29009e03200380302804c964424c22b9c8cb7245b71996e4888aae48a5b2526462aa4128a2eb71a9048d76a14405d6a26fb304ca6cc4e8d8823505d66de06b8c1a2a82a17c648a26932714db229929cf446bc4cd58e7f50bf4f0c737e1469da5a56a0a29186cc7d6bce4f151c3e275924848698e82486541415062a8051210c5401850490e8c028150000a8b5224002a8000052a140ab0a805043a85404188ea1501621885400422426808e62a13d351e940469c4690d452180bbc06201623ab07417b40751362000a36190542a032bbde49771654aef3f04bb80d8b2005901042f7e1cbfa65fb8f9da3e897bf0e5fd32fdc7ced6454201882100c4000000201880000004030010000000000806200000000a0000000057a5fd2bff5bfd27a63ccfe95cef7fa4f4c141c5eb8ab2b4fb59da38fd73c907ca44abd796672c0c77ae6a639ddaaa1524cc49aeddbb6048b63522a24d23a382693269508a542d5da51152a0eac9510fd35cc08aa962056f91350a7320489a40a04d41940892a0b4b24a2ca26b492c3810a31e2048640756048646ac1302540c45a82a03c4647586b6048540d4c2a05b096a5da4ccdaa85f196a55410c8c954900457de67ddeda1b9b6edcf8e4f933535c4801e0b71b796dae3b7358accef7e9eea54a6ceebff00fc9bfdc6beafd3ff00356f5417f923f6ae4792758be4d7bd107d19aa01cee91d456fad78bf16184d7de740a0169c4909e20458288d2e63a8009a14649b6966890186b29cbc5e65855ae3f14688c3d58a94d34f8f6f7967a7172d6d78b992a00000000a8322e5c8024e82a3798f4d079800011d5c006e424b98d2a000661900aade402788d2a663c80004d89b04804b12490dd12abc12399badf395636b2e32e2068dcef55af0c319fee391394a6dca4ead88b236de72f71a44145bee2e514961fb7edee1e59e4b3ec2ad52b8f44337efff00d0a095ca6459636dabc57305fbcd1676aacf8e79a7ee273dcbb31a4da72e48826e56ed26a4b4d3877fc78f69cf9c9df71b704f0f2f178f364ad59b9bb92fa63c5e49723af636f0b11a4563c5f10a86cf6ef6f0a3756f870468137458826f899032bbd6637a2e13554d51aec2d101e51467d32f7a2dff008a58db97ddde762d4f52ae6cd1bfd943756dc25de9f27cfe2717677e7666f6d7ff00121f6ae615d8a0f4acc845d555644a8fb00ea8c88cca80000180a8003a80080a6fd886e23a2e2aa3cfeefa4dddad676bc50ae3c7ec3d2d03203c5abb574783792627059ac0f4bbce9767738a5a65cd1c0dcecafecb092ac69835f102952717465b1b8571929aa2c699ae40e18e015a55240a1433466d1a2172b9840e244b534c849620243122415168122420a4224f222c2139155c781293a19ee4c22bb92324e45b7266693208b752c8a23145d15520b2d42b89bed40a2cdb6742cda66a0becda6f1375b85085ab66b842850e05a93e42512c48812463dede78423e6797c4d57ae2b7172663d9d995c97ad358bc89f2bf0d1b4b1e9412e26aa024d01500c588000000050062f6800602a85407806046a150258098aa15018080006218054001a0001000e819006602a0e83a0009218c4020a0c00540a0c0088896446ab980f8111b6b98aa806188ea0045d4aef5744bb8b8aeff00925dc06b4000410bdf872fe997ee3e768fa25efc397f4cbf71f3b59150089082100e820100c00400000218008062000000100c4000000021800806002018057a3fd2be6bddd13d39e63f4b3f1deee89e9c28395d6956dc5be6754e675855b71ef06e3815a9258761251ec26a35214a0df12cc41412e0c9e845028b2693ed23e9aed24a1c9944957b469be4c4a35e258a097100555cc9af68d47b4953b401549aa8947b49692828c9262a0e8c07a8350bbc2a8096a41a859f1a000d487a84a415203521ea12a31fb002a02a2e41a500c05a790e9da02a54941e96474b0a303567908aadc9ac1e45c54448b44c4115e5ec3cdf5be9da5bdc5b583f35383e67a5a53021382945c64ab178340787d9eee7b3bcaf5bce39ae6b933dd6defc3736e376d63197ed43c5f53d83d9dca7c8f18bec34744ea5f93b9e9dc7fe29ba3fe57cfe241ec006c45014c65eab71964be5afef2e2bb9654e5ab2e0e9c40a611949a8a4e2e1f37b7235000000868001f689ba09638803c412a0c60240dd01ba114ab8b00f331a18200481ba09be40973012551f62189ba003c08bc4316492a002890bb7a3663aa6e855b9ddc6c78739f2393294b7135a9d5bfb0b82fdd6e6576293c13f153b3818c9dd9a9cdb5964bb910a9516420b37892724b3c7effdb995466e38732db565dd69bc137876be5de0423095e74592c5f62e7da6d8ed6128523575558ca9fb61ccb7442dbd744b42c1afdb1315cbcee56dda4e9275ed012dccedad3f32f0b79a6bf6c8bb6bb195df1dcc23f6b346d7a7ab7495dc65cb91b89aa518a8a514a8970139530e20dd708fbc5aa3074e2c80c13557e27910736f38bc39624a50e1f68e35962f06bed0084d4b2262600072faa6c1df4ae5bfc58630ff00ebf03a846728c62e53748a5881c8db6e134ab877e66af5576fb8e4f4c929c1c962b54a8e59e7c4eaeac02bb08060654a803400002a86203106214001318008528a92a4b14f83c890981c6de7448dcf158f0cb3a7038d72dddb12d17a2d3e67b22abd6637a3a6e2aaed03c9aa4d735c08e96b158a3a7bae8b28b73dbb6f0f2f1f8339ce6edb6aea6a94c69f770012b8591b8995ca29e7ef456e328f6a0362c496932c2e9a217130a248896bc4838b02154c4c2942b94a8110b92325c9175c918ee489555cdd4ab364a4c708f122251543459895416a66db5128d1663c8e859b6ccd620fb0e95a4cd0badc28698a2b8265c93024897b44aa3a36418692dc55bc22df87bbf89ba10515440a1892a00c0540a00005028002a8e83a011a8324188100c49e200468141d400300c0130a80b00c060c05441440001a50b4a1a18107dc44b0008691e9648008e97cc4d344f1002bab26a4f912a8011d4f90fc5d83002293e61a4950008d10511213015003da274e603a802000a15de5e0658577eba25dc06b4009d55400aeff00e1cffa65fb8f9eac8fa1defc397f4cbf71f3f56e5c9fb822004fd39727ee17a73fa5fb981002cf4a7f4bf730f467f4cbdcc0ae822df46e7d32fed62f42e7d32fed605605be85cfa25fdac3f2f77e897f6b02902efcb5dfa25fdac3f2d77e897f6b02902efcadefa25fdac3f297bfdb9ff6b029117fe52f7fb73fed63fca5ff00f6e7fdac0ce068fc9dff00f6e7fda1f92dc7fb53fed03388d3f91dc7fb53fed0fc86e3fda9ff00681980d3f90dcffb53fed1ff00c7ee7fda9ff681940d4ba7ee5ffd29ff0068ff00e3775fed4fdc06419aff00e3775feccfdc0ba6eebfda9fb80eb7e96fc4babf963fbcf5079dfd3bb4bdb7b9725760e09c525ab89e882839dd5d56daef3a273baa3ac5478d4238a93e65914f98d5aec44d5bec0a4abcc9a4356c951944711d4950692ed2869924c1244d50013249a60a9cc9240154496979090f001d10e9da2c07800e801800000c440000500320f600c81600a8310051053900140d32388ea1500abe45f6e5a9639a291c1e9752a2f6031009aa90a161192e2118f7bb38eeedbb72cf83e4cf177ec4ac4ddbb8b14e87bd6727acf4ff00cc43d482f1c7ed4288fe9fea5eb47f2b75f8e2ab06f8ae4774f9dc252b52528e128baa7da7b8e9bbf8efed29af3ac26b93241b04302840020013615a8528009732598a836e80045cb9056a3a00a9c58f30a037400a91ad7043a540029418b21375006c12a8d2e62b97236d6a93a201e473f73bf58c2d7b65f033ee7792bde158439732129bb295b8e1455977b2e0a7449baa4d96c632b69ca583a787da56ee4de727ef2357cca88d00181422eb17541b53c60f35dbc0a4d7b6d94af78a5e1873e61514aeef27a52cbdc8eaedf6d0b0b0c65c64596edc6dc74c151126d233a1d6999178e78204ab8b24f1208a75e145c0af4b5da9706376d2c93f7934a9de50a30a61c3827c0988080002abd7e1662e7724a3059c981637c16679deb9d52db83db5a7ae4fcf2592ee32751eb73dcd6dd8ac2df3e3239bb6dbbbd350582e2c9a3b5d322a16a35cde2752aa9fc0aac4231492791a6b10aeb86200450000000000000000020000000010c00899f71b5b7b854b8b1e7c4d5415023cd6e7a45db38d9f146b5a2cfdabe06153d3e1b8b4cb8f23d8b465dcecad6e178d51f3415e69db4f158321e28666edc74bbbb77aadbd51c3f6a7032c6ea9613547da0385d2f5713334ecf18fb886b71c181a6465b8cb233a955d032dc9196722eb8cccc8a495597254210897db855845966df61becc1f6155a8761d0b30ec28d16606db71a22bb5166a845944a25890a2bb492440d0500600861d8495b9302204dda6bb4aa5e1cea806047526004c42a8c0002814000a0502800014000cb887b42800018000082bd80fbc0031e402a8c00000000000000000680550180aa154000154150010c008e03a8f11300a85587b400002a82a0416e236290bb551a613e1dcf9172dc5a78a9c7fb910742a766d3f953f601a7d6b6fe68fbd09dcb6b8c7ec33ab56d6514bd81e9c1f05ee02ff5ad2f9a3ef42fcc5afae3ef453e9dbe4bdc2f4adfd2bdc05ff98b3f5c7de83f3367eb8fbd199da87d2bdc2f4a1f4af701a7f3567fdc8fbd07e6ecff00b91f798dda8f25ee13b71e4bdc5c1b7f3963fdc8fbc5f9cb1fee47de6076d2e088b82e48623a3f9cb1fee47de1f9cb1fee47de735c3b111d1d8860ebbbf08e7248adefac2cee47de731a23a10c5753fe436ffee47de1ff0021b7ff0072272b4f70b4f70c475d6f6c49d15c4c9cf716e1e6950e269a051f1183b1f9eb1f5afb45f9fb1f5afb4e4695c829d8860ebfe7ec7d6bed0fcfd8fad7da7274ae4147c862babf9fb1f5fd8c3f3f63ebfb19c969f20a57343075ff003f63ebfb18bfe42c7d7f63393a5721684f80c1d7ff0090dbfd5f630ff90dbfd5ff00b59cad2351a0c1d39750b5a5b8bad38528732edd779ea956a3517cfec0a0c15a51ed2692ed2741a55182b51ef2545cd965054650a849241463ab00489258d3ed1293e44937c809507464549f225a9f20254055e44757631eaec6031e22af60ebd8c03d819e68149768ea80554b802ee258053b4817b006002a86030af600abda151fb08ba726031885a50121544e2f805180ea2aae63a3155f202eb53ae1526ccea5a7148d09d555150000044248832d22d500f2dd6ba77a4fd7b6bc12cfb1ff00139fd3f7d3d8de57618aca71e68f6976d2bb17092ac59e33a86ca5b3b9a5f95e317cd107b8b77637a0ae5bc6325544cf2bd07a9fe5e7f97baffc737e17f4cbe0cf54d50040d5400a12c00645cb800dba0b3cc12e6301f7000ab5c801ba6424b98d2a0500055a0374125500c58e941a316eb7ca1e1b58cb9f202edc6e6361638cb844e5ca73dd4ab26b0f7229949c9d5bc49c7c36a4f9b51fbcd21af4e0f196a7d8b02b9cb549cb9b20050c400020a54b2dda95d7a60aacebedb671b18bf14f9fc09a33ed7a7d293bd9f08fc4e883238cb2c88a1be0b304a9de3a5320204d9caea3d6adecd3843c7779705de3ea77a7283b7625496726b977f33ceecfa65cdcbd72aa873e2c0a6e6fafdd9fa929bd5d8e943d074aeb3f98ff0015dfc45ffb8aa7d121721a63e192c99c0bb6ae6dae699786717fb344e07bf8c931d4e5f4edcceed953bab4be3530f51ebfa6b6b6b8cb8dce0bfa4a3a7d43aadad92f178a6fcb6d67ede4792de6faeef65aaebcb28ac91449b9c9ca4dca4f36f89bf67d3257a92b984797333ba336df6b3dc3a4705f51e8b69b18598d23ed6f896d8d9c6daa2c8d918245c0a31d3c09850651d1a0506232d0a0000050430000000000000150000000004000002687880107131ee7a75adc55bf0cb9afbcde2a01e5b71b1bdb3c578a0b87f133ab91b983cfb4f60e35397bce8f6b71570f04bec0387e9b4f0237560cb2fedf71b47a64aa9bc25d8517efc5c72a3e4f3039d76589545558e4eac9c2264492e06bb36d955a857166eb36d32c17d9b75789d1b3691458b48e85b81b44e1045f1488c628b522015092a022488a580d0d0d62c0b2dc7893002000000add883cb07d8532b1259626a0030b9e97478125335b49e6552dbc5e58328ab50d314ad4e3dabb086aa7302ca857b08ea255018622a800e82018050430016015a000005403000a8abd830000615100000c00043000a0080602a800c5ed1a100a9da141800b20000000000a805586202a8a84b110050431b02b684c98822b68896b44685153134f816d05428a748692d6991d2c22a7116945da05a50555a50b4a2dd21a40ab4a0a2e45ba0347308a74a0d28b5407a42a9d083422ed21a3b00a7d35da1e9a2ed02d290157a4815b48ba82d2055a17205145ca1de1a00a6887a516e841a00ad45069459a47a00ad4106945ba454a810d23517cc9506905474be63d3425443023a7b8924fb06354e402a77050745c8602a050302542088e950d23a00a831d02840843a07b0a1500745c88d110300a2e0c28f98057b8580e8c29cca000a760200a0e82a01404edbe041aec0ee034085196a551b0c8135543002b68c5d43671de5a707835e57c99be488500f0376d4accdc26a8d60cf57d0ba9fe6e1e85d7fe582c3f9a3f1451d6fa77ad1f5e0bc71f376a3cdd9bb3b13572dba4a2ea9907d0e8233ec37b1df5957639e525ca46828054180081ba03742346f1601e62790bb800626e826eb90d2e602a5730949416a93a2442fdf8585aa7ec5cce3ee3733beeb2c1708945fbadf3bbe0b78439f1662002a02c9e108479d64545b7f09d3925102a10d8142346df6b2beeab08fd45fb5d839f8eee11e11e67512495160913442d598595a60bdbcc9b7406e9866c49635e2654a95c5fb890155ebf1b2bc58be1159b0272928ad4f04b3661b9b89df7a6df861c65c5f7725da2d33dcbadccb84782f8b35c2d2885516b6aa3c3034ab692c1130088e9463df58dbc92bb7d55c315cff892ddefe1b75cdf238f2b7737cfd4bf271b2b1a717fb7b89aae6eff00793bb04a0da836fc397bcc36edcaebd3055675773b78ef6e45584a36e0b4eae7f13a5b5da46c2d314888c9b2e98a0d4a78cbf71d78434f02508d38165115494dae0494854414ed28980921d023a400065a000000218008283001000000050000430010c00040900000a830010a830a0109414951e2b93389bfe831bd59edde897d2fcacef11680f9edfd9dddb4f4de8b8bfb19385ba9ef2e5985d8e89c54a3c99823d1ec5bae859f308f396ad9d1b368e87fc7a864916c6c50aaaad5b3542038db2d510814684921d0742282490a8301a44e0b1a902e82a2206000400000000000000000a5152c1e23028a25b75f2ba15bb738f6aec3500d18f55331d4d4e2a59aa953b0be57428aea86295b9aedee21ac0b064350d30242f68aa150180aa003000a007b43da0000000000000000002430a8540004000000000260030c40002a00002a80c000430010a84854022c44e81402b116503008ac546cb282a010d21a49e91684510a2064b0069810a30a325a428b99551a0a84e882882234153b49d3b029d80574ed19369824fb008502889d1f6050085106944b48e804348b49371614ee020d507ed254ee1fb808503124014b10a31fb829dc02a31d074ee0a00a8f900c310004140a508180054030000201a0f700e9d80200a014000000030c400541854040005000000a83016404a32a32d28c0b612aac730893000682021244c4056d7b8f29d6ba72dbcfd5b6bc127ee7fc4f5b2c0a2f5a85e8bb73554d500f23d2ba84b637b5670961723f7fb0f6ea4a694a38a6aa9f61e0b7bb496d2eb83cb83e68ecfe9eea7a3fecee3f0bfc37c9f220f480368450098c0055a11f30e95cc2a963924034a865dcef559f0c719fee336e77edf86d60beaf8182a5c129ce537aa4eac88174a4ad51452d54cdac8d0ae36e53c93a7325a211f34bd91f89094e52f336c8845aaea8fe1c52ed962cae527275622eb1b79df748e5c581546129bd31556ceb6d7631b5e29e33fb117d8dbc2c469158f19732d6e9899b5411ad708fbc29ab3c10c80492c100192fddb939bb36f0a79a5cbe004eeee74cb45b5aa7f62eff00814c76f26f5dd7593fb0bed5a8d98e9893a540718a4485429bfb98d9c3393ca2b302d94941564e891ccde7506bc1058cb04be67f0451737377733a428dacdfc90f8b2ad71b0dc2d56775f9a4ff006c176135a47d28d8ff0036e9ea9f08705f161a2e6f1eabb85be105c7bfe05f676d8eb9f8a7cfe06d8c28312a8b76545522a8688409a81348a88a542740a0c0540a0c400150003a200065a000000000000000141643001540000000000000000040003001000000860026854242088d04e289d028150511d09500088c60003043004aacb885b5c4990000040000000000000000000008062000002808b8a966aa4980143dbaf95d0addb9c7854d0ae27926d731a69e406353e04d3344e119799154b6cbe56511a8109c5dbf309302c1904c900ea000020180000c40001400100c00415187b4055001500602a76000c00400310000c43000000000000112100b10a0c005410c0088f48ea2015121624a80c08502890daa852800188690a003a8abda4800852a3d286200a0a8310050284b01600140a0f00c0042c496018011a000f001500780b000c4311e000442889542a04688630c404188507401060150a800d2421e202a0d21000e8218b0000a8bdacc9b9ea7636b2d139566fe48f8a5f601b2a073e3d5f6eda8cdcadb7fee4749b2ddd85d5aa12525cd0459800aa8132a98001500502a0147b471f0ba8aa1502e1e657075c0986400000a841e181609aa81ccea3b15bbb6e3f32f2bfb8f1f384ad49c5e124fed3dfb385d73a7fa8bd7b6bc4bceb9ae64a3a1d1ba92dedad33fc582f176ff0031d267cff69b99ed2ec6f5b78afb5723dded7710dd5a8deb6fc32fb39a02c000284f05538db9ddcef3a3c22be5f89da39dbfdad7fcb05fd48a39a000955a4b8944a11d7251e2d8ef3acdbe15255569618c9fd88a9bae2508321a557459b3a7b5d8285277717c222a33ed7632bbe29e11fb59d68c1423a62a8970191d55c119d536e9de09717982541900557af46cac716f28f16557b7547a2d632e2f82f8bec21676edb72936e4f36f3614d4ee5ec294ee2e85ad2a8b05d85b18a8e44822bd03a05cbb1b5173b8d462b36ce16efa8cf70fd2b69a8cb28af34be082b66f3a92b69c6d3586727e55f139729562eedf93b76de6df9e7d9dc533bd0b13508c55dbebcb6e3e4877f365b6b6d2b93f5b70f5ddfb23dc8cf2bc2c571de4adda5e9db5fb7eccd762c46daa4721c2143546258851850b5204a832a0490e80140015402b400c18e8272157b1812a0a82d5d81560748000cb4000000000000000004003a8aa0003a8800028140a8000000000000800000000000000018000a80300000a8000c44e38b20b22a880620000020000000000000000000000000040000042e3a470cde1ef26572c654e48a04a8a8b8035cc6050b15931eae6840405c842f45c258a66496c9c7f0e55ec91adaa862b8d4a30394edf9e2d2e689c2ec2591b14f832b9edad5cc698f340569a1aa15bdadc8f9255ef2b95d9dbc2e45a28d380f0298de52c89a6f9104c0550001882a0002a8c000000000401ec0a8547501542a3a80080620000000a000000c000000000430015028300100c400090000828317780855a0c2802c5851050005443ee0000f600860150af68542a0080028018862000188aa3f7800b50546140000134980e814ec16940b000684a848547da015415162003a808403c043a8b5201fb47416000042738db8b9cda8c639b7915eeb756f6b0f52e3a2ca315e693e491cef42e6ea6ae6ed60b1858f963db3e6fb00573757b7aab69bb3b7786b6bc73fe95cbb476369e92d3617a69e72ce72ef91b14753d4eb5e65a9245471bac6ab3b75aa4e5aa496996271f6329ab9aac4b4cd7cade1237fea2bdaaedbb4b28c753ef667e990c2537f3604475b6bd6a127e9dff00f1dc59a91d58cd495534d3e279beb36a3e846ebf327a57692e8d1dc422ae5696a5e58be3f02abd32687533ab9ccb232a945b98a824c7561400558005685c9d554a49425474e6116800040218808c9712b6ab817109469881e43ac74e7b59fa905fe397d8c3a2f52fc95dd137fe29bf1763e7f13d46e2c46f41db9f95a3c5ef3692dadc76e6bb9f3441f40cc89c0fd3fd4f5c56d2ebf12fc36f8ae5ec3d03284000071f7bb6f465aa3e46fdc67b51ace2bb51deb905722e32c53390ac3b17a8f249b4f9e06b4669cb549be6c95ab52bd2d3055e7d85bb5da4aff8b2873f81d7b56e36a3a60a8868af6db586dd55632e322f6c4da588a8de7ee3215757621a74c024703a8f5e569bb5b6c64b073e0bb80eaef3a858d925eb4a8de5158b2b95f96e7083a5b7c78cbe1fbcf27b6dadedfcdce4de39ce47abd96d96de11b71c5220d166c28ac1608d295051c8914066dd6ee1b7f0b5aae3ca0b3f6f25da66dcf52514fd2694560eebcabca3cd9cc704e0eede6e169e32af9e7dff00025b8b8772e5dde4dc9c93d19c9fe1dbf8b31bb93bb586ceb1837e3dc4bcd2eeec2e76a7bca29af4f6eb18d98f1feaf81d085ac176604e558f6db28598e9b7ed7c5f79b616e4b22e8db2c5048d22118c8b54582a22410224447501d402a000000014015000602a801d100032d0000000014a4a31726e8962d80c0c51bef750f56c3ac165db4e056ba8c61351b8d51f3c1d40e808afd44f14f01a9016011a8c060218000000000000000008600218800006200000000a000050028300a165b5c4ad172c110000040000000000000000000000000000000800000aa18ad5cf127732a73c0450086228000000000004d0c002afbc7a964c4202b9ed2dcf14a8ff00948c36ba739365b41d5815bb325e5752b726b06a869525c700693033a9054b65662fb0add992cb140154056db8e780f501301263a80c40000000000000003100540000000000002a0031000c0400301000c4000000000190000844854e602112100a82486201e42a80c02bde02ef0af201807b03300000000a07b03d8014150600000140000a76853b40554150a05005500a538862031063d81460150c0310a806466ddef2ded6deb9e2de1082f34a5c9175cbb1b5095cb98462b5499c9d9427ba9fe72ee1392ff1ae16e1cffa98166df6d395cfcc6e29eb705c2dae4bb799b5453c82a9785644e2a2543d2829da0e853bab8acda9dc7f2a6c0f21d4aefadb99c973d2bd981d1b508d8b7596114b16726c5257354f04bc526cd914b73fe5bef4595e58fd5dafb081b4f7b2f5eef82cc70b71e7da596378eedd8dbdbc2b08e15ece6ca24a7d4ae256d69b51c2a7a0d96ca36229440b61a9f02f8d789351a0e868089087500cc6b0000a69898f00c022c83aaed195c5d196040000000000454699983aa74f5bcb745e78f95fdc7444c0f9ebd7667c6338bf7347b7e97d463bfb3af2b91c2e47b79fb4e475de9fabfee6dac7e75f79c6d8ef27b2bcaec314bccb9a2703deb111b37e1b8b71bb69d61255448a02338467e65524002a51516488b7c16649d412a0092a62f318c4c0aaec5ca2e2b0aaa1e13756a562e38cd629e5fb733df34713ae6c3d68faf05e28aa49735cc51674dbb6ef5a8ca182e2b933ab148f1fd1ae5cb779c229b83f3725da7a6b9bb858493c64f28fc47c0d73b91b71d5374471f79be95c7e924f1cad2cdff5be1dc533dc5cde4dfa6f0583b9f2c7b22895b8c6ca71b58b7e693cfda654a36d41a9def1dce11f963dc59e9caecb54f3e44edd9e2f166a8c0a2b85aa1728d0928d06915051204300000235614c01362abe404c048021800000086020a200a81d100032d0002172ec6d45ce6e9159b025294609ca4d24b36cf2dd4faabdd3f4ed616d7bdf790ea3d4e7bc9698f86dae1f1ed30a411d0e93bffca4f44bf0e59f63e6763a96ca3760e69553f37ff63cc254cced749eaba1ab179f85e11972ecee08c9b0bb3b17bd09c9e9e59f753b0ebdbbfc1e651d57a6d2976d785ac62d7cafff00ab38b6b7f3b6dc2ec7c55c79af8a03d5c2e265aa471f6fba52a62746ddca955a531d4ad327522980000c0430000000000010c040003100c4000000000310d104a2b12c2305c49000001000000000000000000000000002000000006e8aaca2b78cbb1122304e98e6f1240210c450000000000000000086260000000218005592ad48924a8801aae6552b117960cb8406676a71cb144355333609a52cc0cca43a939584f2c0ae56e51c735d80480abd4435302c4045489540005518000542a00015137d801418b10c40602af78c00055ec1d40002a150018aa2af600c013ec0af60000aa1501885afb04e5d8031542af820c79000862ad3800006226e80482a46a3a80e8216b7c90b5be404d26047531eaa80c42d4c69b00a0c87a8d06ba8130ad086b0d604db020a43d5dc0482b416218809b1547a434f680263a8b15c431006d0aa862a018faa5a77f697611cdc6abd81d3ef2bfb5b7721c6293ef581b2870b6d35d37792dadc74b375ebb527c1b03aaab5c5962a9095b7160aa5459538ff00a8372a1b756967725f622fde7528eddfa505ea5f9656e3f7b38fb8bff979ebbb257774ff00b6d8a322b10dac55cdce3278c2d7df227b7dadddfcfd4b9550e1fc0bf65d367b99fadb86eaf1499e92c6dd5b581055b5dac6d4524a891b15074ed1e9ed288d10244b4f68e8511a0e83a050028807415000283a0a802a22d8bc29c8ae835834c0b000020000001318014ca3a95333c8f56e9cf6773547f0e593e5d87b3a19f75b686e6dbb73c9fed503cd742ea7f94b9e8dd74b5379fd323d83ed3e7bbadacf6d7256ae2c57da8f4bd03a9faf0fcb5d7fe482f037f347e2883b6036228000000000054138d7063949413949a5159b6796ea9d7dddadada55438dce32eee480d5beddd8dbdcf436cd7a947ab4f957f139fb24b755f59bd6bcf17f376d791c9b3627764a36d559e9763d39da559c9ca4f36ccaac49ca918e115950bedda4b045d1dba458ad246911502c510d287a500500741690010e81a50008740a052a050740a00a9d82aacb21852a100c28840301052a0310a81a501d1a8547529dcee61b683b9732e5c5b32d1debf0b1173b8e914795dff00519ef67f4db5e58fedc486f77b737b3acb08aca2b2467c820e1425154c5fb06968c5e645d6a109e3989a2541500f41d27a9a9a5b6bf9e506f8f619fabf4bd3e2865c3e0fee38f254a359f3ed3d374ddfaddc3f2d7fce971f997c42bcc6defcad4b433b9b5dcb7c5197ab74b76db945578f7af8a30ecb74e12d32f7857aab736cbd36736c5faa36c665175475641489a640ea150a800620300100c005501800b10c46002000000a8000024f20a13b71ab20b52a6003110005776e68a259b04e4bb4a2c023ad71c09275c80000000000800000010c4030100010b98aa7326579c9be581448000a108620000000000000000013189800000000000664c8a2400000021122200000027152cd154ac7d2e85c0065719c73cbb014cd4425052cd014a912a83b1f4bf795b528f9bec02ca815a99252a81201547500a0000083d83000c4002a0002aa0aa006c0301006a0a806002177120a80b4b0a7306c550255335dded9b584e69328ea9ba7b7b2dc737823c64e4e6f549d5be611ed1f55db2f9c83eafb459cf13c6502807b27d7368be620faded33d4790003d54bafed88bfd43b75c19e5c023d33fd4363e9957b89d9eb962eca98c5f69e5aa0d542bdf42ec66ab178161e6fa46e64e2aaf15e167a18baa026c8ea64a82a0544284a83023a4301d18f4811c582857325a4951f002290e83a05005401d054ef0109c9473c3bcc1baea2d49edf69153bcbccdf92dff0053e7d8510e990bbe3dc4e5766fe67847fd2b901d6524fb7b8781c87d22cac6d4a76dff002c8aae2ea5b3c61257a0b84bcc0770e4fea0db46f6d6571ba4adf893fb8cd6ff00525bf2de84a1259e9c4e3753eab737f250a69b69f861f1e6351b763fa87d382b7ba8b924b09473f696bea5b8ea0dc3691f4edfcd767cbee38d1dbab138bdcac30728ace9f127badf3ba9dbb5e0b35c20bef2445f7b796f6b176768db93f3de79bee3474bd8aa7ab71564f15528e9bd3fd47eadcf2ac9733d15a824582eb30e269895c6889a91553191a8ca18c4010ea021d42800100c040015000027075c0915658929dc51557c780131292782e050dce7d8870ac5f0a045e042336dbae5c09808448a6572be187bc0e675ada47716fc2ab757969c8f2909ced4d4e0f4ce2ea9f267bad09659f33cef59e9fa5faf0583f32e4f9928f43d37a8477f655c584d6138f266c6783e9dbf9ec2f2bb1c62f0b91e71f8a3dd5bb90bd1572dbac64aa99430000033eef796b670f52f4a8b9717dc64ea7d66d6c168549dee11592feaf81e4371b9bbbbb9aeebd527fb604d1a7a9756bbd42547e1b6bcb0f8f32bd9f4fb9b975ca1cfe06dd874972f1def647e27a1b56141528066da6c6dd98d228df18e9c10e83a141400a0005062180800002800001410c4020180080000002a00020a05004488d0310365ebde945b4b53fa4f23bbde4f793d7378705c8f5f6ec53c52cce1f57e9be949ee2caf0cbcd1e4ff0089957192e089d147bc6bc3dec8d6ad842649428ff716edb6f3bf356edaab67a8d9f4cb5b48a6fc7739bfb82bcf59e95b8bcaaa0fdb823a1b7e8d2b5e3bb6ddc6b2829248eeb9b6275e6fde41c5dcf50d0b45fd9bd1d8e2cc1623b2bf762f6f7656649d7d3b8bf733d05fdbbb8b078ff31c8dc74ab7b8f0bf0dce0ca3b976dc2fc5c658a7fb54f25d4fa74acc9ca3dee9fbd7de3b7d4373d3ee7a3b8786519bfbf9afdc76ad6ead75086896125cb876aec0385b0de63a2799ddb375331ef2ddbb138c216d374f14f2f719ec5f70969cd7328efc648b13305abd53546415754915a6c78b20b00824c9500602a0c00000000000403001000d00aa5d6d6152b4ab817900004673d1172e40669bf52ef647029df754b7b1946138ca4de3e1e05fb68f17c59e57ab5c9cb753734d6345dc11e9f6fd4b6bbac2dcd57e978334bb74c51e0a4a344d36df15c8ea743dd6e1ee636549bb6d3728bc52481af53592ed1a9ae381c89fea1b30baedca12d09d35ac7ec37d8deedf75f8734df2c9fb82b556a057a1acb00d5259e2416010534fb0980086200001809bd2aa422a8a813e08650000142a8800000000000000000004313000000000040490c000000000892220000000000000000200002b95a8cb3456ec35e575ef2f0031b9687495531a927c597ddb4aec74bcf833996ee63479ac181beabb430ed2a8cabc4b17780e8bb47440921e002c02a3a20c005a906a18805a82a3000c454648402a30a0c00540a00540e475efc2f7fee3c99ebbade367da79a5b65cd8466034fe5a3cd87e5e0b9911942a6bf421da2f461c80ca2367a30e41e9439018c75367a71e43d11e48a34748c9f79e9ece48f31d2d6335fcc7a5b29510568a8204895029502830000a8542a0150a8542a000151540672b71ba9eee6f6fb595211c2f5fe5fcb1e6c7badccb7737b5dbca915f8d7570fe58ff00332fb56e1622adc22a318f963f7f780ac6d6dede0a11548af978bed93e2cbf312ed25528692135c8756051c3ebfb3b72b2f71829c6946be6a9c0dbddf452bae29b4ea9be3d9fc4ec6faf47a85c69bd3b5b3e697d52ec387b8dc7ad2f0aa417923c918ac95dbf2bd27293ab376c3a7eb7ea5c587089674ee9da9ab9757744eec2d5302e2a36e092e46a84070b6a3c0b12281226902a1248aa122540401000c00430000000a80081b1542980054201507806000024fb01b0864d4b0abe057518119373ec88d2486002a15dcb6a69c64aa9e0cb44078fea3d365b593946aedbc9f2ec66ae81d516de7f97bae96a6fc32fa65f067a394135478a672b71d06c5e6e50ac1be597b883b13ddd9b69b9dc8a49d1baf1383d4ff50e0ececf8f9aefff005f899e5fa76e64ae26bb8b2cfe9ea3add7a97601c4b362e6e6748a7293cdbf89e8b63d2a163c4f19f366fb1b2859548aa23546140210b6a25890e8142828031000000000000800000000054018008074100818c008d42ac90011c4311800b101801d11e94d51e299c9bfd524e6d58839db87e2cbe074ac5e8de8a945d54b18cb9a30d3ccf55e9ef673f521f852cbf9598523db5db70bb170b8ab1799cdd8f44b7b7b8e727ad57c09f0ef2a3574fdbfe5ac453494e98b2dbd7a3663ae6e88ba4eacf3f76e3dddf72a6a8c5e8b707937dbfbd9157cb7d7efbff0dbf0f39712ab97f7167c57ad492e7093316f3ad4b6f37636cd392c277a4aadbe515c3b0b36dd53776e54b8dc93ce334bee359f846eb7d4b4a536f55bcb5715fd46e9c61b8867fd324722fc2dda9c2fdb54b17bc1721c98749bd2b5767b49e3a5bd3dc417efb6ab7fb79292a5c866794dade9edae69ad25167b85486e23cae2716790eb36158dcd564dd083bd6e71df5b55c24bca7177d0bd665d8bf6a1774ebad60bb19dabd623bcb755472583fe3f7151c7d96f352a3ccec59bd53ccee2ccf6b3aacbf6c19d0d96e9cd15a7a28c8b13315ab9546a4c82d4c6411240300001808600000000000000140276d6357c0b48c15112200cdba9650e789a4c75f52e37c16080d16e344176d42ead3722a4bb518b77d56cecee2b572b5cdd1608d1b7de58dcfe14d4bb2b8fb80e76e3f4eedee55d96edbf7c7dc678ed3fe16c5edcdc9294dad11a607a13cf7ea4bb550b0ffaa411e695f8cde78f696dc7172adb4d4785732896cf52738d68b3e451a6e5ac564547ade8bbdb90dbdebb7e4e56e14d35cfb8b36ffa92d4ff001e0e1dabc48ab77b2bbb7e9d6ecda4e5f35dd39e389c18b8d5a9d72c12cebda457b9b3b8b3ba55b528cbb996686b267cfaba3c5569ae31c19ea65d4eeecb6765dc5ea5e9aca407635c966aa494d338db7fd43627e1bc9db7ef4756dced6e16ab52525fcac2ad02bd2d7958fd46bcc80724ea9ac780aa494d31b55cc088068a64c8e2b3286204ea00000000000000000000200000001c444806000000000044911000000000000000010000080620038379af5e745c59dabd715984ae3f953679db2dcb179bc581bed492e06c8cbb0c16b3ccd9028b912488a1d481b017b460000150000a854040300100c00408000e675955b0fbcf3ab23d375655b0fd87988e482183006108430010000000001774bf3cfbcf5165aa23cb74dfc59a3d46de292455694000451541a9050005a8350504ebde03d42cc88d492cc0673b7fba9b92da6df0bb25594bfdb873efe45fbcde476b6e571d1b4b08f37c0e658bd636917ebdc4ef5ca5cbb2ae6de51ee411bac5a85882b56d522b2e6df193ed34c12397ff0035b386736fb915cff526de3e58cdfb901db03cd5cfd4cffe9dafee918eef5cde5ff0c5a8d7e8588d57abdceead6da3aaec9457dbee38777a95cea2dd9b3fe3b0bf12e3cf4fdd538d6b697773774c9e2b19ce4fcabb7e059badd45c56d76d85a59be337cd8d0b79bb8dda59b4a96218463cfb59af61d36bfe49e7c113e9fd3547c773cdc1723d059b31889115d9b1a3bcd05a921d0aaafbc69227a0349446a4930516834904aa09d48e91e241302190290126e845cc4dd5069e201add05a9b058a24dd004fb44b1c849a9661ab9012abe209a21ab99251e3977944b5057b48785768f572491512190d4d8f1087500550a540751d4adc1bc99169acea05b50a90c069201d42a1443a00aa301800000050430010890804272a7064800855be01893150042a3e6486043142c498010ab155f6960015e3da1464c008524c34bed2c1010a3ed0a3260043106d920021563240073ac6e6eecafbd7dd38f6761b274d8bfcc59c76b71d6515ff4e5f52fbd1b7a8ec56ea1aa3f891cbb7b0e3ecb74f6b276aeaadb96128be0679577edcd4d66b2ae1935cd16c3338b0af4d9a8375dacdff8a7fedb7c3fa59d984abdfc48a8b55aa385d37192e6a535eda1dc9554e9c0e35fb4b6976571b718c9a945f297edef2a3cd6c28b729cb1a4a79fd4775526ebd94257fa3ade4bf33b66939f8a50e0df38b2db5d31ede2e5b89a8478bad4d4ed3319b3caadec7fecd457cd7569298fff00f5254e0a8cb67b98dd92dcb5a76d63f0d3f9a5fb662e8d627394b7573cd3ad0cb4e9df956e595c751e73f52b5eaba7091e8a0fd4dd27f2da8b936791eb1b8f5aef7b722153e94dd717c191d9ef2e74bdd4a98c5ba4e3cd73ef2ce990cdf25fbcabab28adc785e3a56aef348f4fbbdadbdfda57ad789497bff89e627196d2e767ef35748ea52d8dc719636a5e68f27f523bbd4b610dc5bf56d629f8b0fdebef22b16cf72a71543a76ee54f2db74ecdf56a6e89fed81dcb53707a5e680eaa64d332db9d4bd05588645120180860000000310c007158912cb6b88160001910bb3d116ca36e9463aa5c3163dcbab8c3da51d4653b7b59e84dba530e4691e66f5f8dfbd3bb73e67c7e931ba56bf6e4c33c8322a376dbac6eb6f829eb8fd3731fb73365cea3b2dfa5f9cb6edc96538e343895020ec4ba2abd1d5b3bb1bb1e4dd1946d7a46e27b9842ec1a827aa6de5447313717aa2dc65f545d19d3b1d7f75b75e36ae452abd79fbc2bd899b73b1b1ba54bd052edc9fbc8dcea362cc2172f4b47a89349f69a2ddc85d5aadc949738ba907127fa6acca6b4ce4a15ab8bc7d95399d6b72ee6e9e9f2c16989eb37177d1b53b9f4a6cf0771c66b5eaacde3402129b93abcfb0b36bafd682b2dc672924b4949d5e856d7ad3dccbcb620e9fd52fe054753a8f5d96d371e942319463e6ae75ec2ddbf5fdadec2e56db7f565ef3ca5db8eecdcdfccea402be811d1756a83525ce2ea3a4a3933c0d9bd72c3d56a4e0ff00959ea3a6f559cb64f73bac69271524a9a82badea53cc8929279339db7eb7b4bf84a5e9c9f09e1f69bf4464aab15cd104da4f34474f27ef15251cb10f539a00c56681639134d3c8528a799444034b5c6a26e99aa00c03b800043130000001a448486000000000000449110000000000000000100c40021880e6f57bd4846d7d4eafb9182d2c09eeee7afb8934f08f857b0b2117cca2cb48d318a216e2cbd201a449092190000302203a854000551d58050283c4005401e22a3010c58851818baa2aede47968e48f57d462fd09771e521920860001080000400000000059d3ff001a7ec3d4edf23caec5d2fcbb8f53b7758a2ab5d05404c752295009000a81418804263003c16f949ee6e56adb6ca61b4bb7bc518b69f13e80ed425e68a7ec385b9b4fa55ef5a0abb7b8fc51fa58471ad746bf73354ef37dafd395f3cbdc776dca328a941d62f2659ad2556d24b36c23996bf4fd88e69c9997752b56e6f6db249ddf9ee7082e3ed2edc7519ef2b6768f4db5f897de5fe9389b8dc474fe5b6a9e8af8a5f34dfc028dc6e22a3f96db57457c52e3724747a774d56bc73f3f2e41d3fa7fa4b54d567fb8ee59b490059b491a524b80944950aa3018a83486810c28140018828c88900000884a24c4c08d789194ab82237331aa20a69a072a64210124ab98d46b80428f158244653d582c821ea51f2aabe6471798244d2288d0950741d021243a0e83023418c00281418220a676dac63ee2b53e06b2abb654f15848a20a552753229b4e925465f19145b51904c920180000000000800000000100000086200000001050002a00001500100c040000020180800eb9ccea7d3fd65eadb5e359ae68dfb7bf0dc415cb6eb165a615e6f65b98d1edafe36a5863c0d562e4b63716d6f3ac1fe05c7cbe897dc2eabd3ffeb5a5fd515fbce6dcddddbf656ce9ae4f2e69147a79a57235e312976e3722d492f1675c4c7b2dcdcb73fcaeebf152f04bfdc8ff00f6474a4a13a3c88399f959597e052d2b845d57b8cb7ed2baeb2b73b8d37452c11da96a8e69fb0addfec97b8a3931e9b7773252dd34a11f2db8e48df7eeadbc5420ab396108a2daddb8bc11d2bea99cddcefec74fac93d779fccf8102dfde5d3f6eed57fcb73c571f61e35cddeb95e1f716eef77737736dbab6eacd7b4da46cdb7b8bf85b592e337d806a85c5b0dba9cbf125e48f3e5ec38f594e4e527593c5b277ef4f733f527ec5c90e312a2714cee744ea7f977f97baff00c4fcafe97f038b14129282c40f4dd67a72c2ed97492f1469c1fc0e447a8cb54bf30bc755dffc512e99d5a8d59dc3aaca327c3b1f61afa86c15c5aa1995576db73a923a56e754796b2e5b67a66d5381dadb5eaa03ac89a2884932d4454c043403000018086008ba2a88aa2aacb880002bbf3d106fd805107ea5c72f71ceea5d4af58bde9eddaa455655553a76a96a0e4f82a9e3afdd776e4ae3cdb6ca8e83ea1b4dd63bdb2a2ffdcb7f7f12ebff00a7b52d5b6b954d5529fc4e2c2cbdc5c8585ff524a2fbb89bfae6e14eff00a507485a5a5539818f71b1dc6d9ff960d2fab35ef465cf23a963aa6f36f15596b83f96e63fc4d56aeecba8dc56eedaf4aecbcb2864dfedd80704b76bb77bbbf6ec2ca52acbfa562cec6e3f4edc55f426a7fcb2c192e99b1bbb0577777e3a6518520bf7b030f5adcfadba928f96df81186dca565ebb52709738ba7bc86a7275971756c9531a275ed03b5b0eb37e7761b7be95c8dc7a32c7f8966f769d31dd7654fd1b9d9e5afee32f45b695eb9bb9f96c430fea6726e5c776529cb17275c40e9dee83b88ad5674dd8f38b2fdc59974de9d1b32c2e5e9567f039162f5cdb3ad89ca1dd97bb23d174bea12ea0ae59de46328db8a93953f7f69079811dc7b7e99bb938d8baed4be99e09f754cdb9e87bab0b5463ea479c3e05d472e556a91cde0bbd9dbeb14dad9b3b18fc914e5de67e8fb495eddc5ce2d46d78e7a9531592336ff70f73b89dc79378770566cf065db7dd5edb3ad99ca3d89e1ee291847776ff00a92eac2fc14fb63833b1b6eafb4dce119a8cbe99e078a13a3c1e215f4276f88bc51ed3c3edb7fb8dafe14da5f4bc627636dfa99ac3710aae70f8107a15739e0493ae463db751daeef0b535abe978334bb74cb00a938a7de45c5f0c7bc2b28e7882b89e781415a67801358917059ac3b80400e32ef1c53e204800000000000000089222000000000000000000020029dcddf46d4a7c52c0b4e6f55b9846d73f13039b620f8a5536413ae4576e3435db4544e0996a4f90451624452550c490aa02c4311d505401543118a8c02a0188a8030000000aa0aa00000032efd56c4bb8f231cbde7b0de63665dccf211cbda10c4310420188040000000004b69ffe87da8f51b7544795dbe1b8ff0049e9f6af00adc344224a898536fb42bda2d2829c900ea1a8588a9501ea1d486943a012442eda8de83b73558c9518c3103c6dbdd5dd85e9d884a94938e38c5ff12f9467be6bf317d7a6bcca38457676b27d476517bcf1d546724fbd10ea7baff3fa766dc6334b4a497dafb4221bddec2315b6da469058539f79a3a7f4ef4bc72c67fb87d3fa7fa0b5cf1b8fec3af6e02413b56a999a12231c09d4a1a1886140c43a9003a000050541806400547501504c9544150945491538491a040d6755ca85aa157d849a2171d1695ed06a3396ac1648121244d22a048924090c006004000119dc8c3ccc090199ef2da1c77507cca348d15466a593255026046a3a90557ecfa8b52f3232426740c5bab7a5eb8e4f328b632a934cc96e6688caa5160d114c75024200a80c4000001500010c00000004002a805062a80030000010c00400150000a800051086039a7b19bdc5a55b52fc582e1fccbef3a71b919c54d34e2d56a5791c0eab62fed61fe093fcbc9f8a3c615fb8c34d1bdea3737573f2db3c5fcd246fe9dd3a1b38f39bf3488749b166d5aff162f8be6748239fbfd9c775e16e9258c25c62ca765bb94dcac6e152fc3cf1e138fd71fbce85c928b7293a24706fddfcf5d8ee22fd3b365fe37197f2c79951d6bbb7bbe6dbddd1fcb25aa3f130ddb9d5e18256e4b9c4d7b4dfdbdcea70aa49f95f2e7f1e46c234f31b85bfbcb4ddb8d2e518330be857aebaa52ed73c0f6ad54aaeca1660ee5c748ac5b65479eb5d1acece0ef6e1ad31c5f2fe2ce1efb752de5cd59416108f2ffd4ddd4b7f2dfcbe9b6b1847ef7da6076c22a512c8c6b912d3444253d196601766a182334a4e4eac1baba916d20074599d0db756bba16de6fc35a45f1ee39a94ae494629b93c1247a0db74d86ca3aef52579f0e10ec5cdf3792c8093b6e6b45d58af792db3d12d15a95ddbae4e91cde6cd1b6db955d6b2ebccd68c766143645054d0c490d103001800000165b5c498a2a8864019770f54d43962cd55a6263b5e3939f308cbd66ffa3b6d0b39ba1e54ebf5bbbeb5fd09a51b6b4e3cd9ca95b9412935836691d0e89151b977772f2d98e95fd4f3398dbbb36f8c9fef3afd1b73695aff008fbd17fe472f1a7849bfdccb6f740d32ff00b7bb17258e89e7f6115c7bb19425e9c9d686ee8b6a2f732bf3f2d88b6ffa9ff032ee36d7f6d272dc424b8d52d49fb51b64a5b3e9949aa5ddc4b549714bff004039f76572e4bf37a9a9ce5e1d2f136daeb3bbdbf82ed2e47f9b8aef3931aa75c70c4b1c9dc9558477b6db7d975652d10766e47cc976fd865bbd06f2f16da51bb1ec747f01eddfe53a74ef653dc4a91fe9c8e7ab33db4d3b3369d2b58ba115d2ded8974de9b1b12f3dd956e359771c28d2b89d8b5d72fa5e9ee231bd0e2a4b1f81b7fe3363bdb0b736dbb0a5cde1f69479c8f33ad07f92e96e4f0b9b8957fd3ffa04bf4f6e24d284a12b727e74f80bf514a97e1612a42dc169ed20e32a3c258a356db797f6affc139457d35aaf719e2951d73e03d0e74843cd26a2bda547aedaf574f631dd6ed535371f0af3634ad0e4fe4761bdc76b7b44bfdbb9fc48f5eb8ad3b5b38796d4557bce43b6da4e4aab830addb9e8fbbdb63286a8fd50c4c06ab1d4b73b349da9b6b0f03c53ec3d0f55dcec6dca30dd5bd5392abd2b18fb423ca01da5d2b6bbc55d8df55fa2e67f1306eba66eb6bf896dd3ea8f89018c055a800349e66cdb755dced7084db8fd32c518c00f4db7fd4d0786e20d7f34315ee3afb7ddedf76bfc3352ece3ee3c1071af1e6175f42f4dacb00d5259e278edb759dd6df0d7aa2b84f1fb4ec6dbf52d99617e0e0fea58af8907695c8bc3264ca2cdeb3b95aacca335d8fee25a1ac82ad02bd728e6aa3538becef2898000000000112444000000000000000000040199e7efddf5efca4bcb5a2ee47637977d1b32971a517b4e258b6e9c441a21dc6ab6bb0a2dc1f69ae113489a44a82489195188f1000151851831540953b429da2f60bd804a8830238f20abec024274163d82af681202350d404aa0c8392166043738da97733c82e3de7afbd1ff001bee7fb8f20b8f784300104151000080000043100ecfff00a176a3d36d560798b5ff00e889e9b66aab2415bd20c0492ec1d028aa0d4829dc3af6805443100030a050003101d00a6eede37d2538d5275451ff001f6d5c95ed2b5cb366ea0500c8ac538226a342f716468c22291348121d0280a00005006000000003a080201d04010000000862004f4a727c0cf9e25b79d128f3c482403489a42448a1800c8103c155924707ad7545657a50f31557efbab42caa2743cfdeeb1293f0aaf6b39d726e6f54f1641be4606b7d46f73a16daead761e6c4e7082bd5ecfac5abde193d32ed3b76e755ccf9d9dbe93d55da6ad5d7e17c790d31eb1aa62b20a8e0ea42e474e2b234ca7514929c5c5e4ca9489291473f438b69f034408ee23495798a0d9469448a93275604c647da14604c4468c9500000006200000000001054000556150000136c09084aa0ea0301558aaf901210aac6018886007444d29269e29e0d0c0cb4e2cb5f4aba9e7626fc2fe97c99d9fcd5bd1ea369456646eda85e83b771562f3388f63f96f0ee27aedc5ff8adace5fd5d8b904c5d7aefe7bfcb76b0daac231f9ae7f02cdceda3bedbc65b7c1db585b597777996e4a579eb9e7925c12e48d5d3e1e9b9ddd54497b2a0716d5d9d99a9c30927fb54f4bb2de43710d4b0e71fa5fc0c3d47651dcc3f35b7c5e724b89c8db6e67b69ab90f6ae0d01ec0e075fb7766a3713ad959c5707cdf61d4b5b98dfb6a507e07ef5d8fee26d6a4d3554f0680f1744c850e9750d87e4deb8fe1c9e1d8f91c8bb7e9e18842bd712c1199ba83c48b740137415bb73bb250826e4f2489d8b17373356ad2ac9fedeeed3d26db6f6ba75ba4292b8d78ae7c3947ffe805b3da5be9d0abf15f79cb97647ef7c4a2ede775d23ef213bb2dc3f0f979f3366db6b4285b6daf33a76ad5076ad246a842814a10a17a128d0922060300a062180128aab2342c82e241300020a7712d30ed7815a92b169dc7f2aa85e7aee28ac9229dfeeac6dada86e136a7c23c8a3c9dcb929ca527f33ab2bab6a953aff00f1bb6dd2aecef2afd13fdaa61dc74fdced7f12dba738f897d85657f45b69ee27b89f92c4757fa9ff00039f7e6e73f55d7d49f89b5db91d376e5b1e9aa135a6edf96a9ae3439118b7926e9f60574ec757dded5e994b525f2dc55fb4eadabd67adc1c2ec1c2e5bc707cf8a679b5593c5e3ccea6ddbdb74d95d585cdc4a91fe9c8094ba24dd65b3bb1b91fa6b89cd96c771a95876e519cde9cb049e6ea42dc1fa8e365b8b5c53a1d1b1d737761e9935752c292c1fbc20ebd38c676f6d0f25a8a5ed39904e307713a7cbef3d1ddb3b2ea3616f2e3767561a9be3963cce75de857d2d5b7946f43f95d1fc02b94d3d345e66f4c7bd9d6eb6d58b767631cadc5397791e95b0bb3dd46576128dbb359cb52a78b81837b7dee2fceebe2f0ee0216373776eeb666e3dcf03a96fae39d21bcb71bb06d2d4962aa729497a7a736dd7b97f134f4cdbfe67776edbf2c7fcb3ee597da11d8de745d9ea4a1715a9cb18c64f07ef23d3ba15db1b88debce2e10ab8e9e2ce3f54dc7e6b7339e6aba63ec21b6dedfdabff0014dc7b335ee6155ef6e4aeee2e4e69a9393aa649ee65a1c29c1254ecfbd9dad97508f53bab6dbbb3194a49b8ce3865cc8dfe8fb3bb370db5f51b8b3849d40c1d276debeeedc5f961fe497b3233f51dd7e67733bbc2b45dc8ef58e9b77a6ed6fdc7495e9aa2d1c227988bd2d3e29d4094ed4a0e92546b89d8e89bfdcfe661b7527384abaa32c689769ca9dd77124f871e6753a4536d66fefa5c17a70eff00fd4234ef77dd32ede95bbd6daa3a7ab05f0c4cefa25bdc2d5b1bd19ff24b33891d5725ce527f692d2edcb949714c8abb71b1dc6d5ff9adca3db9af7a331e9fa1efeecad5e96e24e56ada5472c5f71965bce99bd6d5eb72b32794e397d807086766e74095c8ebd9dd8de8f2ca472ef6daf6ddd2f41c1f6e5ef28a800410d49c1d6de12e0d1eafa8757b9d3e36ed514ee694ee54e1747db7e677708bf2c3fc92f66457d4f75f9adc4ee70ad17720af43b6fd47b6bb85e4ed3e6f18fbceac256efad56e4a4b9c5d4f9f5495b9cad3d56db8bfe5c00f7fa1c7263f51af32f71c5e87d4ef5f573f30eb0b6b56b7fb8d363afecef3d2e4edbe1ad60fda41d3538bc992456942e2d5069ae6b116894726555a22bf55af32f7135252c980c00000000000000043177e40727ab5dab8da5fd4ccf6e38155cb8efde95ce0de1dc8d104f9b28bad9a5645508b2e4a80324900e84086008028140181101800005028020c061880806200c400008dc558bee678d7e67de7b39e4cf192c272ef08043104200001000000860046dba5f81e97672c323cd2c2f5b7da7a2d9720ae9a7dc3146a482962188d82602551b152a1de03015000602cc6003162003138d43113a80690a09b645ea02c480827225597201805400002a150180000000040002001a556844a198467baeb363890ad5b268a2689091220062489019f79796ded3b8f81e077179de9bb92cd9eb3f52ddd1614571743c6c8954840040000053249d088d320f61d0b79ebdaf4e4f187ee3b4d6a543c6f41bae1b85c9e0cf69135d4ae7eaa36b9125323b85a66d15a950d32b2fe30af2298b4595aa6bb0aa31599557c59622a8e0589845898c8a634c090215400900aa15018602001880004140a000050000281400001501b15429b42a11d687a930069f3125da3d480201623a880ea00019681194232cd2240060bea16a749a51b74ab9f1af2f6f0236a12dd25271d1617921cfb59bae5b5722e0f26a82b76d5a82b6b28aa62114d9b6b6d85bc23f49cdea9d3d2aee2caf0bf34570ed3b2e3ab0ad30ccc9b377209c6ee35afb79a08e0ecf772db4ab4d507e78f35f13d2d871ba94a2eb16aaa5c69f139d3e97615dd75ac33f4fb79578234eae5877016ee9c2f41da6ab0799e33a8f4f96ce55cedbf2cbee67ada9837fb88687668a4e59a79203c84a542cdaed6e6eee7a76d63c5f08ae6ff006c4d51e972b97542124a0f394be5f89d8ff0ecadfa765517193cdf7f6f6700210b56b636ddbb6ffae7c65dfc9728fbcc8dcb72f0c23cb98d467b8955f97823a7b7db692886df6b44746ddaa12b76a8698c42a31896a4348742028300a30a134c64544900c000065ab0c0841559610026e8aac651b99523a78c9d00aec2d4dc9f13cef56dcabdb97c631f0a3d1c9bb766528aab5174478d9bd4db79950aeab7838d6bc7ff005346dfaa6eb6f842e557d33c57c4c8d112a3b73eafb6dec5437d6dc68fcd0755f1412e852943d5d95d5384960a585577a38736d2c33782ef6767a9cdecac59d941b4e314e7474c4cab04fa66eb52b2edc94a6f4d7825c5d4d7d766a3721b68792d452a15edbad6f2c7ccae4794fe26b96ef63d464bf33095abb2a45493aa7edf89471a16dc60ee274a604255d348e3295211ef96076b71fa76fdbfc092b897cb2c1fc0874ce9977f3519de838c2d567e2e32e00c43ad38d88dad8c32b715abbce5d9bb3b2f55a938bfe564f797dee6f4eebf998a53868518aa37e6f6047576dfa8b716e91be95c83c1bca58fd86bdff4bd86a4bd4f46e4b14ab87b8e3f4bdbfe67756e0fcb1ff2cfba397da43a96e7f35b99dce15a2ee415a6ff0043dd5a5aa095d87d56f3f77c0d1b0b173a7ed2feeef45c6e5ca4209e6a3fc4e559dcdedabada9ca1ddf0c8ee74eeab3dfcd6cf7708cd4d37a976734079b8e757f617deb91b924e2a8a9ef7c4ec5fe97b0bb71c2c5ef4ee2ce32c57da62bfd1b7963cb0d69e5283aa02ee8d4b36f71bf79457a56fbf89c56f536de2dba9dcea96dec7656764b37e39bed38d6a5a1eae34c3bc0d3b5ea9badb6109b497cb2f123bbb4bbb7ead6ae4f776a3176fcd389e61ca9594b862cec5faec7a65bb2ff12f3f525ed2225ff0db7dce3b1dc45bfa67c3ef2eeafb496cf656b6d6d39453f1c92e279d4b89d0dbf59dded97867aa2be5b98fdb9955cfb72d12528f0253b9a9b9cbbd9ea2ec761b9dac375ba82b5ea2f973afb3e063b3fa7ec6e26a56770a7693529469e2ee02bdcffd974db7632b979eb91c6b7094eaa2ab4557dc75ff0051c6efe62b28b56d24a0e981c9b771c56197c420b7376dea83717ce2e87a88754958e9f6ef6e97a939d74c5f15da798b769df9c2cc7cd724a2bef3a5fa82f2f5a3b78792d4547da156fa9d2f7de752db5cff00dbf02bbbd02f25af6f28de8738bf11ca8c2b16d3586689d8bb76cc93b1271936925179d40ee6d36d73a66cef6e2f2d372e7862b8a89e799eb7aa7588ece4b6f3b6aeb697a8aa7355be95befc394b6f71f07901c306e98be0756ff40dd5a5aade9bb0faa0f1f7186d6cee5fbd1dbd1a949a4eaa945c423a6bfecfa5a52c27b87a9ff49c4cd6275faf5f53dc7a30f25a4a08e40568b172e585aeccdc5ac6899e9f69d5e50d8add6ebc4db718e9ce5c8f1fa5cda843cd26a2bda773aec95956b670f2da8aaf7911dadb75bd9ee70d5a25f4dcc3ed37e88cd5563dc7cf3368d50dcddd9f8ac5d6bb1710af714947260aefd48e7ef3acc364adabd172b928a7251e05bb7eadb4dd6109a52fa6783037269e4320ed71438c65cea51200c802832750bde8d89359bf0af69ace3756bbaaec6caf956a7ed031d985171365b89441335da451744b1222913440c3d83000af60005002a151d02802018800000040140a00315474414402150950008b581e3aee1764bb4f66f2678edc2a5e9f7fde115800308400000218800000084f0b907fcc8f49b3cdf79e6aee717fcc8f4db4ce855745549505124452a0506002a20a0c40140a0c001200100c0040302b55af61600544300010c00004301050190737c0226152babe657eb38cb4cb328d00462ea3a81210aa0e440c9433f615ea44e0d6a032c4b51564da2c45458891144881a1b1264b303cf7ea95fe38bfe63c9c8f6dfa82c3bbb76d7cb89e265912aa2000400000503421a20eb7448b77d761edd23c8fe9eb7aaeb7c8f5e8d42b9fbdfc42827b99ebb8d959a6538f1ee231ef251e3dc4625134c9a2289202699244112a813432298c0900800602a000c040000140a00087415100c0028021343684d2ed0a8e9a8d2a21a4002018820c42ac055c40ea000196800000030a8015ce3558666772a270955c5f2cd3e6bb8d8552b557a97b42396b76a53f4e6d6bf72976fc51a199faa6ced5e5aeba6e2e5c7bccf655d9db70b73d49716a8fb8a896eb79a3c16fcdc5f239d18b93a2c5b2c85894a5a698acc9dcf04b45a8eb9acdf08d7980db8ede35e3cfee5f132c6dcafcb54b2e08d51dacae3d53375adba4055676f43742dd0942dd0ba300142259820511e9229a0a8e8140a10c28300000004310c8270544481200032dc7aeed3844d4dd154cd623f33cd818bab7509ecd46165a5378bd4ab81cdff95b1b8f0ef6c26febb7fb54bfabec37172ebbb15aa14c299af61c7725083b728f8ab9be1ec2a3a3ff001763738ecafa6fe8b9fb54c1b9e9fb8db7e241d39ac57d8516edcae5c8421e794928be28f41d47aadfb17bd2b0e2d412d5a979981c9e93b7fcceea09f921fe497b3228dfee1eeb713bbc1ba2ee476f6dd76c34e37ad7a6e5e694314fef32be8b1bcb5ecaf46e47e979907253c34f69ab61b6fcd6e6d5af953d72ee8ff121b9dbdfb52ade838fb303774d7f97db5fdebcdaf4ad9519ba96fe77b7529c2524a2f4c74be45bb7ebfbbb385ca5d8ff003612f79c98a6f0cdb2ce39502ebb76ac74fead271b71959bd4d545fb5199f71fa7b716aaedb5763d984bdc4ba3d2c2bfbd97fd38e88f79cab5b8bea7aedce519c9e71641d9dad8b9d37697f73762e3727e08a7c11c3b72d125278d19d8875ebe93b5bbb71bb1c9f07f0668b7d2b65d46dbbdb572b4d3a4a2f149f7328e15d9a9d12ae1c5e6ea753a32562d5fdf4b82f4adfdff00695dde85bab5e44ae2794a0cbbaac7f23b4b1b2c9bf14fb581c56dcf178b789a76dbedc6d9ff0086e38ae4f18fb994427a1d78a2129694e4f8047a8d9eeed754b1725bdb71a597472597b389cf7d2b67bbc7657d27f45cfdaa1b98bd874db5b7ff00a975fa93f6e271541cb1a65f6057561d0374eec6ddd8d2dea5aa49d550875ebfeaeedc3256d6948ab6dd5375b55fe3b8dc57cb73c4be277b737365b9dadbdd6f60a2ee25979bde0799b5794151aad2afdbc0842d4afca36639dc6a1efccebffc2dadc2d5b1bea6be89e68d1d23a45edb5f7b8dc468adc65a156b57cc23275fbabd686da1e4b515139515385271ac7949602bd75dfb92b9278c9b6cb1dd4e1a5275744eaf97203a1b5eb9bab2e309b5760da8b8cf3c7933a7d4b6fd2e373d3bdfe2b8d56b0afdbc0e4f45dbabfbb8ca5e4b49dd977f031ef772f737e775f17877057a4e97d1add8bdf9985d5774a6a0970af1679cdfdbbb0bd295f8b8b6dbc7e2516ee5cb5252b6dc1fd51743d0f47ea77f77796d7714bb07194ab258aa7320e02b8dc74e14eecce8745b0af6ed4a5e4b29dd97dc6ddc59e937ee38464eccd6155e5a9aec74bfca6ceeadb4bd5b973172fb91479adfee1ee37172ebe2fec2b9da94155e4f1446edb9d9969b89c64bea4394e571ad4ead2a0474fa0caefe6e16ed49a8e2e6ab851761d1b9fa9a36efca3e96ab7174524fc5818fa535b6da5fdf3ce5fe2b7ecfe270a38bed615e8af6df61d4e6ee59bced5d962e335857f6ed30ee3a26ef6fe3d2a71faa18fd8609daf4e5a5b4fb8ef740bf3b16afde9b6ed412a2af1ec20cdd176cef6ebd7b91d30b29cde14c781cedddf7b9bd3bafe66d9dcb3fa9d4eb1dc5af0bfa1f0f699ffe2f67bbc7657f4b7ff4ee7ed503866ce95b5fcdeeeddb7e54fd49f744b373d2775b6c676db5ce3e246ce9d07b1d9dfddcd3539ff8add790460ea9ba7badccee70ad17723183028ebf4abfb8b3bab566d5c728cf38bc5693dac51e53f4bed755cb9b97f2d2dc7ef3d5cb044554dd58001549b51c5e48f37a9debb2b8fe66763a9def4ecb4b39f84e4d8851017c606b844a6dc4d51451248603a32063040021fb00004030010050280001400001800a8141800a882821a006790de2a6e26bb7ef3d74b26792dfff00fa66119c1803084000020000000002abdf2bed47a5d93c4f35b8f2a7da7a3d99475a248844911a30015407400400000180050043000400000000140000100c020a09ba09cf910724b1650eade625593a4555fd88515ae6a0dd22d5576f61a94545516080a3d3a26d36df1fe067bf6fd48e1e6591d0a19e71d0fb1e4118f6f79b5466c4ea61dcdb707eac327e65f79759bba901a42824c61450160ea004145d549b1c58f719297b0ae322a2f4c962f22369a6f1344a9c082b51e649322d9173a012bf6d5d838bc99e077fb57b5bae0f2ae07baf59a661ea9d3a3bdb758f99057866a82345fb12b32719aa50a28642018508a0924114dba2ccf45d23a334d5ebeb2f2c40e8f45d93dbd9d52f3cf17dc75a773d38b90960abc118b717bd474592373c233e788c2834541f2b1c50a4e892f68d345122488d46809a2488a634c09a191a924048043000015680301543520180aa003015054024152340a012a88400015000006000200a20a01d300032d000000a00000050000a6fed6dee152e2f6ac18e36616e2a10548ac9168019a7613e043d05950d6d0a81197d04495a48be81402b51a13a0e80014018050030010c4300010c007158881320b98aa09d464015e871f29601457adacd5085db36770a9762a4bb51709c13ec030edfa3edb6f795eb75aa5826ea91c2dff4ddc42e4ae38b926dbd51c4f55a64b2c50bd4a67804788b9721354d3492fb1771a3a45b95cdedbd2e9a6b2935c8f537f67b7dd2ff002c13edc9fbca76fd2ad6d15c761bd735a7549d68072773d76fc6ecbd3509594e9a259fbcb27d5767bfb5e86e14ad2c294c93ec68e56e7a76e36d8dc83a7d4b14669ca3269c169a2c7b4a3abff0b763fe5da5c8dd8fda732f59b9b7aab90717ca99b3a5fa7d3b772edf785bb70f12e6c9c7f506e232d57230b906f05934415f518bd9ec6ced3e79ff0092e1c9b4a4ab38aad333bdb8dcec3aab4eeca566e2c13965f032dee87b8b6b5596aec5f183fb8a398e5a9b948eadf6f63d361696172fbd72ee306df6772fde86ddc649ca4b555651599a3aedff005b72e31f25b5a101936bb8dc596e5b79ca34557f4fb8e947aeabd1d1beb31b915f3473f77c0e54272b7174ca5f705bb2ef4a36a39ce4a1ef03bf77a0edaec23776d73d38c9562a78c71fb4c90fd3fb977a10b897a554e534f0a221fa82f277a3b58792cc52a7699b6dbcdded63ea59b8d43e997897b8827d7afbbbbc947256d6848c76ef6854a65abdadf33b56baa58dfca36f7d663aa4d454e1cff793dd7e9db4a5a76f75297fb77194706d5977e50b11ce6d47d9c7ec3a3fa83709df5b78792d251a1bfa5f48bdb3bd2dc5f4bfc7196849d6acf3572e3bd72539799b6c8049f9960f99d3d975addd89c21abd484a4a3a678bc79339eee2941462a94fb6a747a1edd5cdd2b92f2598bb8fbf814757aa47a62bbe96e23a66f1d70e1de73e5d05dc5af677637972ca472f73b87b9bd3bafe66c847541ea8b719738ba320efadadce97d3ef4e6a976e349d3e58e479c8fd9d87a4e89d4b717ef7e5af35720e2dd64b154e7cc85f7d277371c5d6ccd3a6b8aa45fdc0712e5cf52554a892a24757a57fdaed371be9672ff15bfdbbc27fa7eec96adace1762fe64e9425d721f93dbd8d9c7ca9564f9b038708b9ba2c5b2fb576eeda5fe394a12ec7f715da928375c535463b972adcdf7951e97a67507bcdbdd96fa319c6d3a6bd39f6779856dba5ef5ff0082e4ac49fcaf2f6545bdff00b1e9d6b6df3dcff24fdb89c58c253c9568457a7eabd3ae47676ac6d139db8674cdf69e622e5627f4c970917edf797f6be2b371c298d2b58fb8f4b737b667b1b57f7f6d4a5717952c7bd7203c93952b27de76b795d974db5b7ca777fc93f696d8e9fd2f7734ed5c94555376a4f3f787ea1d96e6edef5a3072b7454d38d00f3f06934de44a5a5b6d2a2cc212514e345ab857343b565ee270b11cee4947d8547a2b1d42eec3a75bb927aae4db70d7c17695ff00cf58de5b7677b69a8be30fdfd865ebf7a2ef2b10f25a4a08e3915dc7d16c6e557637d4bf92e6660bfd3375b7749db9765314ccb6e1a9e74a78abc8eef46dfeed6ea3b694dce0d3d4a5c1734c0ef748da3daeda16de12a6a977b36cd928e08a9ba85000294941393c92a9471fa9dcf52f2b6b282fb595c22530d5726e6de327535420517db542f45708e05a90124003a10218500000000000000498c004d854614010c0004300010aa30013c8f27d45537323d69e43ac49c370dafdb02a280664f5e7cc5eb4f9911ac0c6eecf98bd59f3606c0317a92e6c5aa5cd81bc461d4f9b0ab0346e5d207a3d8bad3d879293c0f55d3dd6317d8841d9892230261a24818c005ed0242010ea01500ab018301020180800740100c8397201b7420db626e849c254aba77712a22ab2f2f0e3c09c2347e1c65c64fee1d969af4df0fb516ac30444537a1f32ff00d1f32cb7735aaf158324d57033bada9d563f7c7e280d2517eeaa3847c52fdddfc885cbb293d11f0aecf33f8046d2825a961c22befe6045524a99a78330b4ec4f4f0f94e9ce2dad54f12e5c8cd7adabb1a71cd3289db9d516a6736c5d717a659a37c65528b0048640a51d69c4c91c3066c28bd0a3d6b2798045d0d1eaa68cb165a80955bcc54a6434302b6871938f70da1500a375b0b5bb58ac4e0ee3a04a2fc2e88f4a3526898baf1bff000d7ab9a3459e812979e5ee3d4d57141a92c913d4d73f67d26cedbcb1acb9b3a584156441dc97715355ccd60576f39e0b0453a4bb48b49515d06a3893512175e954e2c0aeba9d4921449a00893150920044900d000f11a0004c75018056a02100c003000cc28150d4031502a2018080062ef10c02a8551e01800b11778ea302380ea0c2a074c000cb40541800860000002a00c0000403150004300100c0043000000100c000043028dd6eaded2dbbb75d12fb7b0096e3710db41dcb8e91479abdfa8b73375b51d30e155898f77bbb9bf9ebbb841792dfc4cd36e411d7b3fa82fc7ccd3f61d3dbf5fb73a2baa8f99e2af2b99d3da88477128f6847d36d6e6d5efc39265c7cd2def34baa6e2cec6d3afee2d60e5ae3fcc0d7b3038fb6ebf66e6171383fb0d9b9dfdbb7b79df8493518e1de4572373fa9e3b7dccecbb7aadc5e9d5178d789d2da75ad9eef08cd297d33c19e225085cc6b8b299ed9aed407d2dda4f1580a935da7cf36bd4f79b2c2d5c74fa658afb4eeed7f56e4b736e8fea87c00f4caeac9e065dc74cdaee719c1297d51c18f6dd4f69bc5fe29c5bfa658334bb54786015cfbbd295ada4f6fb5aea93ab7278cbda798bfb4bbb5956f41c5278f27ed3db5671cf11fa8a583f732a3c049a936e2a89f0ce876fa45e96cf657773c1ca96e3c2a75b71d1b69b8c74e86f8c3033f52e9739edadd8daaf0db7e56f3030d9fd477edbd37e319ae70c191b96ba7f50939dbb8ecdd962e33cabfb72396ed3dace9b8b6e9952587b9945cd2db697873499074b73d137765552f522b270c7ec2de89b6946f4b73722d42cc5d352ce4ff0081aac6e6e74ee9d6926bd5b8db86af953216ff005139276b776d4a2f06e1f003837ae3bd7257259c9b64a729a8ab52c963ef3ad1e9db1de7ff008ef6897fb773f6a99773d2777b76dca0e4bea8788a89f45b0aeeed4a5e5b49dc97dc60deee1eeafceecb1acb0ee591d6b3096c7a75cb935a6edf951279e9e070e1172694562457476dd5779b449467aa3c21731c3bf347536b7369d664eddeb2a1752d5aa1fb7ef3cf4a4e727278b79b5c4ebf4c92daecefef78cbfc76df77f102577a0466dada5e8cdace1278fbd16cb6777a674fbae4bfcb71f8b4e3a51e76d45ca6b4ba49bf32746752cf5ade6d5e89c95c8ae173e3f128e542987145b39eb936951705c8f476ac6c3aa5996e270565c5d2728ba51fee6637fa7e5756ada5d85c8be3c8885d39fe53657f78fcd3ff001c3b8e1c1393a716777af41ed2c58db2c2dc567c1c8e358bbe94b5255fdb8154ed4ee5896ab729424be974fb0f4dd33a8cb71b4bb737a94e16e54ab8f9bd87979dc6eb378b789d9ea4bf27b1b1b35e6978ee007a7d2b798db94b6f37cfcbf02cb3fa72ebbb16e51959aa6e5179d0e3dc51b8d2b4aaf4f8bb456373776be3b339438e197bb208d9fa82f4a7bc9465828d146bc8e7db9685254aea3d5dfea16e3b3b3737d6d4e7717969f69cc5b3e9bbc7ff006d77d19bf92797dbf10ae4dab0f7172165673928fb389d1fd417d4afab10f25a4a28e9f4ce8b736775ee2eb52d317e9a8f37c4f317a6ee5c94a7e76db69e602f4e4e29b5e17c4d7b4ea3badaca2accdd1b51d12c53a99d5d96856f24bed3a3d0ec2bbbb539f92cc5dc7dfc023afd5f75b185cf47736b5ca95728ac57b7323d2769d3e3795edbdc729d1a8c26f18d7ed3ccef2fbdcde9dd7f336fd8539915d1ea3d3b7566e4ae5c8369b6f547147393ae47436bd6777b5c2371ca3f4cf136bea3b1dee1bcb3a25fee5b03891938bac5d1a3d2fe98db37ea6e659bf045fef332e896f70b56cafc66be99668f4bd3f68b69663657cab17cd946a93a22a273789022830f53bba2d6959cdd0dc71b7f3f56fe959416928a6d4686bb68a6113542251645162445225420600000000000030100000c4000000000002603150000002814003c8f5e8b57f1e28f5c60ea3d3e3bc851e0f98478903ad3e857a2f3c3b882e8d71fcdf6322396075ffe127f53fed1ae853e327ee038e23b8ba0bfaa5f6125d039b97d815c103d02fd3f1edf7935fa7e1c6bef28f3b183b92508e6cf5bb3b5a52a70c036fd22167c8a9fbfde742dd8d005904c9a04874a05000150010066003a8a80031054602001e400272a1173e441bd3dfc8224f1cc8e326a2b8fb8b2365cbcf82fa7e22bb6945785517670ed289a868f2e2dfccc9421a5d5e2c56e7ad639acc99119ee45c24a51c1fcbf0f697426a6ab121724926ee3a43873af619d3782c539fcab3fe005f72f51b8c7c5259f25de53084ee3d75abcb5705fd28b2dd854f1254594565ede6680210b6a1967c5f164862744aaf25980196ed213d2b8aad397fea3b9b86d78305f53fb90a161a4db6e35cf8c9f79465dd5aaff009239acc566ed51adaa371967fbd1cebb6fd09e1e57901d18b2665b572a684ca261c28f2100144a1a1d38138b2c69354791538b8770162648ad3249928740a0c082340a13a0a804748b493a0e8515505a4b682a1454e2142da15dc9ab6b5302b9b5055665c64f54b309ce571d5af6128a7c807144d2049f2249301507a5f32490e80248950540a3603a1222931a40300a00080000632350f600ea02f6053b002a30f60802a2c780f000000a8aa03a8aa009005475162000d8b50eac3da074c000cb40000000000000000000000000540631300018800000000000000cbbddf5ad95b772e3ee8f16c07bcde5bd9db772eba2e0b8b3c86eb77737d73d5bb825e487223b9dcdcde5cf56f7fa61cbf8958449bc0a9b26f21dbb75c583042dd71780ae6d94b16932f4340c7327b4a64e9de52edcede38fb0ed349e6552b4b860431cb8ee1acf12e8ee5b5a7560f832eb9b64f355ee30dd87a727108d18938dc68c4a4e39162bdcd7b80d7ae32f3222ec465e5652a69e4f1255a144676251c7136ed3adef7678427aa2be59e2678de6b024e509f99107a4dafeadb52c3730707f54715f13b9b7de6db78ab66719f73c7dc7cf25b74f18ba94bb72b6f52aa6b8ac02be9eedd327423594735ee3c36d3f516f76d45297a915c27f1ccef6d3f55edae617d3b6fdf103b9270bab4cd292e5239d7ba0eceebaa8b8735078337dab967751d76a519ae7164bd371c9fbc0e2f5be9d7f70e12b2b54211d3a5703cf2a5aadbbd069d78e0cf75a9c7cc857216b711d3722a4bb501f3eb8aab2c78779ea37bd42fec2dd9dbda69dd504e6e589ad742da2bb1bb14d51ead35f0d4e575ae99b9b97e57e31d7074a69cd7b006fae59de43d2df5aac7ea87ed52a5d1ec6ed57637d37f44f3f89ca728287a72852e2f9b27ed446c5a95dbd084309ca4926b328d57ba56f2cbd3e936de09c7146ceb696d6cd8d8c72846b2ef37752eb57b6f7ddbb1a5c6096bd5c5992e754d96fe9f9cb7284b25386241c6b16dbadc8ba38e256e5a539bc789da7d0fd58b96c6f46ec5fcb5a328daf47dc5cdcc2d5db728c1494a6de545c2a545bd413d9ec2ced3e79ff0092e7b4e56dd493772dc9c1c78c5d0d7d6773f98dd4e5f2c5e95ec33bb72b76d493c27835403a163afee21171bea37a1c5496274775d3ba6dcb70bf27f97f51271c69f61e7b6f61ee6ec2c4739c92f6717ee36f5fbeaeee7d38f92d2d09056ddbfe9c93bb09fa919d94f5371cdd381cfebd7252de4b5a71a611af232d877b6d157acc9c2ae9e17f71d6da75bb97e51dbeee11bb19b51ad31c4838d6aee88b4be654a93dbd87b9bb0b0b39c92f6713bdbde99d395cf4637559bb9e9ae1fb7b4b7a6f459ecae4b712929b516ade9fde54723f506e15ddd7a71f25a4a08e74ad4e8b52c29abb97dc46eb93b8ddcaa9d6ad3c0b9ee2528e87c40bb63bcdcedee463666fc5251d0dd563d877fac6ff00670b9e86e6d7a9cdaf94e4f42b2a7b97765e5b31d6fbf81cddcde96e6fcae3ce520aebc7a6ecb77ffe3bfa65f45c354ba75de9bd3ef2f35db8d6ad3c1761e76e5976dd2547dab13b3fa7f75b8fcc2b3adbb4a2e5252c69c883835ae007a2dcf54e9fbab8e37ecd527457239f7e054fa2d8dd2d5b1bf197f24f3f881c22cb3052955e4bc4d73ee2fdd74edced3f1adb4bea58af7a33da8eb7e1924f1c6a5474fa5edddcea10505a7478e54e4be27b88aa2a9e73f4bedb4db9ee1e737a57723d14dd111553c40002a3726adc5cdf0553816e2e4dc9e6d9d3ea7734db56d6727f6230db8945b089aa08aadc4be28a249121224400000000000000000008000000005518008600218080600c401400001504e289004474a1e943001510510c02950283008540a054006000148006020a0542a00003010c5522db61049a2226e9866de48b2366b8cffb5015d1b6a2b8f12fb76e30c562f994dcb7a718e0bf732eb73d6abc560d768130cc085cb91b6b549d17efee02975b52aac7ef5fc073dc2a7f8fc5dbc17795dcb927494b08ac971f696c6c57f1317f4f0fe205308cae4bd458ff0033ff00e25965a8c9c69e6e3f71a199eec5496a59571eced034015c2e6a8b72746bcc572bce785bc17d5f008b2e5d507a7393ca2b3fe066a4afba3c52e1f2af8b276acea557e578f6bef669492545825920298c545e1e29f16f87c09a851d5e2c9b002bbd072555e65fb50cb382b91a3e3fbcbe7b8cd5ba36b397ca8a63169568f4b7e67cfbb9146084a56e5a259a375b9a653bbb2e6b5c7ccb3ee2ab1779b28e8a1d0aa12a9600c3b3800011d1c810d85799034323544900c6219003109c9473740254150cf3ddc23e5c4cf3bf3b9864bb0a34dddc46182c646193771d64f124add09a80108c0b54512512491445244a8492001241424002a0c18c089201301898c4805543a8db126000313600218ea020154600150100c540400026c6200481808063a0800e9800196800000000000000000000000000862a805062a8000000000187a8f52b7b086a96337e58acd812dff50b5b1b7ae78bf963c5b3c7dfbf737773d6bd9fcb1e110bb76e6e6e7ad79d64f25f491084005f6ad571964028dbac754b2245b71e05014ea5371d67dc5a54f199037734e1555e4c92bab89877d07ad3a614288dc9c1553c023b29a796272f776a6ee4a746d3256b73a9a4f06f91afd4a3a269d00e48ce9ca36ee79951f3289ec6b8c18462251b925fc473b3387991002d571714589d72c4cd50a81a94a858afbe389915c7c7126ae45e7801a1bb73cf06465b7af95d4876ac86a6e390118fa9625aadb941f38ba1d8da7ea7ddd8a2bb4bb15f560fde7355eaf9b10d309f601ec369faa367b8f0dd6ed4bf9f2f79d68ab7796b83525f5459f359eddf0c50acdebfb475b32941f630bafa5e892c62ea0ae38bf12a1e3f6bfaaf716a8b71157173c99dfd9fea0d96ee91d7a27f4dcc3edc80db7f6f6374a9760a5de66daf46dbedaf7af0ad5649baa5dc6e56e325aa3c7911d138e5881e43a8f4cdd5bb93bb283945b72d51c4e623e86aed33c0a371b1db6ebf12116fea58303c8f46b529efadfa7e169b949afa51d4dcfea0bf6ef49da5176a2e893cce9ed7a45ad9ab8ec37ae7171529703caeeba76e76bf8b074fa963103a13dd74cdf4b55f8cac5c967359548dde857a50d5b6b91bd0ce89e3f038ddc75ff4e45c7713bab0b7083d7c9f2034748d8ddd9bbbbcdc41c3d383504f9f1679e9cddc939cb172753d02fd457936e7084ed3c34e4e8574e97bd748b96dae3e0fcbf003957e0edc95b6dba2fde6fe85654f72ef4fc9622e6ffa9e44b71d07750f1da6af45f18bc4be5667d33a6c94d69bb7a5e25cbb00e26eefbdc5d9dc963a9d4bad6e2fec5a566e35c5c565ee33dab6e72515c495cab9babab5857b8a8f47d3b7cbaac9edf796e33a4756ba19e7d37a7ee64e1b5bea134e9a6597da57d35fe53617b76f095d7a21fd28e2421eabd34af322bd44fa6dce9fb0b908567726eb3715c0f2f1938c935849336d9ea3b8d9cb4d9badc5655c57b99dddb6e36fd4b6d3dc6f6dc63a1b8ca6b8f7328f30e5aa8a8925c176e675fa7ffdaec2f6ef295d7e9c3b871e93b3dee3b2dc255f9659fb0bbae6da7b7dbd9b36a3276a11c5a55c7b483ce8b8d560f980151d3daf5addedd79b5c32a4f1fe26db7bae9fd466adee6cfa7724e8a70c9b38b6efb845c52546743a1ed96e779174f0dbf1cbbf8057b2dbd885882b76d52315444a6f1a162c11490000577ae7a76e53e48aae56ee7eadf74ca3e144a08a2daae2cd30405f089722b816240480430000a00008620001880620a8540040201821000ea21d4000040030154006200000a8000000000000006619000000008750000000cc00001ba00c4d89e245ca8e8b16f804378e628a73f2e5f57c09c6d5719fbb816810841432cde6c90c402693547919eaed4aaf1a2c7b63cfd85f7271b6ab279f0e3ec334a729c936b1594162f1e7f002e9dfa7e1e3fccf22a842537ad37fd6f3ff004ae038a8ca7e2c53f2f79a40a6566318bd2bbd730b33c343756b27cd1394f4355c2bc4aae4344938e18f87bf97b422f2a9dd56db8f9a4fe55f7f2442e5e934a9e1afb65ecf895e9d0a928b4ab59c78b414422e744926d672f957c4b96de39bc65f532ea24b0cbb0527455a54228b52707a65957dcff89a4cf723ae0ae7678bb57f017ad351a24abf576777302eb97236d565ec5c599a729de7a783f917ff0027c02dda7724dd7159c9e7ece46a8414152280aa1b751a568dac970458a2dd75e35e04c00c728b83d2f1a64f9a306e2dfa52d4bcace96e6e2f24719fee5da5528c6e45a78a6519ecdc35c5d51ca5aad4dc1e68d76ee60556d4c0ae12a930861400a809aa9071e45950029f173645b9f365e2a10666a6f36c8fa7ed35341a4a332b64b417690d2056a04922741a40412a0e830015028300164300010c4300124150a80340150010c2a0021d001ba62f04002ed6679dfaf97de5529b966c0d32bd05c415f8190606c5762f26493af1308d01b71031a935c492bb2e6069032fe6a2b0728fbcb23b84fb7b9816810f563c701a9c5f102418056a1403a800065a00000000000000000200000000000000000010ce6755eab0d8c68bc5725e58a027d4baa5bd843eab8fcb13c8dc9cefdc77af3acdfb9762094e7766eede7aa6fec104302352fb56abe26016ad37e2791a10c02a1772296cb6f64524014d7c45aca638c981937571fa8e8ca7527e645db983736d6266780468dbc61ad372a25c195dd4d49be6cac9c26d3c0889c6f4e19e28d366fab8e993467bfa14f4d29dc4ecc62a326a5e26b04556c573fd4884acdab9d8ce72d517c8b96e651c258813b9b29af2e2669425178a6bbce85bbaa51d49d1769639eaf324d107280e84b6b6e7e5c199ee6ce71c562bb0233a74c513575f1c4834d66228bd5c8bec2466a8d36b2035466e3913f554bcc65575f126a69f102f76e13c9d0a67b77de3c892b8d012db6f773b27fe19ca3d9c0eeed7f57ce1e1dcdbd5fcd0c1fb8e1fa91979909da8cb2615eef69d6b67bc5485c4a5f4cf066d76970c0f98cec346adaf56de6cf0b53745f2cb1407d0e938f68d5dae0fed3cced3f584708eeedd3f9adfc0ef6dba8ed37aab6a719763c1854371d2b6bb9c6504a4fe6860ca65d2558da5db1b56dce78d64f3ec3a32b54c53688d671cd540f0b7769776b2ff003c1c7bd61efc8aae494b0589f40f52335a658ae4cc1b8e89b4dc62a3a25ce1804723a0dd7b5dbee37327fe3548c63c1c85ff003d39af4f776a3760f1f0e674b7fd2a51d9476db355d32d4d378c8f35e9cb6cdc2f46506dfcc80e92db74ddebff00b6baec5cfa67fb7de5177f4fef60f4c2319a7829c65f6982fe96d528f99dce9bbab9b1e9aeeb75739bf494b9014f5f7f97859d94728453ef38b08ce8ee4728f13b52eb70bdfe3dfd98cd2f9a1982e9bb1de63b2bfa25f45cfdaa51c394a89cb37f79daea6bf23b1b3b25e66b5dcef63dafe9fdcadc415e8c7d38b527352c1d0c3d6f70f71bb9b7945e94bb80c3086a6de5455a9bf6dd6777b55e19ea8af9678a3024e31ad73e1dc5db5dbbdd5eb7617cf249ff004acc0f4dba7b0b962dee3790d12b893f0ac7ec39f2e856f70b5ec2fc6e2fa26f1fdbd853d7b70aeee3d38f96dad0bd87312d2b5c5b4d3a604176e363b8daba5eb6e3db9af79e9bf4ded1dab0eec952571f1fa51c8d875add42e42d49fa91949474cb3c4f69154014dd150ac94dd5910a0e7f52b9e18db59bc5f71d038bb89fad7a4f82c1142844d56d154225e9c60ab2692ed28b92248a95eb69d1c927c8b62d3c9d48180e81a4040294a10f34a865b9d4b6f6f0ad7b80d407365d6adfcb1655ff0034f8440eb542a72e3d62b9c517c3a95a96680db5154842e5b9f96588dd57c40750a91ad40095455102025515440034c9462e4e888ca708454ebc722b7bf86ba41d55382e204e5249d0752b55baf5d1c576e65a0150a850002a15a098c03500000542a01400a85428201d42a2001d40541a00431052b980ebc8426e8e8b17c91256eb8cf17cb8044629dcf2e11fabe05b18a8e5c4900000109dc8c178bd8b8b0a914cefd70b78f393f2af8909395d747fd8bff931bb4e2aadd79c5654ec088c2d39bd58e3f33cdf77246884141523fb7791b53af85bab593e68b00a2f43e6c93cfb3932cb73d6b1f32c242a2855ca8a3c6a678bc2aaab845716b86005f72ea87852d52e4b877be052a33b92ae0dae3f2c7bbb49c2c3a62f4f62fbdf10b72709525826e8fb1ff102d85b50c567cd8ae4352f0f99645841c5d752cc0aec4a9e0e19c7e04ee5c8db5597b1716679ce329371f2fd5fcdd82a4b1934d3794a5c7e010e729df7a5ac3e85ff00c997476ebe7f13fb095ad3a569545f792cb2033cab6a75fd9ae4694d35558a79153adc5474ae6a9c0aaddc704d249ac78e4f8fb00d529282d52745da64b97e57308d631797d52f8223494ffc8d6b4b8f0ff4a2fdbe949d3ccf1af34046ded94578f05f4afbf98aec142938d141f9a9c3b7e269136a94793039db9b1ea2aaf32325a99d1a7a72d1ed5dc63dcdad0f5c727fbcaad10954b9330db9f69ae122a2e02298ea03a0c42018315408a004003010150c0420a950420a0400141053a8aa01400d485a9000055055036208750aa1000eb416a232928e2ccd3bce596082af9df51c162ccd29b9e64460000010c001b4955e0880233b90b6b54dd118aff524bc36b17f53c8e74e6ee3d5275606fbdd4f85a5fea7f0315cbf72e79a4d95800a80b0c8000b63b8b90ca4cb63bfbcb8d7bd194181be3d526b38a7dd816ffcb7f2bf79ca003e88000468000aa0301542a0301542a00020a80c040030155f20a80c550ab393d57ac2da2f4ad78aebe0b877844baaf568eca3a21e2baf289e564e5393b971d66f3ecee0c6527726f54de6c180aa032db766b8b042b56eb8b3409e198548a92750ad088eb502375d4a49ddc0ac01b298665aca62061bceb36fb48eb7c7109bac9f7917d8445d0b71b89b4f4b42b7665292a51a1db4d5b93e6549d022cdc3adc91512f51bcf1ef2cb96a29275a556403dbbad756292a95f825d85d6adb8c252aa754665801a6504ad28c1d5d6aca6339472642a68725e945c955b008eebea5ed46c57304d3c1f339ca30971d25bb855a69c52406c6e33f3a299ed232c60e86585c9c5553c0ba1b94dd24bdc155cf6d3866b0ec296a87535e974ad48ca309f9901cd0364f669e306679d99c334110526b226aef34560517a92790ead19c929b4069575a25ae32cd1995c5c5509275c8a2d7654b2654edca2ea8955a24aeb20d9b5ebbbdda51467aa2be59e277b67fabacdcf0ee60edbfaa3e28fc4f2f584b3c084acd7cac0fa3d8dcedf78ab66719ff4e658ed35e574ef3e6294ed3ac1b8bec3abb4fd49bddb52326aec5709fc42bdc6a947cc824e179699a525ca589c6da7eaadadfa46ea76a5db8c7de762dced6e56ab52525ce2c2b9d7ff004f6d2fe31adbfe87819fadf4ebd72d5a86da3aaddb54d2b3ef3b4edca3e57ef17a928f99151e0947d2935762d3e4f029934ab2e07d0aedbb3b854bb1525da8e6dcfd39b49c94a2e5159e84f06419defaf74fd8588e12bd355f1f04637d5f6bbbc37d6292e372d97f5fd8ee2f5d576dc5cad28a4b4f03cfe10aa9a7a80ec7fc258dcad5b0bf197f24f3f89aba574bbdb095cdd5f8a528425a1275f69e6714eb1f37cb4cea7acea3d5aef4e56ac474ceea8af51c80f2b39b9c9c9e2db6d8e71d385716aaced7e7ba76f7ff00d565da9bf9ede4297415756bd95e8dd5f4bc24110fd3bb5f5b75ea3558da5abfd4f23dae48e5745e9f2d959a5ca6b93d52a7d88e9dc7c02ab0002aaadc5cf4adca671ad266dea53d5a6d2fea667b70ef28bada33ef344675bd172869a468ab8fc4d70896bb6a6a8ebec742e9ae04a4eddbb76aebff00224dbfe54df862fb521c2f4a38c596ee7a2ce2dcac4b52ce92cce749cec3d3762e2fb4c8ebdaea73879b1ef2adf752bd2fc1924b8ae26185d5224e099062b97ae4fcf26caf5335cecd4cf2b2d10435b1fa8c8e9a663a45f102c8de2d574cba3b46a32451d1b77da781d4daef9d692c51e76336b336eda7881e8ee2a2f52393cc8d45b69d60d3c871b6966364334d549508bb896453294a6f3a2ec337b5bc373ac9cad9dd8c336512bd39e1054270b49678962a21eb6f25ed9c337e4f5e371e3d86a85b8c3242c03036c2c02090c098aa450f001e608580201854028804e5416b44a8b905172021ac35967b054021ac6a689a40e8821263ee0d3506e982557c803b41273cb05cf8fb0946df1962fec2c02318a8aa2240014015dcbb1b79e6f24b3286e575d1e3fc8b2ff5308b277eb8432e33797b39908c1392c7cdf3717d85b0b49632c5fd8bb88dd8d31e1c7b1f0605b18a8aa2c1036a398a13d4bb56682e3515593a2405138b84969cb38f7f144e5b88d3c2aaf9654ef2a9cddc692548ac97cd2f822e8d96f1b9fdbf103337abc527aa4bb305dc8d90b71862b16f8f315c86a5866b22bb33a78387cbf008b9ba62ca6e2d6ab4c962b9a2f7f619657b3f4b05f5bffe2b8fee0271bca2a92c5afb4aa4e779d24bfd1c17f53276ec3692758c57f73f803ada9573a2f7af8a0ab2dd951c5f89fd8bb8b251525479305478ac990b91949a4b208a632f4a5e2cbe6fba5f1344a4a2b549d17333de9aaa8ac64b37fcbda4636ddca35e5594a5f7004eeca7e54e317fdd2f813b7b7a535ff6acbf8b14ed2b6b545ba71e3ed2fb72d6bb56603ad294c8cf383b524e39378763e2bb99a6b428bd3518b84b16fcb159fedda05b19292d4b2fdc67b9b9ae16f2fadfff001e6574d49274729513c7c353542ca8639cb9b02886de52f1574d71acb194bbf911694d38c9763469d6962de1c6a6773f527ae2a91a52af37db428c128bb4f4b2eb737c996deb6a71ed5899e2ca35c65de4d3ec288499727502681bec121d003d8030208d409054a234622420163c8061400c4588c0058886002c43106200c4588c6046818922bb97630cf3e404bbca277e98471ed29b9765733c17220036dc9d5e2c00600000807404577afc2caacdfb16672f71be9def0af0c79220df7f7d6ece11f14b9703977b713bceb37ece052003a88008000000001540751000000001f440000d010c004818c4c00000004310000c4000070fac7595b6ff0006df1baf8fd2113eadd616d57a367c57a5ff00b4f32aadb949d64f19488a78b6dd64fccf98ea10c045d6ad57c520a95ab55f148d04095429e645c460410c47992169e405370ac9ddccac01bc0aa39164b2209d22d81cd966cb36e939a23296a757896d970855bad78111196e2524e2e94e45745c1fbc34b426c20f4e4f245db95e251e510d4e16935c595ca6e7e6c7f78114e8aa596a9724a2d56a4295544fde5d62d4a32726a9440552845ba45fbcb7711d318c53aa4b34664f125a9c788092c2a38b7554e65c94656dca5ce98602b308b9a6e582e603bf34a6e3454446dc60e49b74a732176ba9b7cc8b5402dbf5d6e5c2a11bd38f6a1eddd353792456e4a59af701aad5f5374a5197a9f0c1992c4629eaae3c0a3c51615d095bb73cd51944f66f383aa2b57e71c1e28d16aea9d5ac28518e56e50cd5081d453ae7468ae762dcfb19073c65f3da4965894b8b8e6540a6d135713cf02a002fcc6a4d19fb89ab8f8e20685779e23a425d8ca14d3cc977013959e42b73bbb796ab72707ce2e825368b3d4e7881d5da7eaaddd8f0de4af47b707ef3bfb4fd4bb3dcd2326ed4b94f2f79e2b4c65d842565f0c42be9b18dbbb1d5069ae717523a271c9d4f9bd8dcdfda3d5667283ec7f71dcda7eadbf6fc3b982b8bea8f865f003d62bad67815dedb6df74a9760a5fbfde65da75dd96ef053d32fa6787f03a0ed464b547deb228e55afd3db5b57a37a2e548bd4a0f155391d6b65b97b89de706e0de128e381ea74ce3da86aed33c00f03195bd3a649d57144b68a72bd6e369b5394a29347b4dc6c36bbbc6e4137f52c1946c7a1d8da5ef5e12949a4d454b81076122b93ab2c6e88a8280028ddddf4ad4a5c5f857b40e5deb9eadd72e1c0ba08cf6a26ab68d22f822d44625888021b88c1da93b915254e25866ea33d3b76b98578f9c28f0c051bf387696dc46696641ae1bb8bcf02cf52323138a7c015a97c8c0d728a664bb6d549294e3e6fb0aeedd4f122a35947b49c6f2e38327636f72f6582e6cebedba6d9b7e29f8e5db912f690918acecee6e718af6bc8ebed7a6c2c2acdeb97d85dad4172463bfd52ddbc2359cbec33b6f0de48e96b515819aeef611cdd4e25edf5ebbe67a572446cd89dd7e1f7b353afda5edf4ea7fc8dbaad55a646f56946b8d7f98e5c76b0b3c6b32eb70a717dd537239eeb7290f5142689a2e0bb50d15225518ab2a3456992a8134c6406990480551d40062a800c644680283c855e034b98409d721e0b17906ac68955f2251b7c64eafec02a734f14e8ab493e45d18a8e095085d8fceb1a79973416a5f2e7c62fb00b4044677141d337c967fc02a7919e779b5e0c17d6fee5c48cb54dad78d7cb0f97dbccba16d47178cb9f2ee0298c1c56a4b0e2df999658924b472c7bd732dad31289c7435a7be0ff007aee611790f13951aac58fd58a8ea6e88a27394d3ad630e4bccfe01026d49e97e5c1be0d7f014612b8f52c7f9a597b11642caf9a9d91597f12e033db9699b6f8f85f635f71a4cf7927e258f095397f0276ae55524f14b3e6b9854a75a787328ba96a5c252c69c9ae239ee1bfc3c3f99fdc850b15c65549e7f54bbd844252775d26eb4f95655edf8175982a29672fddd858e1171d392ec28849db9525dd2efe615a4aae253f0652ce2cb4a2e5e49d20b5497b977fc008dbb9a309609fd8f8a2172f39e1e58f6799fc105bb739d5d737572f823428c6d60b8f108a6cdb8b78f0ca3c3bfb4d2669c5da9271e38c7bf8c7da688c94d6a593023841524f329c6ccb9ae1dabe28b2f4e11a292acb8456666d729cb54b1a708e51efe6c0b6edf6f0861fced7ee5c58adedf8cfc31eff0013ef7f712b14c5bc67ff00c7850ba524a359d12028bb6e3a7541787e64bf7f7a1c770d468d6a9af73edf895b93b8b4c2b183cdbf34be03582a704511a393d571d5f2e0bbbe24c8ce6a0ab2325cbd2b982c1145b76f2a698e651108c5a26a204a05f165312d8816a1914c2a0482a15130180642a800c42ab01d44da0000ab13630010c550006045d7805581214a4a2aaf229b9b851c162ccb29ca6eb27502eb9b86f08e08a330000001800c118efefe16b08f8a5f601ae52505aa4e8b99cfdc752f96ce1fccfee30ddbf3bceb375ece05640e52727593ab10010301000c0400000000000000000000007d10004a556d720d1800000000080620010c400004658a680e175aeb9f974ec58fc479be479257da6dbc5bcdf166eeb5b5958dc3ae52c51cc69a222e5b8e689adc44c951a611d3b3a658b352954e3c27434c2f30ae86a1d4cd1bb52d8caa1568548d468090e9808750335ef31593baeb22b014b2214ac5a253c84a4a31abe00609d994334567455f8cbb0256a171569ed44473ebec1d6b9e2597ad46dba2654e3ed08bae4a324a29529cca9c5ac591a96db7a6129202b86324bb4b2f5c7add300b7734bd4d2641d24db5c7980ab5cc6adeaf28a49ae05969d2dca5ec025722e16927c5942551eb6154f35ee005368b6f4609a54c7b08c6c55ac55186e3ceea04e2a2adca8fc4ca12c43245b63c4da965402a2f7271b51e6db2af0b7c8b2fd1a8a8629202a6e2f354ee2e8c62adc945d64ca38046adaa143d5283e45b1dcc9612c42fdcf1b8f0452a8fb083742e2947527444f529669332dc8ad0a30c69994c6728e58146b96de13f2ba3289ed651cb11c771f523529aa2c73e64573e8d6623a4f4cbcc8a65b58cbcac2318d619164b6f28f715629d009a9f3c492926540517e24a3268ce9b59135739a02fd75cc34c659152698f22894acb5da6ce9db9dddabb1b7b7b925a9a5a5e28c6a6d1dffd3563d7dcbbaf2b6abed79107b07877f113a3cc620d2b76966b01c54a2f1c49801294aa440000e5f53bb59c6dae1e2674de199c1949debb29f365175bec34db451046a844a8b51344522688a673fabba5b8a379cdeb2fc3103cf5c324b335dc31c9e2413e25d1c8cf29a890775bcd9346b735922cb76e2f1950c2af69ec25f9993c208cddadcc8ebabf0b7d85373aa530862ce3ca75c64ea4a2e53c22a884e9f697bfd355ddc4ee63764e9c856e329e10545cf892b3612c597adcb8786daa769b616dad9282d575d3bf3375b5fe3ac1351e7ccc16612bd2abc4eedcb6a1b74a868731324995a44d20aba322d4cce8b1302e5227533a6f9134d945aa44d48a9364d36416290ea41120243a91c0640ea188240bb009541272ee1a8f31eac691c5acc21e1155791072d74a3a26e8f992c232c7c52fdc2bb1d3e3e0d527f1f6016c62a2a8951122bb727e5966b8f35ccb000cf28e878615758f63e4593b8a3e158cb9229d5aa5aa557a7e9ca3fc409ceeca9969e6dfdc285a6f3aa5c7ea7dec95a4b53af9b83ecec2cef029b9050c16107ffb5f065b096a58e6b06454d5c7a69835ef2b5584b9c97db1e005d286aa734537269c5db8634f9b820b9294de9c69f4c737dfc90452d51525e1c92e52ed008c35bac5513f9be1f126eca4ab058f6f12d233969021665f27f6f77f02d6ab819ee2a524b04fec97f11cae4e4925e16f37f00894a6ad3a3c65c22b328b707254a26d37dd1ec276ad292ae516fdafbd9a52a2a2c120acceb6e49cb16b972ec34ac71442e4752c3358a2ab33a785e09e4b93e405eeb4c33335d7a60a53cfcb4fa9722cb97d2aa8e2d66df957795c6db9caadf8a98cbffaae010a5a9ff8eadae51ce9dac2769db8f8a9a5e182f29a6308c308aa092cd4f14f001c27ad578e4c66555b32e745ef8fc5174ef4639789bc92fdb0007e35257308ae26685c925aa2e9abb3ed5de3a4efbf162964be45f164a719da6aaeaf38bede5f001dbdbfd58279fd52ef65ae4e0d422969e41ae0e3ea374894cef4ae611ac63cfe67f0288cbfc771c60f2c57657e560d393d53757c392f60462a2a8b014a6a18b6048a2e6e5470862fec2ab97677305e18908db6503ac9d64eac9a88d44b14008a8a26a24e31269011512490e83010c541800000000860188aa0d11a0121064202420a8b2018985698bc8a2e6e3843de05b3b8a0b132dcbf29e0b0441babab150040000003a09b51557820195debf0b2ab374ece262dc752a5636717f57c0e6ca4e4f549d5be2c8356e37d3bde18f861cb89900081808603010c00000000000000000000000000000407d188c3155e65572ea5174cf8138cd2497227cb49811f5107a88a24047d488bd440498aa47d441a9302551548d42a04aa2a8aa26e98b032eff636b790d3753c3292cd1e6775fa7afc6aecb538f6667afd55c909c3562fec08f9bdedb5cb2e938b8f794d0fa55cdbc6e2d334a6bf98e3eebf4eedaee30adb97d8078f4e859199d3dcfe9fdcd9f1416b8f389cb941db7a64a8f932234c268d1091cf45d0b8d056f522c4cc90bcb8e05f09279055e98de441126f00335cf332039bf132350092ae05cb68aec6916549a44bc2f2c00cd776372d76f799e9383c9a675a37ae430ad576e2495db73f3c69dc071b7326e4ab9d0abb789d9b9b2b7b8c60d37d99986f74fb90c10467b4b5ca8f1469b9b7a434c4858b72836e4a94435b87c68c2334adca19a647337abb17d9de5776318352d3520a6f4a92493c903b9e1d2f2ec21724a72d5911a500718b93f0e2c8b4d665d638b7c110849c5d6b88165f7a74c7922aabff00d47725add5fd81a254aac80518a9ba6552fb50508c9d5374a10dbc5eaabc922bd55023de04aaf8e3de49414a3aab4e004ea95b4e4aadbe22b3a3555d47792d318c5d52a9420253556de756279204dd4b6fb5aa94c805b7c1b9724435b79e25b171506960d94a8b4eaf2024945ba3aa4597d55a71f2a4515ae25d571b4a99b604237251c99743709b4a48a2b5256943526d81b7551d2a824a12f32315d52526de5cc71b938e4ea80ba5b54fcaccf3b338e68d16ef29ba64cb94fb6a073846f94613f32a154b69f4ba81986a4d64c73b528e6888162b89e6bdc5f667721253b12a35f4ba332ac70252b325da51e9f69fa8b710f0dfa4d7f32a33b9b7eb1b7bd9b717db8af79f3d57a71c1baf648bedeea9cd01f4c8c94d6a834d735881e036fd42e5b75b7275e71789d9dbfea592a2ba94bec6557a71182d758dbdc556dc7bd7de5d3de42958564047a85ff4ad695e69f857de732d428916c94af4b5dcc5fee2d8c0aa76e2698e4420a85a882489a4de442ba536f82a9e2b75badc5fb8eeca7255c9274497203dc697c8e775a8356a32a1e365b8bf56bd59ff00715ce776784a727df264474ae6261bb55919dc65cdfbc8b8cb9b06a72935e678be42557910d2c2b221ab5452ed64ae6fe6b4c6148b8a71aae4ccd590a1583af108d362d3978a9ef3a56acc562f167296ea7c4bedefa99a2abab428846ac71bf1b90ac5d6a6ada5ad4d1474361b7d2aacdbbe7a6d25cc959869453d49e50415cb4912541a81351281344930c112c0a1a9124c8a491254025526995e03aa405a9924ca549134d220b10eb4cc8c5b6e8b165f1b54c5e2c82318b97622cf0db5c904e5a689672c109469e2ce5fb65c8206e79a544b83cdfc0506a9a63e596317fbc929522a53c3990845cb57ca9bd515c9f3f6845b1828e48915ab9e1af15835da12bb4f0a55972f8810d2edb515c31877718929dc93555e15f6fb084754e5abcd2e7f2a2528b544db75784b94b80510b55c1f863cb8bef65c95304a888db9eb58e1258344c0cee2e124a39e70fbe25f192924d15de694692c1fcb4cea56fc5e1756de71590127773569579be0850b6e5e24de39cde6fbb91276e51554eb4f91643b325e5f6c7bbf8016460a0a912abd0f9b83c24beff61791c23593f2f1a8542d4f52d2fccb3f885cbaa2f4e72fa57dfc8a173555474873687a547069ac6b25c5a081295d955e2d65f4c7e2cbbd18d31c65f5162c15165c000cf09b849a9615c25d8f9fb4d05172935ae992f1770bd594634c1d3293e4059724a1e26e9fbd9436e72758e7f2fdec4934f53ad65829bfdb03459a68a2c29e6ef0231b29535d1be0b87edde467176a49c7fd3f02f924d51906e3753857bbe21138c949556446e2528bd5825c79144272836b375c5726474cafcaaf1a65f42f8b0095c775c6992c753ce5dcb913b76e325a9e117c171ef1a85bad258c9fccf3f61084ddb6d495537e25dbcfda0694aaa91c2866bd71352b71c65f647bdfdc139cee7857861d99bf80a3151548aa2e4506955ad311919cd5b55918ee5d95cc1611e405f7370a38471666a393acb160a0f996460f9940a04d409460cb147b408c604d468351a716369200a76050555cc7440301510c01b13630a852000a800008018b10001e227de1413928aab080ae738c72c595cef3782c11500e5373cc885000403001011b938db8ea9ba2399b8ea129f86df8573e241b771bb859c1bacbe94726fee677dd64f0e11e0535020004150180860031000c620018000000000000000000008000000407b7963251e5896542dc75a773ea78770b1583333eda3a85400d0000005520db8baaf71322c0942e5556a4dce866a51d6399384d3c80b7549f67ef1a8a58e6fb48549260595a8548d42a04aa046a301382cd60fb0a6fed61b854bb1535dd89780479edcfe9db527fe19383fa6591c9dc748dcedf170728f38e27b7cf3c45a793a01f3d44d607b4dcf4fb3b8c6e5b4ff9a399c8bdd02b8d89d7f966072617a4bb4ba37a32c1e0577f677b6ce9760d76e68a93e404a6eadb2250dd1e0495d7c7122ad022ae263a813526b225ea57345551a02cd2a5916c6edd8615d4b948cc4949a034bbb6a4a9354299ec233f15a7ee16b4f30d0b38bc7b02324f67721852a557e2e0a31e28ea46fdc8e12f12ed094ac5dc26b4bedc80e27793b6bc4a8742e74d4d6ab6eabb0cf0dacedcab2e0115cae694d53065292793f7834d0801a6b32dbb8462bb2a5716d64cb6fc94a54604217251583cf9918a4da5905393a92b11acf1c910295b92edee2c9276ed24f06dd4a5bacabda4e5372a278a02156f1e23ad73c4718a92ad694e610b5294a8059184633557da5576ba9be15257a4dcdfb88628055e45b6336de490a115378fbd124e2a0d2ad5f302baa78b5f7165d719534e142aa533165900e9a5638114aad2e65edb8db4b991b538a7568077a6d4a8b8604355734125aa4dac6bc052c3002eb118d5d1f8a9814b4e2f1c0b2c60dcb922bd4eb5026af4a39e268b5754ebc1a323a712f8417a6f462f881a15caf264656e13e14316317c8b237a4b078856886db4cab9a45ce09e6510b89c75645aa75e4c08cad573c4a276299606b524c74a81ce76e51fe0357a4b078f79aae516599538a96654596777a1d53a7ee3b5b1ded65a577d0f3be9e9c56476ba5d8d16fd579cb08f62fe251e96d4d4917a4736cc9a375b9d4aabd2244132499152470b7dd2545b95bb918a78a84b3f61dc23284674d493a655411e56df429dc7e29c63dacb5fe9aaff00d681e9b447921a8c53c52f701e02e6c6ec1b4d3c3920b9b0bd6d27259ad47aaeabb16dfad69b5cd2381353554db0639de8be62f45f336bb62f4d90c63f41f30fcbbe66bf4db25e8b06307a0f9925b73a30dbd4d56b68065da58795303bdb5b2a057676fa4df6e1428d3651ccdecf5dc674a72f4add5e6f2392e2d8542849226a2d0d26510a2e4492ec268914410c9d028043d84931e425593d31c590493a16dbb529e2f044ed6dd2c658bfb09bbd052a675746f82ef610d69b51e4bf789ea9e7e18f2e2460b16e78c97d839f85a93745cb990294547c39425ffb65c3de4f5c9aa53c5c6b9779170771525847971276e6dd632f347ede4ff6e2102b78ea93d52e7cbb89810d7ab087b65c3f880ae522f53969ae1de28db4db86515c39f6b2c8c143178b7836cab184b4e74c61dab8c7d815a16182c909c54938cb2798e2d49292c990b928c55259bc92cd815a6e12acb16bcddab83ef253bd856397d4f2fe242b272ad3c54f2ae1decb636b1acb17c39202a8aab4d3f3673e3ddd8688c141512c0a6f2d2f53f2bf37672916db936a8f3598126f4e2cced24d38f964eb17ca5fc4be5251556e8bb4cd396b5a52d316f2f9a5f002d77d3554ab2e44344aebacb1a7f6af671659e9ca58b747c97de46dce8e8f26e8fb1ff102d8c1471cdf315d8ea5559acbe04c838bd555efe405766594783f2fc09cee46daacbd8b8b289b8ca52717e1cdcbf9bb0942d39bd6eaabc7e6fe01109ebbbe06a8be85f7b2e8dae33c5fd88add6d492cf976f34fb4d09a6aab26149ad758cd562ccf193b72f162d67db1e66a796066bd3c6296334f1a705c6a11a1b515a9b4a3cf819a779cfc9e14f2953c4fb97de28dbf53058a5c5e4bb8bb4ab5e258c9f160678a8c68a49c635f1279e3ccd746b04a897033df9251f51e75d34fa93e027af4e872f0f667ef00bb28eba416a9acf92ef1453ab949d64c714a2b4ac122372e46daac99448cf7772a384317cca2e5e95dc328f21460552a393d52c596c600a25918f600289628845509a691340904a4a0aac8fa8e58432e60a3475cdf3282b39762fb45a577f78c020c088c402726b1cc942ea911335f8b8ff921c33406fa8192cddd6b345eb10d260452740a3025909c911a73615410f520aa212b9145329b976016caf258451449b93ab000840310082832abd7e165566fd9c482ca18b71bf8dbf0c3c52fb0c5b8df4eef863e18f619082776ecaf3d53756575010005418800000068644603000001886000000301000c4000000000002a80300003e8162e5bbb04edb4e213854f1bb0ea573693d4b18bf323d6ed7796f756d5c83aae5c8ccaa8b4e2c65b2894b5a4d2980aab893c17613535120f1c89301c885288834d62b32d645954a172bdfc8929954a35c566455c4de97830346a25529a9252605b51a915d4698166a1d4aea4aac09d42a431002751349e62a8c08e8c29c393306e3a5edeee2e1a5f381d1a804796dc7e9ebaaaecc94d727833937ac5cb2f4dd8b8bed47be714c8ceda9ad2e925ca480f9f0d36b23d5ee3a1edee55c53b72ecc8e46e3a16e6d78add2e47f973f701ce573993524f22a942507a649a7c99120d0050a6d1357798558151269e43024a6d06a4f3222026938bac1d1f6172dcca949a52fde6626a6f88d164958bd83c1ff319eef4e6b18e5ef458f4c9128395bf23682307e5a6a49345779f8d9d78dfaf9e35ee2b96decdff002b55e4f060c720b217251c99a6e74f9c7ca659db943cca80470ae3830a7b4550222e6b4da49e6d95c70c504a4e893c4555dc01aab8bc494e0a2e95c73a042db934905f9566c09db8b842537c4a53e04aad21c22a75af0e2046b4c2a4f4c74a934f1e4434ea744d165ef0e98ae080776926b4e49645419aa8e2dc9a5fbc051559244eeceb2ec44e2e16e593c0a649d6ab14058ae2d0e34a54ae30af6a136b816597452901532e7e0b69717895a973c49dc9a9d38500ad498eb179e00e0d2a8a2b53a01a2ec2908a8e450aab2c09dd9565459221502c8df6bcd89b2dd64934618454a4933a15d11a0144dd59106eac0a276adbbb28c239c9d0f46a318d211f2c5511cde956b4eabef35e1877b3a512aaf850d36e466896a9155b6322c5232c245c9905c98cad546809d506044310255e19a30dee9f6aebac7066c13c40e2dde9535962677b292cd1e87142cf34981e7ff28f9138ed1f13b8d478c48f87e9039b0db50d10b1c91b1492ca2277a5c12411186de5dc59295bb3e67565329ce583915e84151bb72575d65970457a4b5c6a2f4ca2090e84b476851a288e031e2302351a43a31624d0e16ddc95325c4d5e0b2b92fde67b32d32c72668bb1af8d62e3c3b388442559a6e584797c471d37218795f01ca718aab783cbb471b729f9bc2be959fb488843538ea4eae1e16f9af8a2c84127ab37ccb1251545822b7194708a54ceade4009fa69b9be387c08d5ea5392a60f4c7e67508a6dd562feb7ffc516c60a38acf981096a6b4ca894b058fef2c84b52e54c29c852829ad2f895c24d3abf32c27dbca415795cd6b4d56928e29929cd43b5bc922a9a94a9af1abc23c3da0109d63ae3e152c5d783ec08a71f1d30e35f332d8dbc754b17c397b09baf002ab2d25a57f527cd1719a50d124a3826eb0efe2bda5aaec74eb6e8b8f600da6fb564d1446b1935178c70c793e0fb472b92b9ce29e49799fc09c2cd152597d2befe6054da93d55ab4fd9134c60a3dfcc8dd8555639ae1cd721599d7c3fdbfb7601699eeace6b2ca6beff0067ee3419e7793ae8c1719bcbd9cc2a71bc92a4b17d9c4aa53771e99bff004afbd9285b6d2e11e1f53f813a47f0a944c2236a09a5278be5c8b64ab533c26e127ab3584fee91a5a08ae70f5169ad24b14f932ab775430960ab46be997c095cb918ca9055b9c5705fd442319b93c7c52c5be18720a2e5e94b0558c5e5f53f80d599423aa89258e959fbf996db8c60f0c5f379939dc8db5aa6e88229b324d68ae58c5f60ae5e5e482d4f8b7e55fb722b8c6adb6b4aad62b8a2544951608a22a18ea93d52e6f877722442e5d8da5593f67130ddbf3bb8651e405f7b74a3e1b78be7c0c8e129bd52c5928c1f22c8c1f20a8c6d7616c6d928c3b0b63163550502c8c512748aab7421594f2c173e210a73d2e8b17c815b72c67ee44e29470400151360d880620154a805506260151301303145fa53713a10955187790ac54d671fdc3db5c4d531234e8540ae2df214ae532c40b1e18b2995cae456db605400300000022103c316537f756ec2f13acbe9472771bb9dfc1e0b921a366e3a8a8f86d62fea39739b9b7293ab0110210c40210c400c4362000000000002402180000000c400301000c040031000000000000015c1fb8ddb3dcdcdbdcd566b5e5cce5b676fa769b76f5e7296472b726a6e47a45bef026d524f34f814abd2bae91f798657636a3ea5e745c11bba76f2c6e22fd3f32f32e2627b76bf8665b5a230d38b255a936ab895bc0ef263a48620a81548437811a8d4264276eb9fb09b950ae5712229c258e996658d6273f73b84a3867c0bec5fd6b1cca34a249914ea34ea04d32552b1a02698f510ab1813a8ea4106aa0121d2a46a188130228604886843041145edb46f2d3722a6bb51c8dc740b373f0e4edbe4f1477c4f103c56e7a3ee76f8e9d71e70c4c0d3583c1f267d09c570c0cb7f636b71f8b052ed5981e1ea495c68efee3f4ec5e3b79d1fd33391b8e9db8db7e241d39ac51052ae2e3813ad4ce150340152b8c9ab8990d396409b42788caa9a9f30a4644000b6339c304f0e4c9fab092a5c8d3b56450a4d12d7cc2096cadddc6db4fb8c973657219626bc1e289c6f4e3dabb40e44a2e38354608ebb95ab9e7547ef299ec62d560fdc311cf8e0ea0dd5d596dcdace1c2a52c80c1e45d08b842527c4a4927458011436c551a8eac101294528a6f06c9588d65aaab00bd8351e48a9618803ab750781282d52a3c50a4a35c1fbc09c12945b96341b945c34ac184969b692c4a500e94cc4fb0752d9522d615009bd1151446175c5d730b8f53aa2bc8093a49b6b889aa0875680bb6d1acaa68b92a91b5e55cd8a6f1a722888d62e8b311d0e93635def525e5b6b57b7801d4b76bd0846cace2bc5decb23163c5babcc9c51a54a25b1656913482ad8ca85d1919d22c8b641a148752a8c9934d8134c752151812a8548e215604aa830223403a117143a0c0adc48b89651880a9c591d2cb9880a74b07165b4101569ec0d25941328851851930021461a49e214641071c0d362e6a547e6451a584538bd49e411aa36e31754a8c98a2d495510949b7a63853397c1044a5351c1e2de4966474b9f9ffb565fc42de9ad23ef2c00002329a8e0b197d280936962f2297252929e514a9a9fcdd826f1acfc4d66a3e58965b49c9eac64b15ddd814a16dbc9695f6bf80a7051c161078773e0cbc8b8c68d4b2602b72d4b1c24b0913a19d394254ce51c3faa3f11dc7269d5d22b82cdfc002ecd493b70c5f3e11f68286b7aa0977be24e165457897fa565fc4b40a2d4d6afeac3b9ae05e517a29372f95e12ece4cb212aac5e2b3f88512934ff0077694cd284e8be6f12ec64e575cb0b797d4fee442ddbd5575a2fb584293775e978f62f2aef06dc24b56328f8b0c9afe068492548e08ae7094e3fceb18816ac71414e25162e70c93cbb1f144ae5fd3e182d52fb177b02379a7157726b0c78ae4424e4968af753cddc25593d4db94b849f97d85d6945475473783e75088c2c5178e897d3f17c485c83b725a704fcbd8f97b4baeb828af51d3b171f894b72bb4d5e18aa351e3873f80137b8aaf047179eac97c4ad471d4dea973f81265776f42d2acbddc4a2ca992f6ee9e1b58be7c0cf72fcef3e51e48236e991150f149ea78b2d49928db6f996c60ca209164604d47b825250cfdc829a490b5d70862fec40a129e33c17d24f04a8b2208ab74c64f5324dd4045402a808a800040020a880041510031360d91a804a92547c4c3663384dc73a1b5b1053736f02341d0000600100c466dc6f6dd8c3cd2e441a252515593a2e673771d45bf0d9cbea7f718efee2779d66fd85400db6eaf1621888108620100000843100310000008006021800ea20018c40030000000000000000000001000c0400285152aaa99b2c5c8d883b94aa8e5131ecad3bcdaaa49713bbb6e9d6e9594dbeca1e7ed64e58ae15ebf3dc4b5ceadfd8836b7e5b79fa907492e47a45b1da4138a8d537569be25d6b6d6ede36ad463db4f892779f0bb1a363be5bab7a9a7192f32344a71e664b738dc93829a9359a8f02ed318634f79d25ed7e1a9a7ad2139f6fb8c93bce6f0c88e2cde7dab53bd1895bdc7229a099a1295c932a9ce8aac937432ca5adf6114abadd5e5c0becba7615aec2c8a48a3a16a7545a9a30da9d0d519540b6a34435572255a012a92a95a63ab0263a95d58d013a8c8a18124046a15024188b520a8121545504809884358009a4f323a15307ec26011cddcf4bb17f19c28fea86071f71fa7a6b1b13525f4cb067aa2b925c4a8f097b6d76c3a5c838949ef651525478ae5239db8e8fb5bfc1c25ce39130793758d092b8f89d3dc741dc5bf15b6ae47b3339972dcad3a4d38bed209292648a069b4157054ad5ce64949320954929344002acd49825a718fd8563a945eaf497996a232859bbd8f9320a63c18155ce9f4c62cc93b338668e8aac7cae84bd5af9e3ed411c8276d272553a32db5abbe5cca56d1dbab20cb724e52a90c1f60e5171cf323508bad469597614e6c6b0cb3277289d28046b4c09695a353cebc0852b9165c5a524046dc549e6175d64450d3ab40442a4e7149b488d001344a307378114aa5b63372034afdc53996374456501e8f63b7f46c24fcd2f148e2ec76ff99bd183f2e72ee47a4d7a9d4b14922684491a54a289e0413a124c21924c8d469905a9934ca532c8c80b50c8263a904c642a3a8120aa2351d40750421a0a282a0c008d044c8d008d04d13002140c099160201d3b45401112580600472cc284a887800eccf4cb4bc9974d53c4b87997346771897da9ea54e282251492f0e436d2c5e0882ac3c295570f811a393ae1297fec8fc421ca6e597863f53cdf7208dbc29e58f2e2fbd938255ceb2e64c04924a9c0a28edcb42e18dbeee31f81a0aef534e383ce3cea05916a4aab22b95d594716b8f05fb76106bbeaf1718f3250516d7d34f0f7852841b75ae3c64fee43b90515aa3c3cddc5c832750aaed4fe5ecc1f34586671f4dd2393f143bf8a252bada54f0d7dfec0894e51849d7c4dfc88a6116d254d525c7821a496146b8cb9b469a2e19760153b317837e2e0f910b73716f573a4bb1f3f697b8a655797fd55c309ae71fe005e42728c3c527448a95d928d12ad3293ca84636e537aab8fd725ff00f2808d7549ca984a9487174e3d85b0b3c67fdab2fe24213d136de6bc32fb9f716ce51b5e293ee5c7d8540f4de4e14c39f26516a7275945aae3197274f990e4e573cde18fd2beff008124a9901150a3d4f1973637ccaef5f8595e378f2305cbb3bef1748fd28aad37b774c2de7f5195a727578b7c471b4916c63102118cbb0ba3064a31ec2c8c5f222a318be64f2c5bc08ca4aba62ab2ec1ab5c678be5c1110ab29e11c17d4c9460a1967cc93620000154a804c18994020100080550001544d80ea2a8aa45b01b64460900050600218500802372e46dad5374463dcf5085af0c3c52fb0e55dbb3bcf54dd581af73d46573c36fc31e7c5986a21900150100c40201880004263130010c4020000100000c0000000000000000000680400301000c40000000000000476f350952153bb614a9aa4e88c5b8da6d768e13729a525aa2d5251f799b7b7eddd9c55a94dc68abaf2f62479fb4f662c779f50b3697f897a92e34c8c9b8bf2dfc7439bb6d708f97da79f6e5ea3a5755781dddb5b6a095df14b993d3385cce1d2d85a8eced2b71ef72e6c95dbaee3d31c8aecc9528b15c99a6dda8c72fb4ebd7b7c766a556a141d0b5c44d237b234a9a0706955e04f569c97b4cd76e63a6bde057725abc29f7892481469950650f043a91788d2604d36b12e84ccd4a1382035c675c8b6251165c809d5124fb08a90c06310d012487412055e203a0d21000e83af69024806151603aa018545a906a410d3a810d41a8d395b52212788f510654d000010885cb71b8b4ce2a4bb49898c596c726ff41dbdcc6d376e5ef472b71d17736314b5c79c7e07ab026353bfdbc1c938bd324d3ed11ee2f6ded5f54bb052472b71fa7edcb1b13717f4cb1466c6e595e7549a24ae7334ee3a5ee36f8ca155ce3898882eaa632824a6d055a0415c4c92640d36896be64002adc1938dc9470cd726508926d016b76ee612546517362b3832cd481556317465462fcbca32c722ab8ead9d65713f3af6a2bb9b5b77318e6072fbcb60ea9d7244e7b5943b4869708e3c58456596a2dbaf22a1a74c8806c552cb8972c4ac07534c229249646751ab354550a14de342215a93b369de9c6dc7393a01d9e95b7a5977259cf0f6236fa10edf793d3a128429a62a883c5d87493c3876ed7515663dbef24adaedf78f1e418f22e33ed4695dbef1e95dbef0abe415187b53487442d415187b54e25a9942913524317daaf54269a294c926317daaea8104482ed4885eb9a23abb50ca775f87ed44c373cb4427a954b0cef070a7697d4cd76977ca421541b2298508d413614f206e80bb40059853b46260464c8d493550d0041cb809b64f43168015790d21a80f480b108f85d512a0500b9a538d13cd092d51a649612446dca8e8c9cbc2f5fb25ddcc22518a8e432bb8da78ba2e4b36469ab07fd8bef611295dae10fee792f891841bc571f99e6fbb9129271559631e314b0489c255f0bcd7dab830a145455228a671a3ae51967d92e668233a53c5e5a5180425a963835984eea8e0b19724510ad136da78aed92e058ad4a98787b39f7810a4a72ae0dafed8fc4b63051c737ccaed4f175c2af15ca45e055760e494a3e78e5dab90accd354593c63f02d6e9da656e2e72d2fc34ab7ca40699ce36d564ccd7272b89b97861f4acdf7fc0942db9bd5ffb9e7ec44ae5a515aa0b159afa97c406ada5473f64782273d4d7828bb4aaddd495258d318be6be2465aae79f08fd2bef085392b938e8c695529706b976e23514b2245576fc6d79b3e48a26dd3179196eee9f96dff77c0a2776579d659721a805434d5d658bed2692e04a36df616ab6f80118c6a5ca086969129b97917b5e44126d4316c8d25733f0c7ed251828e2f17cd926c0514a2a91544002080040ca0a882a46a50ea2a898aa03a91a836201d4883645b01d45510c0028030100c080a0501ba62f239db9ea6a3e1b38bfab801b2f5f858559bf671391b9dfcef611f0c792334e4e6f549d5b224080040301000c2a20000000010c40021b1000862010000080000602001808006000000000000000000000000000000000075761e95eb4f6975ff8e58c2bf24bb3b0c17fa66e2cb94251ad3268859bce2ab24a87a085c77eda8dc8d2ea8ea863e78fc4e1e639f971b696b5ceb38b534b0c0ea42d49e146119b6aad695cdc8d7b5b6b711d6a558a74cea49daf12352de312b2adda5593c7917d653f2c68b9c86b6708e38d49fa11ed7ed3ae76bcb5e50f4feaab09439127663cbed2ab8d5bcb31259f06628bd3d3847328f4f9b3647c4b1c1f32a9a756b0c302edd5d52a11a558e304fc4b22d49a4249254ae0554281425830c008893ed24e841b45174245d191922cbe12ec034299253ef2b8b269d409a9778f511551d0090504180120a11a8ea04a81417b47ed00a0e809800d7687b441ec088d060c0db88a0a830a011a012a0822204a820220302a22030016466bfb1b1b9fc5826fea58334d444c59dac70aff00e9ee3627fe99fc4e4dfd8dfdbfe241a5cf347b30af0cd19c6e77fb78303d86e3a66d7718ca3a65ce381c9bff00a7ee471b32525c9e6671b95c7536494930bdb7b961d2e45af615855e86509b59324ae7320b2a1520a698caab148755dc5750034ab8f278a14ad5bbabee65156494b984537364e38af7333fa4f552874a179ac335da4f4c2e76303913756d9137dfd9358a31cadca2f108769bad0d0f045365712d9f22089d6e8d62ae579f0f0c4e4a4e4e8b3781eab6f6558b51b6b82c7bcd75f2cf6b9160001d5e60001502402a8ea14ea151000ea34c882605a9934caa25888b134c92641130a780a708cd51e404829382934eaf0258886898d4b609cf446af24119ea55453bb7fe197706db08a335d3add690a0932446820c8401450283a80090c8d0320242a91af30d604c4c86a1a604aa82a8550a8032eb72d4bb4aaa0a4e2ea116684a5a63e14d67f716c62a2a8b22125a9619f025096a55f7f78051fb3914d1c1a8ae18c3bb8c4be4d4555ba2289bad3824ea97ccfe0059eaa6bc2aaff6cca6b5f1b6a4d7ba25aadb979f2fa7e22bc9a5ae2b2ce3cd05591b6a18e6f98355e242d4d611ad552b17ce25a1145e8d3c7c329f773f60d5d495258b5f69195ccf43af393c977731420f4a4aaa2b8f17f00237252b984aa97d11cffd5f0256d4652a3e0ab05c285958da49259944e3a2e688e0fcf1fe57c7d8c0d2aaf17c0a3d4ad559c1375727f70493b9e7c97cab2fe24aa54463151545921b6a2aaf04537b730b383c65c9182e5c9df7e278708f00abaf6f6be1b7fdc674aa4e36d16c6da020a25891628509ba4555e40416037728e8b19721a8cee65e18f3e2591846daa457c4822adb96373fb5644c1b10400026002a808a06c5501140d882a26c02a26c42a80ea45b0a8800074000a0c009a0002339c6dc754dd101233ee3770b0b17597d28c3b9ea5295636705f57139cdd71e2417ee3777371e6748fd3c0ce00000020010c40000000000000000020000620000105440021880000000000000000000000000000000000006200000000000003a7b2d8b9b539af0471ef675aecb5354f32f2be468dc523961c911dbd8abd52339f063cef5382b8fd65855b8ce1ca4b8aec61d2b7ef6973c5f872c24bef3bd7f650dd4af5ae358ce2fb68797bb625666e125492cd18e18be1ee935249ac53c512516ce1742dfa8afcbdccbe47c8f46d1b9e5b9557a74213b49f02f627134d314acaae4536d3927c9499d1692ccc3b592706d7194bf799f942716b80b4b2f78f022695434f911a3e45f40a019f4be442709530a1a9a22d01cff005649e9960cba3293e25972d292a3333d56dd24f0e0c0d51d5ccb1579b33c5d7996c40b92ed24548b1302c4c915a240486991a854090e82c4404ab41911d007805530a20084c000db8fc8000019250aaa912d86445eb3c8a2e4145c89011d10d3d81a5722400474f62168ec44c00af42e48342e48980315e9ec0d3d8594006455a57213b69f02da010512b5a951d1ae4ce5ee7a1edeee2a2edcb9c723b74003c75fe857ede36da9af7339772dced3d37138bed3e84eda7c0aae6de3715269497292183e7f98d368f51b8e816278dbadb7ef472771d17716b18a535fca4573d4f992524cae51717492a3ed1017b0a94a934494f98160eac82698c2ae85f71ee1ddb96e7864515296eac2347a4d62b2296eac23392c13104747a3edbd6bda9e51fde7a7d1fca64e8db5f42c26fcd2c59d3a1a19f42fa4347f297850a6451a3f947a3f94b87406450a1fca3d1fca5d40a0314e8fe50d1fca5d40062ad1fca63dd370b8b0a2a1d239bd45d271ee13967bcf02322c8b324245f166de7685226994a658991562248ad32698692a0090d0553bbfc27db42db4a914a855bbc6da5ce512f8c688cd74e9c1d4751d058196c809510502a2152540a01115592a0b48085a496915004343a02880b5054744874015406004ad4a9e1658ea9ea8f1cca1a2f8cb5208824e6f52c5fd4f25dc89c74c1d162de6c4961a32a65ddfc09c62a390120c83b4a5dd73fc3cbea7f7730aadc1db9688f1f1c3b1f1f632536ee3d2f1fe5597b584229d5d5d2b494be67426bc2b4c164115cd3548ba63e5e555c0b535723ab25c7b0a6e49ca0e32c652c631e2bb47a13c658bc2bc8214efba7f8d60be6f80e3051cb8e6f8956e36b1dca4a6da55ac9470d5d8c57b730b584719708a0ab652515aa4e89182fef5bf0dbc3f9be05171dcbeeb71e1c23c02365f1c4a2318e3cdbe25f18b08daec2e500a518b2d8c6a118d3816e4bb7810552aa7a638c89c2d24f54bc52fb177138c5430e2fccc410dba88041000116c0751545513650c42a8aa50c88362a80d91136001510c08150284800403000a050aafee2161566f1e0b89c7dcefee5ef0af0c792fbc83a1b8ea10b5e1878a5f61c8bd7a77a5aa6ea579000080000000040000020600000000000000020010c400002010000008000000000000004000301000c0400300000000000000000100c04007b585a771ea66c85ba605aa2a39146eaeb845421f893f0c7ef64557b34a53bb7784a5a57b0a7aa74c8ef56b8617571e66fb36d5a82b6b2489924f1899af0b1b72b5269aa493c8f57b0deadc45465e7459bad943718d293e671e36e7b69e2a8d18f3d6b1fd6bd0919cd455594edf751bb1c5d24b32bb927375674dd7457b9bfa2129bcd2c0a7a737f978b7c6a64eab7e9156971ccd9b4a46cc5379239cedbd99df2d3422da8aabc114cf72aba6dad52270b4fcd73197ee353b6ff55dde026e5960bb49692406a4fb5c468468594234288345738292a32e688b415827195acf18f3e4591b869714f3287076f18e2b97202d5579509aa9545d4b31024a84d76115524aa049546449620340188d5400698518c075a8024002013606dc2f260000345b1c8a916c72256baf2900019750000002a0c8ce4a09c9e482181542fc675a701abd09609d4a89806a4098000000000102018a80220eda7d85805192fece17d52e454fbf338db8fd3f6dfe13707ca591e8c29cc60f0db9e93b9b18b86a8f38e261c9d389f4476d70c0c9b9e9d6b70bfc904fb560c983c2925268efee3f4fa78d9951fd32393b8e9db8dbf9e0e9cd64419dceaa844400335ec36ff98bd18f0cd990f4dfa7f69a60ef4b379083b718a8a515921d0901b11a05090a80201800806002018008e5f52fc48f71d5393d4ff123dc58cf6e19e0cd11666817c59b70abe2cb1329896a222d44d15264d3235160c8a1d42a9dd7962bf991a1328bd8b82fe63419aedd78031a032d0ab0af680a940a131d58621880558546aa146021e21460021e23100518062140000a0e802609d06468c0b5e2b0cd6283d58d30c5fd288db7c185c74a72f98220d3b8e8f1a7cabcabbf99376e2f09bf17cbd9dc4f15e18aa2442e38b6925aa6becf6fecc0842e3836e4b1ca74fb25ed24e527843c31e7c7d828c5a939c9d64d530e44c22318a8aa2ffd4252515593a233dfde42d785632e5cbbce74e73bceb275ec0ad37b7929e16f05cf899d5b1c60f81724f915518db458a038c59628811502c511d06aa40d127e6abe084905695f604210054201306c552818aa26c5501b10aa2a9436c4d888d407510050800a0e804020180086064dcefedd9f0af14b92034b6a2b549d12e2ce6ee3aa7cb63fb9982fee277dd66eab97045204a52727aa4eadf1644000040000000002000010540000000000000401500a8544000000002000100000800000000040000000000000000000301000c04003010000000000001f43bd75598d5e2de118acdb2166c38c9ddb98dc961d915c97de3b56945fa927aa6fe6ecece48b89f906442db6d6a7c72ee2376ec13d0de2f82c492949e51a2fe61aa995ddb31baa92f7926b4aaca54fb0cb7ba86da3e17762bda3c7c8e7deb33b12d4b14b88e5bbf0568dcb922bddf5adb415212d6df08fde73ac75085f747e19573e0ce5767f5638e11de5d52b91554f1c4becdd9ddff1c0cbbad94a4fd4b384b8c79f71cf5bc9c2328a6e2e4b4bec39faeb39af53b4bb671d124dac1b36a954f0763713b1252b7853f6c4f4fd3fa94372b4e5359c7e077eb3263a4758084655266d40862011193a7784a547a56326351a77f126ef8823422d1691a1450e0d631f7128cea5942b9c78ac1854e2c9a6556e5a91620275255203404b50d34450ea03aa1a6843403015468222c684f3046fe1c2f26310c065b0c8a8b63912b7d7948000cba800180995dc6a9493ccb24727a8adccaf45584dc12c5afb4a8db6eda4b54726531dbad558e7992df49d8db49dbad704a98b174d95c9d9572ee126f14d1511bdb7736dd69c09dc84dc528ba331ec7792dd6e250c291acbbfff0042cea3be7b7bb1b4955c973e605f69ce316a4eaeaf491b52baa5493aac7f816eeaf2db587392c92c85b3bab730f568d27cc0aee6e2ec5b71558965dbf38d34d3b4ab6fbbb7b8b8edc5e316f52a7edc09dfdc5bb32509349b5827da04ed6e1ce1a9ac556bec2bb3bdf55d29474a975c51841ca4c8da846e36e14c30aa0232de28cb4b5c546bde4e7b98c29ab8956885c969a26dfdc4af5b8bc27c3c40591dc4251d6b2a5450dcc2e61175fe2415950b6e3f2fc4aaced95b96a8d5e14f701afd6865555ad096a4cc13daa94b52963a94b2e44afda95cd2e2d271afee036ba4bb483b69995426ade9ad674cea1695d4debcb0a624c156e7a4d9bf8ca0abce381c5dc74785b7e69aff004d4ef6bbdab274d4fdc4eeee2e5ba69c5518c1e736bd2a3725829cff00d3a57b6a7a9b169598282e0552dd495b7379a55a05add7a926b95060d20645bd4e7a698d5c7dc4ae6ee36df8b937ee03488a65ba8c2dbbafca95470dcc26da8e347465168152dcdb93a278e3f613f563cc0900b5263aa0000a8001c8ea9f891ee3ae727aa7e247b8b19edc32c0b91440bd1b70ab625a8a625a888b1134411344589a1914483485c559c3b2a5c53ff523dccd062bb75e086150a91b300a800542a000151d44003a85410c055a8050403a854415ec01d42a0002a86248402a32c4d4963ed21404f4ba844b4ca9a6b8766741c62a2a915443c0aee5da7971603b938db5aa4e88e75ede4eee16fc31fb48ddb73b92d527512b3de515c60d16c624e36d1646d8541459624c6a1426a204521d09518e8408614ed0d2034c52cfbc74ec092aa088081b154a80420a94151541b2350191a83044086030150600400009c945564e89710195debf0b2b54dd3b3898371d512f0d9fee7f71cc949cdea93abe6c0d7b9ea33bbe18f863f698804031000008000000000400000020000000000001000008000000400002018800000040000000002000000000000001000c400301000c0400310000012842571e982ab3adb5e9095257b17cb81473f6db3b9b87e1548fd4cea7fc45bd1a7e6fa8e9462a2a8b8121827b6dd3b31925e2b7f2ae317c86e57afba374ae51587b65c91c9dcee6d466fd26d2971919e576fca1e9d5a4bfb65ed3cbedf178637ede827bddb74f8e952d72e3a73af79c6dcfea1bd730b74b6bb317ef39cac4a6ab724a2b9665f6b64a5e28af0fd737446bdcbd99277af6e1d5b948a2e521e6757d874eedfb36969b4bd597d5e582ee59c8e5383b8eacbb6f29ad7d376d1bd3d535e15f2f33a77ba459759599686f83f2997651f4d5638aec37b94d4355b8eb7f4d6862f6f26fc39b277f69e19c6a97b9f73e00d58de78979b8aca4be274a5bbb76e34b8d27c635ad0a2e5ddbc6e3b545192e6b0108e4cf6ba1d17da53273b54aa716b297f13ab2db5f69b5157239f825abf894c28b0f978c659fb8d4ed565adbd37ac2bb4b77bc33e0f83fe277632a9e22ed85eae9860b81ddda5cbd6eda52960b8b37ed235ed1da9494732af5d4a5a219f3e471aeddbdb99e88b789d8da6dd6da1a562df999276bdaf8e097565b8685cdbcd93019d24cf11ac444364252a14365372e28a14e6666f5baf028b6cb955b7c4d49d4c9168ba12540abd122b44d012487422891107b46218120a1158920883cc684f319bf871bc9d4644750197472292e8644adf5e4d0c48665d40000098893225400032a22a314ea925dc573dbdbb92d738a725c59680155fdbc3710f4ee2ac4766cc6c415b861159160018f6bd3e1b59cae41b7292c6acaf75d37f337a379ca9a525a6874028065ea1b79eead3b706936f8f21ecb6ff96b2adca9549e46a101c9e99b3bf66e4e77d5135863521be85f9ee63a14bd3f0eaa6476400c1d56ecacd9adbcf52e1527b0727655c966eacd9805101c8e99b896eae4b55128274f6b1ef77aedee5598c6ada51af2af13a71b7086314977109ed6d4e7ea4a29cf0c7b80a37b7e3b5b5aa4b8a580f6b2576dfaad522ead57916ee76b0dd4745dc527ab01dbb11b76d5a8f952a018f6fb986e25a618d2babb397d84ef5f85a9ab6e58b59768f65d3e1b372716e5a9712adc74c77b72b73a95153c34e4069b89423593e4b12366b753926a95e443a96d27bab6a16e89d6aebc8b36d665676eadbf3a8b5ed02a8d2525451c6ad0efc52749c53c39f3c8cdd2f6b7acb94af26aab0c48eea17a7bc54d5e9d62bb00d772daf4f4ca0dc72d2b8f611b16e2aae116aaf11755bb3b56e2ede7a970ae45bb2ac76ea4f3a36066b76aceb4e2e55aca955ef25b8b709bc67a5e96a9d857d2ef4efb6e692514960c373ba6b73e828d6ba1540be76eb6f4a92e1e21d9b72856ad3ab1efee5bdbdb4e6b07249aa0f6aa0ecfa94ceb2028859bd19a6df856ae3ccd7ab4e7818f632b77e6dc5bc1578e6f32fdd521284571ab034a6727aafe2c7b8e8db9d4e6f547fe48771633db866817c4a2d97a36e15644b51544b5111344d1044d11626862430a4bf13d85f46510c6e3ee2fa98af475e0e8141542ac8d0a0e80001ec0f60000000000ea150a80542b50c4314031542a1501d42a2a8c02a150000162300109a18302a688d0b5a151815d06a84e81401218c002a15a8000054414403a855082a0466b8a2a6cd09945c869c781511a8aa26c8d421b62018000c00006142040577afdbb0ab71d392e272771d4677b08f863f681d0dcefedd8f0af14f92cbdace3dfdcdcbeeb37872e0542000000010c40021800800000431000000008000000000400000c040000200060200000000010000000080000000000000040000000000000000000005b676f7370f4db55ede00546edaf4db97fc525a63f69d2daf4c859f14fc5237ac3228a2c6d6dd88e9822f000001014705cbe887de591b17a6b55c6adc3f9be068b9b98c5fa56b192f335e58afbd99eeee5c56a9bc381e1715abd1b2b5422ee3faa4b0f6221172dd4d7aee4a1fd397b0c32ea172b58ba761277ddf5e19353fa4b962c8d9b9b366ae169b492fc497c0cbe8a6a8a4a2bb4ba30b96a0a0dd6e3c5d7e532cb7347a1caaf9f689bf0a9c6c42d3d4af51ff2237437b6aa93ad7eaa7ef3952dc396584b950a9de9c5564cbeb6f34cd74fa8ece9077ecaaaf992ff00fa28b907ba82bb6f1934a13ef5c47d31df8bd7f2cbe5793ed3a37acfa70f5368953e68f2fe05dcf06e7871656af6df18b717fcacd363ab5e7e1bda6e7f5ac7de17b7769aff002468ff009185bb308db779ad4e5e1b69f0e722ef8f2a9dedeedd49b569c26b8c5d57da46ddf775e0f031ef62a33d5f52a99e2e4a4b4d532facab8ee6d3a9db85ef4e9e1786aed3bf19d4f2fb3db7e6fc7763a545f9e386a7ca87a2b781aebfeb1634d681a8a9cc4d9d5a4a53299486d945c9f0599504a5a9d164351ec2297264d27ccaa92ee26b020bbc9d39b0ab624d32a8b2d8b209a1914320950043086310c088098ea6fe1c6f34c048610d17c322845d0c895bebca4862199750003010a8302a0a0503002a000060003100807c018050541f1001301800807c440201800828310005000004c74002231b00234151529c09880842d421e5497715cb6b6e53f51c7c79d4bf00033ee36d0dca51b95a2755424aca8dbf49654d25a3a018f69b25b4ae96e5554c4af79f8d15ca2740e76e31dc77450175b473baa7e247b8ea5b581cbeabf8b0ee2c67b70cd6cbd145b2f46dc2ac896a2a896a222689a2089a22a489114483450f3cbb917a29b5e697b0b8c577ebc01886468000c04030010c3100010c602a8c550a80c486000000002403000000000c798008000088c0000431000a83100000000009b51556193446772315478f6144efb9611c3b4ad228331d01224008006405000c9b8ea16ece11f1cf9700354a4a0ab2c11cddcf53f96c7f73fb8c17f7172fbacdfb3814812949cdea93abe644000400000000020188004310000000086200100000000008620000100000800000018800000040000000000002000000100c400000000002001880006349c9d162cd1b6d8dcdc3c3c31fa99dcdb6cadedd78555f3651ceda74994bc57f05f49d885b8db5a62a88954006020280000000000e0ca1e8468b15d9f332afca5cb9273dcd6308f2cdf647e269b57afee2f2f960b1a2592fe26595fbd7af66d2e5c2878e6b928761ce55d3a615c2353a7b3d9c63fe76bc5f2d79ff00039dea2b95aaa615aa3a77aaad4629d22a2aafbf31dad542f43d587824d6a78cb9ff000305de937a2ab0a4d7667ee0bdbdbcf152a456118a2562eeee71f51dc70b6be797ed897acb0639c26a8a516a7ca86fb3b7f4e3fe48eb9ba521cbbcbf73d42edad36e2fd4c14b54d632af76468b525a3d59db56e72c73797b45b6c29a83845aad674acbe0bb11ceb9d42e6daeaf470a675f9bf81d2dbbb57ff0ee25259a960c95fb36e345b9a51f16b0f7a333c731231bd8d9ea2bd6dbf81ffd4872ee21bb94a334ad2ff1c1698ff13a5665b4b6bfc5251a63e16466b6db9b95b7729738a8accbbaac7e8dbdedbd2b06b15d8f97719a1d35c64ddd7fe38e3271cdd3850e8db9596f542e274c1d63464f442f4a91bab5279644db094f69173ff2496959423f4af8be26ead0ae3176f09493271b91ad2aaa76ebda637ab54698bcc8b686db6f35ec2127a7167497ea2ea37254c8aa317c4b1394b164a98160ad25c4978799620a1a107287163528f327a5069414268b1497615fa5126924058a486a488ac49903a8d62032007a9086041b0096606e385e4d0c8d4922a197c32282f8794cd74e9ca400065d4c10020000008000610806200188000000000065083001942000001506002a00c00403002203e0002a000500000000038800860002a1ceb98ee27ec474b89cd58de9bed035c16072bab7e2c7b8ebc160723abfe2c7b8b19edc32c117a28817a36e15644b515c4b104588922289246552448490c295a92d52ef2eaa33d958cbbcb998af44e12aa1d480508d26a4835a203025a976855768a8301d52e62d49f315000961da2d480288075415444603d4b906aec121a00a86a402603d483576110a812d5d81ac8d4603d41a90a8201ea0d5d84681401d7b02a0201d45a9f21661401ea61a991180f5316aee2329a8e6512b8e5dc1164af53058b296dcb1614a8d22a1244a83a0000d0508ca71b6b549d1769048aafee6dd8559bf67139fb8ea8df86caa7f33fb8e6ca4e4eb2757da06bdc750b97b05e18725999040002188000000000403100000008000000004000200000000010000000800000004310008751000008062000000000100000000080000000403100000c47436bd2e77bc573c31fb5818ad5a95e96982ab3b3b4e911b749def14b97046fb362dd88e982a1654a0a6954400050000806200000000188000f3bb7bb38b9278ea58539842fca13acbc9f6a362dec64a972117fd381070dacfc4ed4bb7c581e2dfb8e4cf7f68edce8b18c9562f9a34efd3d2a293744abee356deedb56a3151d16d3f06ac5beeaf033efee699b8ce748be08ceed1cd8c55b7ae71536bca9e4be269da4a3ba6e7b8f14a3f57952ee289c6d5c548cebde3dbecdcf56a952d2c66f9d381d1a7521bc8a8bb914a36e3829d33ee3917b772dccf16dc7f6ccb2f5e7bb5a62b4db8e118f2e4ccb6add22dbc1d44848d1e9e0ae4738e7da8baedebfb78dbf424d4651f2bc63ed4c5b7c2e2b54c127293e4896ea52b9592cb38f7165f29ac57db72d54517ca2a889dbb529d275d3469ea295359cb146edbbf5da8c3dc6afe1aae8282de46afc17326d6525ffd896ef6cedda52b4a8e26db3655b8d0b347abe1e06a74f18b27873b65bef5e919e13586393f833aca7192d328d1f27f13ce6fb692db5c6d7edda763a5efd6e52b3769afe56f8ff133d7c24fa6a7b751587d852e1a9e3c0e8ab3a3183f63c88ca15cd50ebfcb4c3a683d26876c86968be457a47464e9d94150d08d063a0500434141d00689a2034058344512200621915096621bcc46e385e4d0d090ca86688794ce5f0c8cd74e9ca602199753010c0000020000080621800b80c5c000388c00401c00007c4040001c065080622838007000000001701887c40388862e002018710017018800388c5400599ccb38ce4f9c99d3c91cddaf3e6d81ba391c7eaff8b1ee3b5138dd5ff163dc272cf6e18e06846781a11d1c2ad89622b896c4889a2688a2488a92188920aaf6ff0037f532e29dbaf0b7dacb7da62bd10c7442c008a61501b0a2a188895004905074150060342000430004310ea02100c08b0180008620010c40000201d4043c000432b94d2cb3086f0c722b95de445b72cc5428541d0740a005006010014dfdddbdbf9de3c96671b75bfb9b8c2ba61f4afbc83a3b9ea56ed7861e397d8722edfb97deab8eacac00602001808000000000000040000020000000100080000000000000400000002000000010003010000080000000000000400000201880000000004038c5c9e98aab01176df6b7370e905ede07476bd22b495fcbe9475e318c128c15122e0c9b5e9b6b6fe27e29f37f71b6a202800000000400000000000000201814dcbea382cccfea4ab5a81857a9ff004f47edde591f5757fdcd695f0d7f0ebc2b4003c7f0e2badfe37f9bcf4e3cbf97850e5f53ff00f55cad787ba8003a72b15d9f42abd5d5a7f97334750d5e9c3d1a7e5be5d3ff00cbb400dde5a698fadf92b3e9d3d3d52d7cf5f6f67228bba35aa65c4009792aa8eaadfa72f173d35e069b14f49ebae9a60004acd736e68a71a1e87a47e5fd2ff0e7f357cd5003af5748e8ccbec69a6000756997aafa7a16bf370ee3cec2babfc75ec003876e58bcbd96d7d5f4d7af4d7c69f7f696b003b4e1b5722b60051064580142c0000217bc600034300024890010030022ab9660006e385e42240054345f0c800cd74e9ca430032ea0600001c4002041c000218800006000218000b80c000040001c0000a00002a81800420000061c400005c00006080000400000001519795f718369920008dd138dd5ff00163dc00272cf6e18e05f1003a3855b12f880111344900115343400155eda9a3daff797e00062bd103f602002298c00291240001ee06000084000300000000016008000040000800000400000000200002373553b0a400200002a1a000200cdbbfcc697e853b7ea0003812ad5eaad78d73100000000000000000000000000000800004000002000062000000000000010000098000000000800004000020000000000100000000080000000000400038e9af8ab4ec3d0f4dfcb69ff00079bf9bcc0051ba55e2200000002800000400000000020000033ded74ecec000ace180001fffd9, 'image/jpeg', 1, 'bang', 'amit_consumer');

-- --------------------------------------------------------

--
-- Table structure for table `consumer_rfp`
--

CREATE TABLE IF NOT EXISTS `consumer_rfp` (
  `rfp_id` varchar(45) NOT NULL,
  `consumer_id` varchar(45) NOT NULL,
  `rfp_title` varchar(100) NOT NULL,
  `rfp_short_desc` varchar(500) NOT NULL,
  `rfp_detailed_desc` varchar(1500) NOT NULL,
  `target_vendor_type` varchar(50) NOT NULL,
  `created_date` timestamp NOT NULL DEFAULT CURRENT_TIMESTAMP,
  `rfp_end_date` timestamp NOT NULL DEFAULT '0000-00-00 00:00:00',
  `rfp_closed` char(1) DEFAULT NULL,
  `rfp_closed_date` timestamp NOT NULL DEFAULT '0000-00-00 00:00:00'
) ENGINE=MyISAM DEFAULT CHARSET=utf8;

-- --------------------------------------------------------

--
-- Table structure for table `con_mybusineeds_market_data`
--

CREATE TABLE IF NOT EXISTS `con_mybusineeds_market_data` (
  `consumer_id` varchar(50) NOT NULL,
  `asset_class` varchar(50) NOT NULL,
  `security_type` varchar(50) NOT NULL,
  `data_coverage_region` varchar(50) NOT NULL,
  `data_coverage_country` varchar(50) NOT NULL,
  `data_coverage_exchange` varchar(50) NOT NULL,
  `data_attribute` varchar(500) NOT NULL,
  `last_modified` timestamp NOT NULL DEFAULT CURRENT_TIMESTAMP
) ENGINE=MyISAM DEFAULT CHARSET=utf8;

-- --------------------------------------------------------

--
-- Table structure for table `cost`
--

CREATE TABLE IF NOT EXISTS `cost` (
  `cost_id` int(11) NOT NULL AUTO_INCREMENT,
  `name` varchar(200) DEFAULT NULL,
  `range` varchar(100) DEFAULT NULL,
  `denomination` int(11) NOT NULL,
  PRIMARY KEY (`cost_id`),
  KEY `fk_cost_currency` (`denomination`),
  KEY `FK2EAFCDF3EBE743` (`denomination`)
) ENGINE=InnoDB  DEFAULT CHARSET=latin1 AUTO_INCREMENT=3 ;

--
-- Dumping data for table `cost`
--

INSERT INTO `cost` (`cost_id`, `name`, `range`, `denomination`) VALUES
(1, 'Rupees', '$200/Month', 1),
(2, 'Sing Dollar', '$300/Month', 2);

-- --------------------------------------------------------

--
-- Table structure for table `country`
--

CREATE TABLE IF NOT EXISTS `country` (
  `country_id` int(11) NOT NULL AUTO_INCREMENT,
  `name` varchar(200) DEFAULT NULL,
  `iso_2_cd` varchar(2) DEFAULT NULL,
  `iso_3_cd` varchar(3) DEFAULT NULL,
  `region_id` int(11) DEFAULT NULL,
  PRIMARY KEY (`country_id`),
  KEY `FK1_REGION_ID` (`region_id`)
) ENGINE=InnoDB  DEFAULT CHARSET=latin1 AUTO_INCREMENT=186 ;

--
-- Dumping data for table `country`
--

INSERT INTO `country` (`country_id`, `name`, `iso_2_cd`, `iso_3_cd`, `region_id`) VALUES
(1, 'India', NULL, NULL, 1),
(2, 'Malaysia', NULL, NULL, 1),
(3, 'Singapore', NULL, NULL, 1),
(4, 'Thailand', NULL, NULL, 1),
(5, 'Philippines', NULL, NULL, 1),
(6, 'Indonesia', NULL, NULL, 1),
(7, 'Czech Republic', NULL, NULL, 2),
(8, 'Denmark ', NULL, NULL, 2),
(9, 'Austria ', NULL, NULL, 2),
(10, 'Belgium ', NULL, NULL, 2),
(11, 'Bulgaria', NULL, NULL, 2),
(12, 'Canada', NULL, NULL, 3),
(13, 'Cuba', NULL, NULL, 3),
(14, 'Jamaica', NULL, NULL, 3),
(15, 'Mexico', NULL, NULL, 3),
(16, 'USA', NULL, NULL, 3),
(17, 'Argentina', NULL, NULL, 4),
(19, 'Venezuela', NULL, NULL, 4),
(20, 'Chile', NULL, NULL, 4),
(21, 'Colombia', NULL, NULL, 4),
(22, 'South Africa', NULL, NULL, 5),
(23, 'Zimbabwe', NULL, NULL, 5),
(24, 'Switzerland', NULL, NULL, 2),
(25, 'South Sudan', NULL, NULL, 5),
(26, 'Australia', NULL, NULL, 1),
(27, 'China', NULL, NULL, 1),
(28, 'Japan', NULL, NULL, 1),
(29, 'South Korea', NULL, NULL, 1),
(30, 'Saudi Arabia', NULL, NULL, 1),
(31, 'Iran', NULL, NULL, 1),
(32, 'UAE', NULL, NULL, 1),
(33, 'Israel ', NULL, NULL, 1),
(34, 'Pakistan', NULL, NULL, 1),
(35, 'Bangladesh', NULL, NULL, 1),
(36, 'Vietnam', NULL, NULL, 1),
(37, 'Kazakhtan', NULL, NULL, 1),
(38, 'Qatar', NULL, NULL, 1),
(39, 'Iraq', NULL, NULL, 1),
(40, 'Kuwait', NULL, NULL, 1),
(41, 'Sri Lanka', NULL, NULL, 1),
(42, 'Uzbekistan', NULL, NULL, 1),
(43, 'Myanmar', NULL, NULL, 1),
(44, 'Oman', NULL, NULL, 1),
(45, 'Lebanan', NULL, NULL, 1),
(46, 'Turkmenistan', NULL, NULL, 1),
(47, 'Jordan ', NULL, NULL, 1),
(48, 'Yemen', NULL, NULL, 1),
(49, 'Bahrain', NULL, NULL, 1),
(50, 'Nepal', NULL, NULL, 1),
(51, 'Afganistan', NULL, NULL, 1),
(52, 'Cambodia', NULL, NULL, 1),
(53, 'Laos', NULL, NULL, 1),
(54, 'Mongolia', NULL, NULL, 1),
(55, 'Brunei', NULL, NULL, 1),
(56, 'Azerbaijan', NULL, NULL, 1),
(57, 'Tajikistan ', NULL, NULL, 1),
(58, 'Kyrgyzstan', NULL, NULL, 1),
(59, 'Timor-Leste', NULL, NULL, 1),
(60, 'Maldives', NULL, NULL, 1),
(61, 'Bhutan', NULL, NULL, 1),
(62, 'North Korea', NULL, NULL, 1),
(63, 'Syria', NULL, NULL, 1),
(64, 'Germany', NULL, NULL, 2),
(65, 'UK', NULL, NULL, 2),
(66, 'France ', NULL, NULL, 2),
(67, 'Italy', NULL, NULL, 2),
(68, 'Russia', NULL, NULL, 2),
(69, 'Spain', NULL, NULL, 2),
(70, 'Netherlands', NULL, NULL, 2),
(71, 'Sweden', NULL, NULL, 2),
(72, 'Finland', NULL, NULL, 2),
(73, 'Poland', NULL, NULL, 2),
(74, 'Norway', NULL, NULL, 2),
(75, 'Ireland', NULL, NULL, 2),
(76, 'Greece', NULL, NULL, 2),
(77, 'Portugal', NULL, NULL, 2),
(78, 'Romania', NULL, NULL, 2),
(79, 'Hungary', NULL, NULL, 2),
(80, 'Ukraine', NULL, NULL, 2),
(81, 'Slovakia', NULL, NULL, 2),
(82, 'Belarus', NULL, NULL, 2),
(83, 'Luxembourg', NULL, NULL, 2),
(84, 'Croatia', NULL, NULL, 2),
(85, 'Slovenia', NULL, NULL, 2),
(86, 'Lithuania', NULL, NULL, 2),
(87, 'Serbia', NULL, NULL, 2),
(88, 'Latvia', NULL, NULL, 2),
(89, 'Estonia', NULL, NULL, 2),
(90, 'Cyprus', NULL, NULL, 2),
(91, 'Bosnia & Herzegovina', NULL, NULL, 2),
(92, 'Iceland', NULL, NULL, 2),
(93, 'Albania', NULL, NULL, 2),
(94, 'Macedonia', NULL, NULL, 2),
(95, 'Malta', NULL, NULL, 2),
(96, 'Moldova', NULL, NULL, 2),
(97, 'Kosova', NULL, NULL, 2),
(98, 'Montenegro', NULL, NULL, 2),
(99, 'San Marino', NULL, NULL, 2),
(100, 'Dominican Republic', NULL, NULL, 3),
(101, 'Guatemala', NULL, NULL, 3),
(102, 'Panama', NULL, NULL, 3),
(103, 'Costa Rica', NULL, NULL, 3),
(104, 'Honduras', NULL, NULL, 3),
(105, 'Trinidad & Tobago', NULL, NULL, 3),
(106, 'Haiti', NULL, NULL, 3),
(107, 'Bahamas', NULL, NULL, 3),
(108, 'Barbados', NULL, NULL, 3),
(109, 'Nicaragua', NULL, NULL, 3),
(110, 'El Salvador', NULL, NULL, 3),
(111, 'St Lucia', NULL, NULL, 3),
(112, 'Brazil', NULL, NULL, 4),
(113, 'Peru', NULL, NULL, 4),
(114, 'Ecuador', NULL, NULL, 4),
(115, 'Bolivia', NULL, NULL, 4),
(116, 'Uruguay', NULL, NULL, 4),
(117, 'Paraguay', NULL, NULL, 4),
(118, 'Suriname', NULL, NULL, 4),
(119, 'Guyana', NULL, NULL, 4),
(120, 'Nigeria', NULL, NULL, 5),
(121, 'Egypt', NULL, NULL, 5),
(122, 'Algeria', NULL, NULL, 5),
(123, 'Morocco', NULL, NULL, 5),
(124, 'Angola', NULL, NULL, 5),
(125, 'Ethiopia', NULL, NULL, 5),
(126, 'Kenya', NULL, NULL, 5),
(127, 'Tunisia', NULL, NULL, 5),
(128, 'Ghana', NULL, NULL, 5),
(129, 'Libya', NULL, NULL, 5),
(130, 'Uganda', NULL, NULL, 5),
(131, 'Ivory Coast', NULL, NULL, 5),
(132, 'Camaroon', NULL, NULL, 5),
(133, 'Zambia', NULL, NULL, 5),
(134, 'Congo', NULL, NULL, 5),
(135, 'Botswana', NULL, NULL, 5),
(136, 'Senegal', NULL, NULL, 5),
(137, 'Madagascar', NULL, NULL, 5),
(138, 'Gabon', NULL, NULL, 5),
(139, 'Mozambique', NULL, NULL, 5),
(140, 'Chad', NULL, NULL, 5),
(141, 'Burkina Faso', NULL, NULL, 5),
(142, 'Mali', NULL, NULL, 5),
(143, 'Equatorial Guinea', NULL, NULL, 5),
(144, 'Namibia', NULL, NULL, 5),
(145, 'Mauritius', NULL, NULL, 5),
(146, 'Benin', NULL, NULL, 5),
(147, 'Malavi', NULL, NULL, 5),
(148, 'Rwanda', NULL, NULL, 5),
(149, 'Niger', NULL, NULL, 5),
(150, 'Swaziland', NULL, NULL, 5),
(151, 'Togo', NULL, NULL, 5),
(152, 'Somalia', NULL, NULL, 5),
(153, 'Burundi', NULL, NULL, 5),
(154, 'Seychelles', NULL, NULL, 5),
(155, 'Bermuda', NULL, NULL, 3),
(156, 'Cape Verde', NULL, NULL, 5),
(157, 'Curacao', NULL, NULL, 4),
(158, 'Hong Kong', NULL, NULL, 1),
(159, 'Fiji', NULL, NULL, 1),
(160, 'Faroe Islands', NULL, NULL, 2),
(161, 'Georgia', NULL, NULL, 2),
(162, 'Guernsey, C.I.', NULL, NULL, 2),
(163, 'Gibraltar', NULL, NULL, 2),
(164, 'St Kitts & Nevis', NULL, NULL, 3),
(165, 'Cayman Islands', NULL, NULL, 3),
(166, 'Palestinian Territory', NULL, NULL, 1),
(167, 'Vanuatu', NULL, NULL, 1),
(168, 'Tanzania', NULL, NULL, 5),
(169, 'Taiwan', NULL, NULL, 1),
(170, 'Trinidad and Tobago', NULL, NULL, 4),
(171, 'Turkey', NULL, NULL, 2),
(172, 'Sudan', NULL, NULL, 5),
(173, 'Republic of Seychelles', NULL, NULL, 5),
(174, 'Serbia (Republic of)', NULL, NULL, 2),
(175, 'Papua New Guinea', NULL, NULL, 1),
(176, 'New Zealand', NULL, NULL, 1),
(177, 'Malawi', NULL, NULL, 5),
(178, 'Lebanon', NULL, NULL, 1),
(179, 'Kazakhstan', NULL, NULL, 1),
(180, 'All Countries', '', '', 6),
(181, 'All Countries', '', '', 1),
(182, 'All Countries', '', '', 2),
(183, 'All Countries', '', '', 3),
(184, 'All Countries', '', '', 4),
(185, 'All Countries', '', '', 5);

-- --------------------------------------------------------

--
-- Table structure for table `country_exchange_map`
--

CREATE TABLE IF NOT EXISTS `country_exchange_map` (
  `ce_id` int(11) NOT NULL AUTO_INCREMENT,
  `country_id` int(11) NOT NULL,
  `exchange_id` int(11) NOT NULL,
  PRIMARY KEY (`ce_id`),
  KEY `fk_ce_country` (`country_id`),
  KEY `fk_ce_exchange` (`exchange_id`),
  KEY `FK139E2F49FD8CC10D` (`country_id`),
  KEY `FK139E2F493033FE27` (`exchange_id`)
) ENGINE=InnoDB  DEFAULT CHARSET=latin1 AUTO_INCREMENT=7 ;

--
-- Dumping data for table `country_exchange_map`
--

INSERT INTO `country_exchange_map` (`ce_id`, `country_id`, `exchange_id`) VALUES
(1, 1, 1),
(2, 1, 2),
(3, 3, 3),
(4, 3, 4),
(5, 15, 5),
(6, 16, 6);

-- --------------------------------------------------------

--
-- Table structure for table `currency`
--

CREATE TABLE IF NOT EXISTS `currency` (
  `currency_id` int(11) NOT NULL AUTO_INCREMENT,
  `name` varchar(200) DEFAULT NULL,
  `iso_cd` varchar(3) DEFAULT NULL,
  `major_minor` varchar(2) DEFAULT 'MJ',
  PRIMARY KEY (`currency_id`)
) ENGINE=InnoDB  DEFAULT CHARSET=latin1 AUTO_INCREMENT=3 ;

--
-- Dumping data for table `currency`
--

INSERT INTO `currency` (`currency_id`, `name`, `iso_cd`, `major_minor`) VALUES
(1, 'Rupees', '11', 'MJ'),
(2, 'Singapore Dollar', '22', 'MJ');

-- --------------------------------------------------------

--
-- Table structure for table `distribution_mode`
--

CREATE TABLE IF NOT EXISTS `distribution_mode` (
  `distribution_mode_id` int(11) NOT NULL AUTO_INCREMENT,
  `name` varchar(200) DEFAULT NULL,
  PRIMARY KEY (`distribution_mode_id`)
) ENGINE=InnoDB  DEFAULT CHARSET=latin1 AUTO_INCREMENT=6 ;

--
-- Dumping data for table `distribution_mode`
--

INSERT INTO `distribution_mode` (`distribution_mode_id`, `name`) VALUES
(1, 'Datafeed'),
(2, 'Web'),
(3, 'FTP'),
(4, 'Email'),
(5, 'Other');

-- --------------------------------------------------------

--
-- Table structure for table `exchange`
--

CREATE TABLE IF NOT EXISTS `exchange` (
  `exchange_id` int(11) NOT NULL AUTO_INCREMENT,
  `name` varchar(200) DEFAULT NULL,
  `mic_cd` varchar(10) DEFAULT NULL,
  `country_id` int(11) DEFAULT NULL COMMENT 'foreign key reference to country',
  PRIMARY KEY (`exchange_id`),
  KEY `country_id` (`country_id`)
) ENGINE=InnoDB  DEFAULT CHARSET=latin1 AUTO_INCREMENT=1138 ;

--
-- Dumping data for table `exchange`
--

INSERT INTO `exchange` (`exchange_id`, `name`, `mic_cd`, `country_id`) VALUES
(1, 'NSE', NULL, NULL),
(2, 'BSE', NULL, NULL),
(3, 'SGX', NULL, NULL),
(4, 'SSE', NULL, NULL),
(5, 'America EXE', 'america', NULL),
(6, 'Elite EXE', 'america', NULL),
(7, 'DUBAI GOLD & COMMODITIES EXCHANGE DMCC', NULL, 32),
(8, 'NASDAQ DUBAI', NULL, 32),
(9, 'DUBAI MERCANTILE EXCHANGE', NULL, 32),
(10, 'ABU DHABI SECURITIES EXCHANGE', NULL, 32),
(11, 'DUBAI FINANCIAL MARKET', NULL, 32),
(12, 'TIRANA STOCK EXCHANGE', NULL, 93),
(13, 'NASDAQ OMX ARMENIA', NULL, NULL),
(14, 'BOLSA DE CEREALES DE BUENOS AIRES', NULL, 17),
(15, 'BOLSA DE COMERCIO DE SANTA FE', NULL, 17),
(16, 'MERCADO DE VALORES DEL LITORAL S.A.', NULL, 17),
(17, 'ROSARIO FUTURE EXCHANGE', NULL, 17),
(18, 'MERCADO DE VALORES DE CORDOBA S.A.', NULL, 17),
(19, 'BOLSA DE COMERCIO DE CORDOBA', NULL, 17),
(20, 'BOLSA DE COMERCIO DE MENDOZA S.A.', NULL, 17),
(21, 'MERCADO DE VALORES DE MENDOZA S.A.', NULL, 17),
(22, 'BOLSA DE COMERCIO DE BUENOS AIRES', NULL, 17),
(23, 'MERCADO DE VALORES DE BUENOS AIRES S.A.', NULL, 17),
(24, 'BOLSA DE COMERCIO CONFEDERADA S.A.', NULL, 17),
(25, 'MERCADO ABIERTO ELECTRONICO S.A.', NULL, 17),
(26, 'MERCADO A TERMINO DE BUENOS AIRES S.A.', NULL, 17),
(27, 'BOLSA DE COMERCIO ROSARIO', NULL, 17),
(28, 'MERCADO DE VALORES DE ROSARIO S.A.', NULL, 17),
(29, 'NUEVA BOLSA DE COMERCIO DE TUCUMAN S.A.', NULL, 17),
(30, 'AUSTRIAN ENERGY EXCHANGE', NULL, 9),
(31, 'WIENER BOERSE AG AMTLICHER HANDEL (OFFICIAL MARKET)', NULL, 9),
(32, 'WIENER BOERSE AG DRITTER MARKT (THIRD MARKET)', NULL, 9),
(33, 'WIENER BOERSE AG GEREGELTER FREIVERKEHR (SECOND REGULATED MARKET)', NULL, 9),
(34, 'WIENER BOERSE AG, CEGH GAS EXCHANGE', NULL, 9),
(35, 'WIENER BOERSE AG, WERTPAPIERBOERSE (SECURITIES EXCHANGE)', NULL, 9),
(36, 'WIENER BOERSE AG', NULL, 9),
(37, 'SYDNEY STOCK EXCHANGE LIMITED', NULL, 26),
(38, 'AUSTRALIAN WHEAT BOARD', NULL, 26),
(39, 'AUSTRALIAN WOOL EXCHANGE', NULL, 26),
(40, 'BLOCK EVENT', NULL, 26),
(41, 'CITI MATCH AUSTRALIA', NULL, 26),
(42, 'CHI-X AUSTRALIA', NULL, 26),
(43, 'CHI-X MARKET AUSTRALIA - LIMIT VENUE', NULL, 26),
(44, 'CHI-X AUSTRALIA MARKET PEG (FARPOINT) VENUE', NULL, 26),
(45, 'CHI-X MOC', NULL, 26),
(46, 'CHI-X AUSTRALIA PRIMARY PEG (NEARPOINT) VENUE', NULL, 26),
(47, 'CHI-X AUSTRALIA MID-POINT VENUE', NULL, 26),
(48, 'CHI-X VWAP', NULL, 26),
(49, 'CHI-X AUSTRALIA - WARRANTS', NULL, 26),
(50, 'CLSA AUSTRALIA - DARK', NULL, 26),
(51, 'CROSSFINDER AUSTRALIA', NULL, 26),
(52, 'CREDIT SUISSE EQUITIES (AUSTRALIA) LIMITED', NULL, 26),
(53, 'MACQUARIE INTERNAL MARKETS (AUSTRALIA)', NULL, 26),
(54, 'MORGAN STANLEY AUSTRALIA SECURITIES LIMITED', NULL, 26),
(55, 'BENDIGO STOCK EXCHANGE LIMITED', NULL, 26),
(56, 'SIGMA X AUSTRALIA', NULL, 26),
(57, 'SIM VENTURE SECURITIES EXCHANGE', NULL, 26),
(58, 'ASX BOOKBUILD', NULL, 26),
(59, 'ASX - CENTER POINT', NULL, 26),
(60, 'ASX - PUREMATCH', NULL, 26),
(61, 'ASX TRADEMATCH', NULL, 26),
(62, 'ASX - VOLUMEMATCH', NULL, 26),
(63, 'ASX - ALL MARKETS', NULL, 26),
(64, 'ASX - TRADE24', NULL, 26),
(65, 'FINANCIAL AND ENERGY EXCHANGE GROUP', NULL, 26),
(66, 'NATIONAL STOCK EXCHANGE OF AUSTRALIA LIMITED', NULL, 26),
(67, 'YIELDBROKER PTY LTD', NULL, 26),
(68, 'BAKU STOCK EXCHANGE', NULL, 56),
(69, 'BAKU INTERBANK CURRENCY EXCHANGE', NULL, 56),
(70, 'BANJA LUKA STOCK EXCHANGE - FREE MARKET', NULL, 91),
(71, 'BANJA LUKA STOCK EXCHANGE', NULL, 91),
(72, 'SARAJEVO STOCK EXCHANGE', NULL, 91),
(73, 'BARBADOS STOCK EXCHANGE - JUNIOR MARKET', NULL, 108),
(74, 'BARBADOS STOCK EXCHANGE', NULL, 108),
(75, 'CHITTAGONG STOCK EXCHANGE LTD.', NULL, 35),
(76, 'DHAKA STOCK EXCHANGE LTD', NULL, 35),
(77, 'BELGIAN POWER EXCHANGE', NULL, 10),
(78, 'MTS BELGIUM', NULL, 10),
(79, 'MTS DENMARK', NULL, 10),
(80, 'MTS FINLAND', NULL, 10),
(81, 'EURONEXT - ALTERNEXT BRUSSELS', NULL, 10),
(82, 'EURONEXT - EASY NEXT', NULL, 10),
(83, 'EURONEXT - MARCHE LIBRE BRUSSELS', NULL, 10),
(84, 'EURONEXT - TRADING FACILITY BRUSSELS', NULL, 10),
(85, 'EURONEXT - VENTES PUBLIQUES BRUSSELS', NULL, 10),
(86, 'EURONEXT - EURONEXT BRUSSELS - DERIVATIVES', NULL, 10),
(87, 'EURONEXT - EURONEXT BRUSSELS', NULL, 10),
(88, 'INDEPENDENT BULGARIAN ENERGY EXCHANGE', NULL, 11),
(89, 'BULGARIAN STOCK EXCHANGE', NULL, 11),
(90, 'BAHRAIN FINANCIAL EXCHANGE', NULL, 49),
(91, 'BAHRAIN BOURSE', NULL, 49),
(92, 'BERMUDA STOCK EXCHANGE LTD', NULL, 155),
(93, 'BOLSA BOLIVIANA DE VALORES S.A.', NULL, 115),
(94, 'BOLSA DE CEREAIS E MERCADORIAS DE MARING', NULL, 112),
(95, 'BOLSA DE VALORES MINAS-ESPRITO SANTO-BRASLIA', NULL, 112),
(96, 'BRAZILIAN ENERGY EXCHANGE', NULL, 112),
(97, 'BM&FBOVESPA S.A. - BOLSA DE VALORES, MERCADORIAS E FUTUROS', NULL, 112),
(98, 'CETIP S.A. - MERCADOS ORGANIZADOS', NULL, 112),
(99, 'SISTEMA ESPECIAL DE LIQUIDACAO E CUSTODIA DE TITULOS PUBLICOS', NULL, 112),
(100, 'BAHAMAS INTERNATIONAL SECURITIES EXCHANGE', NULL, 107),
(101, 'BOTSWANA STOCK EXCHANGE - EXCHANGE TRADED FUNDS (ETF)', NULL, 135),
(102, 'BOTSWANA STOCK EXCHANGE - VENTURE CAPITAL', NULL, 135),
(103, 'BOTSWANA STOCK EXCHANGE', NULL, 135),
(104, 'BELARUS CURRENCY AND STOCK EXCHANGE', NULL, 82),
(105, 'CANNEX FINANCIAL EXCHANGE LTS', NULL, 12),
(106, 'CHI-X CANADA ATS', NULL, 12),
(107, 'CX2', NULL, 12),
(108, 'BMO CAPITAL MARKETS - CAD OTC TRADES', NULL, 12),
(109, 'ICE FUTURES CANADA', NULL, 12),
(110, 'INVESCO CANADA PTF TRADES', NULL, 12),
(111, 'LIQUIDNET CANADA ATS', NULL, 12),
(112, 'MATCH NOW', NULL, 12),
(113, 'AEQUITAS NEO EXCHANGE', NULL, 12),
(114, 'NATURAL GAS EXCHANGE', NULL, 12),
(115, 'LYNX ATS', NULL, 12),
(116, 'OMEGA ATS', NULL, 12),
(117, 'TMX SELECT', NULL, 12),
(118, 'ALPHA EXCHANGE', NULL, 12),
(119, 'PERIMETER FINANCIAL CORP. - BLOCKBOOK ATS', NULL, 12),
(120, 'PURE TRADING', NULL, 12),
(121, 'CANADIAN NATIONAL STOCK EXCHANGE', NULL, 12),
(122, 'INSTINET CANADA CROSS', NULL, 12),
(123, 'MONTREAL CLIMATE EXCHANGE', NULL, 12),
(124, 'THE MONTREAL EXCHANGE / BOURSE DE MONTREAL', NULL, 12),
(125, 'TORONTO STOCK EXCHANGE', NULL, 12),
(126, 'TSX VENTURE EXCHANGE - NEX', NULL, 12),
(127, 'TSX VENTURE EXCHANGE', NULL, 12),
(128, 'AIXECUTE', NULL, 24),
(129, 'SWISS DOTS BY CATS', NULL, 24),
(130, 'EUREX ZURICH', NULL, 24),
(131, 'EUREX REPO MARKET', NULL, 24),
(132, 'EUREX CH SECLEND MARKET', NULL, 24),
(133, 'EUREX OTC SPOT MARKET', NULL, 24),
(134, 'STOXX LIMITED', NULL, 24),
(135, 'STOXX LIMITED - CUSTOMIZED INDICES', NULL, 24),
(136, 'STOXX LIMITED - VOLATILITY INDICES', NULL, 24),
(137, 'STOXX LIMITED - INDICES', NULL, 24),
(138, 'UBS PIN-FX', NULL, 24),
(139, 'UBS FX', NULL, 24),
(140, 'UBS TRADING', NULL, 24),
(141, 'VONTOBEL LIQUIDITY EXTENDER', NULL, 24),
(142, 'BX SWISS AG', NULL, 24),
(143, 'SIX SWISS BILATERAL TRADING PLATFORM FOR STRUCTURED OTC PRODUCTS', NULL, 24),
(144, 'SIX CORPORATE BONDS AG', NULL, 24),
(145, 'SIX STRUCTURED PRODUCTS EXCHANGE', NULL, 24),
(146, 'SIX SWISS EXCHANGE', NULL, 24),
(147, 'SIX SWISS EXCHANGE - BLUE CHIPS SEGMENT', NULL, 24),
(148, 'ZURCHER KANTONALBANK SECURITIES EXCHANGE', NULL, 24),
(149, 'BOURSE REGIONALE DES VALEURS MOBILIERES', NULL, 131),
(150, 'BOLSA DE CORREDORES - BOLSA DE VALORES', NULL, 20),
(151, 'LA BOLSA ELECTRONICA DE CHILE', NULL, 20),
(152, 'SANTIAGO STOCK EXCHANGE', NULL, 20),
(153, 'DOUALA STOCK EXCHANGE', NULL, NULL),
(154, 'CHINA FINANCIAL FUTURES EXCHANGE', NULL, 27),
(155, 'CHINA STAINLESS STEEL EXCHANGE', NULL, 27),
(156, 'SHANGHAI GOLD EXCHANGE', NULL, 27),
(157, 'CHINA FOREIGN EXCHANGE TRADE SYSTEM', NULL, 27),
(158, 'DALIAN COMMODITY EXCHANGE', NULL, 27),
(159, 'SHANGHAI INTERNATIONAL ENERGY EXCHANGE', NULL, 27),
(160, 'SHANGHAI FUTURES EXCHANGE', NULL, 27),
(161, 'SHENZHEN STOCK EXCHANGE - SHENZHEN - HONG KONG STOCK CONNECT', NULL, 27),
(162, 'SHENZHEN STOCK EXCHANGE', NULL, 27),
(163, 'SHANGHAI STOCK EXCHANGE', NULL, 27),
(164, 'SHANGHAI STOCK EXCHANGE - SHANGHAI - HONG KONG STOCK CONNECT', NULL, 27),
(165, 'ZHENGZHOU COMMODITY EXCHANGE', NULL, 27),
(166, 'BOLSA DE VALORES DE COLOMBIA', NULL, 21),
(167, 'BOLSA NACIONAL DE VALORES, S.A.', NULL, 103),
(168, 'CAPE VERDE STOCK EXCHANGE', NULL, 156),
(169, 'DUTCH CARIBBEAN SECURITIES EXCHANGE', NULL, 157),
(170, 'CYPRUS STOCK EXCHANGE - OTC', NULL, 90),
(171, 'CYPRUS STOCK EXCHANGE', NULL, 90),
(172, 'MTF - CYPRUS EXCHANGE', NULL, 90),
(173, 'PRAGUE STOCK EXCHANGE', NULL, 7),
(174, 'PRAGUE STOCK EXCHANGE - MTF', NULL, 7),
(175, 'POWER EXCHANGE CENTRAL EUROPE', NULL, 7),
(176, 'RM-SYSTEM CZECH STOCK EXCHANGE (MTF)', NULL, 7),
(177, 'RM-SYSTEM CZECH STOCK EXCHANGE', NULL, 7),
(178, '360T', NULL, 64),
(179, 'CATS', NULL, 64),
(180, 'AUTOBAHN FX', NULL, 64),
(181, 'DEUTSCHE BANK OFF EXCHANGE TRADING', NULL, 64),
(182, 'TRADEGATE EXCHANGE', NULL, 64),
(183, 'TRADEGATE EXCHANGE - FREIVERKEHR', NULL, 64),
(184, 'TRADEGATE EXCHANGE - REGULIERTER MARKT', NULL, 64),
(185, 'BOERSE BERLIN - REGULIERTER MARKT', NULL, 64),
(186, 'BOERSE BERLIN - FREIVERKEHR', NULL, 64),
(187, 'BOERSE BERLIN - BERLIN SECOND REGULATED MARKET', NULL, 64),
(188, 'BOERSE BERLIN EQUIDUCT TRADING - REGULIERTER MARKT', NULL, 64),
(189, 'BOERSE BERLIN EQUIDUCT TRADING - BERLIN SECOND REGULATED MARKET', NULL, 64),
(190, 'BOERSE BERLIN EQUIDUCT TRADING - FREIVERKEHR', NULL, 64),
(191, 'BOERSE BERLIN EQUIDUCT TRADING - OTC', NULL, 64),
(192, 'BOERSE BERLIN', NULL, 64),
(193, 'BOERSE BERLIN EQUIDUCT TRADING', NULL, 64),
(194, 'ZOBEX', NULL, 64),
(195, 'BOERSE DUESSELDORF - REGULIERTER MARKT', NULL, 64),
(196, 'BOERSE DUESSELDORF - FREIVERKEHR', NULL, 64),
(197, 'BOERSE DUESSELDORF - QUOTRIX - REGULIERTER MARKT', NULL, 64),
(198, 'BOERSE DUESSELDORF - QUOTRIX MTF', NULL, 64),
(199, 'BOERSE DUESSELDORF', NULL, 64),
(200, 'BOERSE DUESSELDORF - QUOTRIX', NULL, 64),
(201, 'ECB EXCHANGE RATES', NULL, 64),
(202, 'EUROPEAN COMMODITY CLEARING AG', NULL, 64),
(203, 'EUROPEAN ENERGY EXCHANGE', NULL, 64),
(204, 'EUROPEAN ENERGY EXCHANGE - NON-MTF MARKET', NULL, 64),
(205, 'EUROPEAN ENERGY EXCHANGE - REGULATED MARKET', NULL, 64),
(206, 'EUREX REPO SECLEND MARKET', NULL, 64),
(207, 'EUREX CLEARING AG', NULL, 64),
(208, 'EUREX REPO - FUNDING AND FINANCING PRODUCTS', NULL, 64),
(209, 'EUREX REPO - TRIPARTY', NULL, 64),
(210, 'EUREX BONDS', NULL, 64),
(211, 'EUREX REPO GMBH', NULL, 64),
(212, 'EUREX DEUTSCHLAND', NULL, 64),
(213, 'BOERSE FRANKFURT - REGULIERTER MARKT', NULL, 64),
(214, 'BOERSE FRANKFURT - FREIVERKEHR', NULL, 64),
(215, 'DEUTSCHE BOERSE MID-POINT CROSS', NULL, 64),
(216, 'DEUTSCHE BOERSE AG - CUSTOMIZED INDICES', NULL, 64),
(217, 'DEUTSCHE BOERSE AG - VOLATILITY INDICES', NULL, 64),
(218, 'DEUTSCHE BOERSE AG - INDICES', NULL, 64),
(219, 'XETRA - REGULIERTER MARKT', NULL, 64),
(220, 'XETRA - FREIVERKEHR', NULL, 64),
(221, 'XETRA', NULL, 64),
(222, 'DEUTSCHE BOERSE AG', NULL, 64),
(223, 'NEWEX', NULL, 64),
(224, 'BOERSE HAMBURG - REGULIERTER MARKT', NULL, 64),
(225, 'BOERSE HAMBURG - FREIVERKEHR', NULL, 64),
(226, 'BOERSE HAMBURG - LANG AND SCHWARZ EXCHANGE', NULL, 64),
(227, 'BOERSE HAMBURG - LANG AND SCHWARZ EXCHANGE - REGULIERTER MARKT', NULL, 64),
(228, 'BOERSE HAMBURG - LANG AND SCHWARZ EXCHANGE - FREIVERKEHR', NULL, 64),
(229, 'HANSEATISCHE WERTPAPIERBOERSE HAMBURG', NULL, 64),
(230, 'BOERSE HANNOVER - REGULIERTER MARKT', NULL, 64),
(231, 'BOERSE HANNOVER - FREIVERKEHR', NULL, 64),
(232, 'NIEDERSAECHSISCHE BOERSE ZU HANNOVER', NULL, 64),
(233, 'INVESTRO', NULL, 64),
(234, 'BOERSE MUENCHEN - REGULIERTER MARKT', NULL, 64),
(235, 'BOERSE MUENCHEN - FREIVERKEHR', NULL, 64),
(236, 'BOERSE MUENCHEN - MARKET MAKER MUNICH - REGULIERTER MARKT', NULL, 64),
(237, 'BOERSE MUENCHEN - MARKET MAKER MUNICH - FREIVERKEHR MARKT', NULL, 64),
(238, 'BOERSE MUENCHEN', NULL, 64),
(239, 'BOERSE FRANKFURT WARRANTS TECHNICAL 1', NULL, 64),
(240, 'BOERSE FRANKFURT WARRANTS TECHNICAL 2', NULL, 64),
(241, 'BOERSE FRANKFURT WARRANTS TECHNICAL 3', NULL, 64),
(242, 'BOERSE FRANKFURT WARRANTS TECHNICAL', NULL, 64),
(243, 'EUWAX', NULL, 64),
(244, 'BOERSE STUTTGART - REGULIERTER MARKT', NULL, 64),
(245, 'BOERSE STUTTGART - FREIVERKEHR', NULL, 64),
(246, 'BOERSE STUTTGART', NULL, 64),
(247, 'FRANKFURT CEF SC', NULL, 64),
(248, 'DANSK OTC', NULL, 8),
(249, 'GXG MTF FIRST QUOTE', NULL, 8),
(250, 'GXG MTF', NULL, 8),
(251, 'GXG MARKETS A/S', NULL, 8),
(252, 'GASPOINT NORDIC A/S', NULL, 8),
(253, 'NASDAQ COPENHAGEN A/S - NORDIC@MID', NULL, 8),
(254, 'FIRST NORTH DENMARK - NORDIC@MID', NULL, 8),
(255, 'FIRST NORTH DENMARK', NULL, 8),
(256, 'NASDAQ COPENHAGEN A/S', NULL, 8),
(257, 'BOLSA DE VALORES DE LA REPUBLICA DOMINICANA SA.', NULL, 100),
(258, 'ALGIERS STOCK EXCHANGE', NULL, 122),
(259, 'BOLSA DE VALORES DE GUAYAQUIL', NULL, 114),
(260, 'BOLSA DE VALORES DE QUITO', NULL, 114),
(261, 'FIRST NORTH ESTONIA', NULL, 89),
(262, 'NASDAQ TALLINN AS', NULL, 89),
(263, 'NILE STOCK EXCHANGE', NULL, 121),
(264, 'EGYPTIAN EXCHANGE', NULL, 121),
(265, 'BME CLEARING S.A.', NULL, 69),
(266, 'BME - BOLSAS Y MERCADOS ESPANOLES', NULL, 69),
(267, 'MERCADO ALTERNATIVO BURSATIL', NULL, 69),
(268, 'MERCADO ALTERNATIVO DE RENTA FIJA', NULL, 69),
(269, 'MERCADO ELECTRONICO DE RENTA FIJA', NULL, 69),
(270, 'SEND - SISTEMA ELECTRONICO DE NEGOCIACION DE DEUDA', NULL, 69),
(271, 'BOLSA DE BARCELONA', NULL, 69),
(272, 'BOLSA DE VALORES DE BILBAO', NULL, 69),
(273, 'AIAF - MERCADO DE RENTA FIJA', NULL, 69),
(274, 'LATIBEX', NULL, 69),
(275, 'BOLSA DE MADRID', NULL, 69),
(276, 'MERCADO CONTINUO ESPANOL - CONTINUOUS MARKET', NULL, 69),
(277, 'MEFF POWER DERIVATIVES', NULL, 69),
(278, 'MEFF FINANCIAL DERIVATIVES', NULL, 69),
(279, 'BOLSA DE VALENCIA', NULL, 69),
(280, 'IBERIAN GAS HUB', NULL, 69),
(281, 'MERCADO ORGANIZADO DEL GAS', NULL, 69),
(282, 'OMI POLO ESPANOL S.A. (OMIE)', NULL, 69),
(283, 'ALTERNATIVE PLATFORM FOR SPANISH SECURITIES', NULL, 69),
(284, 'CADE - MERCADO DE DEUDA PUBLICA ANOTADA', NULL, 69),
(285, 'SISTEMA ESPANOL DE NEGOCIACION DE ACTIVOS FINANCIEROS', NULL, 69),
(286, 'MERCADO DE FUTUROS DE ACEITE DE OLIVA, S.A.', NULL, 69),
(287, 'KAASUPORSSI - FINNISH GAS EXCHANGE', NULL, 72),
(288, 'NASDAQ HELSINKI LTD - NORDIC@MID', NULL, 72),
(289, 'FIRST NORTH FINLAND - NORDIC@MID', NULL, 72),
(290, 'FIRST NORTH FINLAND', NULL, 72),
(291, 'NASDAQ HELSINKI LTD', NULL, 72),
(292, 'SOUTH PACIFIC STOCK EXCHANGE', NULL, 159),
(293, 'THE FAROESE SECURITIES MARKET', NULL, 160),
(294, 'LA COTE ALPHA', NULL, 66),
(295, 'EPEX SPOT SE', NULL, 66),
(296, 'MTS FRANCE SAS', NULL, 66),
(297, 'GALAXY', NULL, 66),
(298, 'LCH.CLEARNET', NULL, 66),
(299, 'ALTERNATIVA FRANCE', NULL, 66),
(300, 'BLUENEXT', NULL, 66),
(301, 'EURONEXT - ALTERNEXT PARIS', NULL, 66),
(302, 'BONDMATCH', NULL, 66),
(303, 'EURONEXT PARIS MATIF', NULL, 66),
(304, 'EURONEXT - MARCHE LIBRE PARIS', NULL, 66),
(305, 'EURONEXT PARIS MONEP', NULL, 66),
(306, 'EURONEXT - EURONEXT PARIS', NULL, 66),
(307, 'POWERNEXT - OTF', NULL, 66),
(308, 'POWERNEXT', NULL, 66),
(309, 'POWERNEXT - GAS SPOT AND FUTURES', NULL, 66),
(310, 'AQUIS EXCHANGE', NULL, 65),
(311, 'ARAX COMMODITIES LTD', NULL, 65),
(312, 'THE BALTIC EXCHANGE', NULL, 65),
(313, 'BALTEX - FREIGHT DERIVATIVES MARKET', NULL, 65),
(314, 'BATS EUROPE -BXE DARK ORDER BOOK', NULL, 65),
(315, 'BATS EUROPE -BXE ORDER BOOKS', NULL, 65),
(316, 'BATS EUROPE  BATS OFF-BOOK', NULL, 65),
(317, 'BATS EUROPE - BXE PERIODIC', NULL, 65),
(318, 'BATS  EUROPE', NULL, 65),
(319, 'BATS EUROPE -OFF EXCHANGE REPORTS', NULL, 65),
(320, 'BATS EUROPE - CXE DARK ORDER BOOK', NULL, 65),
(321, 'BATS EUROPE  CXE OFF-BOOK', NULL, 65),
(322, 'BATS EUROPE -CXE ORDER BOOKS', NULL, 65),
(323, 'BGC BROKERS LP - TRAYPORT', NULL, 65),
(324, 'BGC BROKERS LP', NULL, 65),
(325, 'BLOCKMATCH', NULL, 65),
(326, 'BLOOMBERG TRADING FACILITY LIMITED', NULL, 65),
(327, 'CINNOBER BOAT', NULL, 65),
(328, 'BONDSCAPE', NULL, 65),
(329, 'BERNSTEIN CROSS (BERN-X)', NULL, 65),
(330, 'THE CAZENOVE MTF', NULL, 65),
(331, 'CANTORCO2E.COM LIMITED', NULL, 65),
(332, 'CITI MATCH', NULL, 65),
(333, 'BLINK MTF', NULL, 65),
(334, 'CA CHEUVREUX', NULL, 65),
(335, 'CME CLEARING EUROPE', NULL, 65),
(336, 'CME EUROPE - DERIVATIVES', NULL, 65),
(337, 'CME  EUROPE', NULL, 65),
(338, 'CLEAR MARKETS EUROPE LIMITED', NULL, 65),
(339, 'CREDIT SUISSE AES CROSSFINDER EUROPE', NULL, 65),
(340, 'CREDIT SUISSE (EUROPE)', NULL, 65),
(341, 'DEUTSCHE BANK - CENTRAL RISK BOOK', NULL, 65),
(342, 'DEUTSCHE BANK - CLOSE CROSS', NULL, 65),
(343, 'DEUTSCHE BANK - DIRECT CAPITAL ACCESS', NULL, 65),
(344, 'DEUTSCHE BANK INTERNALISATION', NULL, 65),
(345, 'DEUTSCHE BANK - MANUAL OTC', NULL, 65),
(346, 'DEUTSCHE BANK - SUPERX EU', NULL, 65),
(347, 'ENCLEAR', NULL, 65),
(348, 'EQUILEND EUROPE LIMITED', NULL, 65),
(349, 'EXANE BNP PARIBAS - BID-OFFER CROSSING', NULL, 65),
(350, 'EXANE BNP PARIBAS - CLOSING PRICE', NULL, 65),
(351, 'EXANE BNP PARIBAS', NULL, 65),
(352, 'EXANE BNP PARIBAS - MID POINT', NULL, 65),
(353, 'EXANE BNP PARIBAS - CHILD ORDER CROSSING', NULL, 65),
(354, 'EXANE BNP PARIBAS - SYSTEMATIC INTERNALISER', NULL, 65),
(355, 'EXANE BNP PARIBAS - VOLUME PROFILE CROSSING', NULL, 65),
(356, 'CANTOR SPREADFAIR', NULL, 65),
(357, 'GEMMA (GILT EDGED MARKET MAKERSASSOCIATION)', NULL, 65),
(358, 'GFI CREDITMATCH', NULL, 65),
(359, 'GFI FOREXMATCH', NULL, 65),
(360, 'GFI ENERGYMATCH', NULL, 65),
(361, 'GFI RATESMATCH', NULL, 65),
(362, 'GLOBAL MARKETS EXCHANGE', NULL, 65),
(363, 'GLOBAL COMMODITIES EXCHANGE', NULL, 65),
(364, 'GLOBAL DERIVATIVES EXCHANGE', NULL, 65),
(365, 'GLOBAL SECURITIES EXCHANGE', NULL, 65),
(366, 'LONDON DERIVATIVES EXCHANGE', NULL, 65),
(367, 'GRIFFIN MARKETS LIMITED', NULL, 65),
(368, 'THE GREEN STOCK EXCHANGE - ACB IMPACT MARKETS', NULL, 65),
(369, 'HSBC-X UNITED KINGDOM', NULL, 65),
(370, 'ICE BENCHMARK ADMINISTRATION', NULL, 65),
(371, 'BROKERTEC', NULL, 65),
(372, 'EBS MTF', NULL, 65),
(373, 'TRAYPORT', NULL, 65),
(374, 'ICAP EUROPE', NULL, 65),
(375, 'ICAP ENERGY', NULL, 65),
(376, 'ICAP SECURITIES', NULL, 65),
(377, 'ICAP TRUEQUOTE', NULL, 65),
(378, 'ICAP SECURITIES & DERIVATIVES EXCHANGE LIMITED', NULL, 65),
(379, 'ICAP WCLK', NULL, 65),
(380, 'CREDITEX BROKERAGE LLP', NULL, 65),
(381, 'ICE FUTURES EUROPE - OIL AND REFINED PRODUCTS DIVISION', NULL, 65),
(382, 'ICE FUTURES EUROPE', NULL, 65),
(383, 'ICE FUTURES EUROPE - FINANCIAL PRODUCTS DIVISION', NULL, 65),
(384, 'ICE FUTURES EUROPE - EQUITY PRODUCTS DIVISION', NULL, 65),
(385, 'ICE FUTURES EUROPE - AGRICULTURAL PRODUCTS DIVISION', NULL, 65),
(386, 'ICE FUTURES EUROPE - EUROPEAN UTILITIES DIVISION', NULL, 65),
(387, 'I-SWAP', NULL, 65),
(388, 'KNIGHT LINK EUROPE', NULL, 65),
(389, 'LIQUIDNET EUROPE LIMITED', NULL, 65),
(390, 'LIQUIDNET H20', NULL, 65),
(391, 'LIQUIDNET SYSTEMS', NULL, 65),
(392, 'LMAX - DERIVATIVES', NULL, 65),
(393, 'LMAX - EQUITIES', NULL, 65),
(394, 'LMAX - FX', NULL, 65),
(395, 'LMAX - INDICES/RATES/COMMODITIES', NULL, 65),
(396, 'LMAX', NULL, 65),
(397, 'LME CLEAR', NULL, 65),
(398, 'OTC MARKET', NULL, 65),
(399, 'PLUS DERIVATIVES EXCHANGE', NULL, 65),
(400, 'LONDON PLATINUM AND PALLADIUM MARKET', NULL, 65),
(401, 'MARKETAXESS EUROPE LIMITED', NULL, 65),
(402, 'MF GLOBAL ENERGY MTF', NULL, 65),
(403, 'BANK OF AMERICA - MERRILL LYNCH AUCTION CROSS', NULL, 65),
(404, 'BANK OF AMERICA - MERRILL LYNCH OTC - EUROPE', NULL, 65),
(405, 'BANK OF AMERICA - MERRILL LYNCH VWAP CROSS - EUROPE', NULL, 65),
(406, 'BANK OF AMERICA - MERRILL LYNCH INSTINCT X - EUROPE', NULL, 65),
(407, 'MORGAN STANLEY AND CO. INTERNATIONAL PLC', NULL, 65),
(408, 'MYTREASURY', NULL, 65),
(409, 'N2EX', NULL, 65),
(410, 'ICE ENDEX GAS SPOT LTD', NULL, 65),
(411, 'NOMURA OTC TRADES', NULL, 65),
(412, 'NASDAQ EUROPE (NURO) DARK', NULL, 65),
(413, 'NASDAQ OMX EUROPE', NULL, 65),
(414, 'NASDAQ OMX NLX', NULL, 65),
(415, 'NX', NULL, 65),
(416, 'OTCEX', NULL, 65),
(417, 'PEEL HUNT LLP UK', NULL, 65),
(418, 'PEEL HUNT CROSSING', NULL, 65),
(419, 'PEEL HUNT RETAIL', NULL, 65),
(420, 'ARITAS FINANCIAL LTD', NULL, 65),
(421, 'PIRUM', NULL, 65),
(422, 'Q-WIXX PLATFORM', NULL, 65),
(423, 'RBC EUROPE LIMITED', NULL, 65),
(424, 'RBS CROSS', NULL, 65),
(425, 'REUTERS TRANSACTION SERVICES LIMITED', NULL, 65),
(426, 'SECFINEX', NULL, 65),
(427, 'SIGMA X MTF', NULL, 65),
(428, 'ASSET MATCH', NULL, 65),
(429, 'SPECTRONLIVE', NULL, 65),
(430, 'SPREADZERO', NULL, 65),
(431, 'SOCIAL STOCK EXCHANGE', NULL, 65),
(432, 'SWAPSTREAM', NULL, 65),
(433, 'VOLBROKER', NULL, 65),
(434, 'THE PROPERTY INVESTMENT EXCHANGE', NULL, 65),
(435, 'DBV-X', NULL, 65),
(436, 'ELIXIUM', NULL, 65),
(437, 'PARFX', NULL, 65),
(438, 'TRADITION CDS', NULL, 65),
(439, 'TRADITION ENERGY', NULL, 65),
(440, 'TRADITION ELECTRONIC TRADING PLATFORM', NULL, 65),
(441, 'TRAD-X', NULL, 65),
(442, 'TRADITION - VOLATIS', NULL, 65),
(443, 'TRADEWEB EUROPE LIMITED', NULL, 65),
(444, 'TURQUOISE DARK', NULL, 65),
(445, 'TURQUOISE', NULL, 65),
(446, 'UBS PIN (EMEA)', NULL, 65),
(447, 'UBS EMEA EQUITIES TRADING', NULL, 65),
(448, 'UK GILTS MARKET', NULL, 65),
(449, 'APX POWER UK', NULL, 65),
(450, 'VEGA-CHI', NULL, 65),
(451, 'WINTERFLOOD SECURITIES LIMITED', NULL, 65),
(452, 'ALTEX-ATS', NULL, 65),
(453, 'ICMA', NULL, 65),
(454, 'GLOBAL COAL LIMITED', NULL, 65),
(455, 'LONDON BULLION MARKET', NULL, 65),
(456, 'LCH.CLEARNET LTD', NULL, 65),
(457, 'EURONEXT - EURONEXT LONDON', NULL, 65),
(458, 'LONDON METAL EXCHANGE', NULL, 65),
(459, 'LONDON STOCK EXCHANGE - DERIVATIVES MARKET', NULL, 65),
(460, 'LONDON STOCK EXCHANGE', NULL, 65),
(461, 'MTS NETHERLANDS', NULL, 65),
(462, 'BONDVISION UK', NULL, 65),
(463, 'EUROMTS', NULL, 65),
(464, 'MTS GERMANY', NULL, 65),
(465, 'MTS HUNGARY', NULL, 65),
(466, 'MTS IRELAND', NULL, 65),
(467, 'MTS CZECH REPUBLIC', NULL, 65),
(468, 'MTS AUSTRIA', NULL, 65),
(469, 'MTS GREECE', NULL, 65),
(470, 'MTS INTERDEALER SWAPS MARKET', NULL, 65),
(471, 'MTS SWAP MARKET', NULL, 65),
(472, 'MTS PORTUGAL', NULL, 65),
(473, 'MTS PRIME', NULL, 65),
(474, 'MTS ISRAEL', NULL, 65),
(475, 'MTS SPAIN', NULL, 65),
(476, 'MTS SLOVENIA', NULL, 65),
(477, 'MTS MARKETS', NULL, 65),
(478, 'ALPHA Y', NULL, 65),
(479, 'SMARTPOOL', NULL, 65),
(480, 'SWX SWISS BLOCK', NULL, 65),
(481, 'TULLETT PREBON PLC - TP ENERGY', NULL, 65),
(482, 'TULLETT PREBON PLC - TP TRADEBLADE', NULL, 65),
(483, 'TULLETT PREBON PLC - TP CREDITDEAL', NULL, 65),
(484, 'TULLETT PREBON PLC  TULLETT PREBON (EUROPE) LIMITED', NULL, 65),
(485, 'TULLETT PREBON PLC - TP EQUITYTRADE', NULL, 65),
(486, 'TULLETT PREBON PLC - TP FORWARDDEAL', NULL, 65),
(487, 'TULLETT PREBON PLC - TP REPO', NULL, 65),
(488, 'TULLETT PREBON PLC - TP SWAPDEAL', NULL, 65),
(489, 'TULLETT PREBON PLC  TULLETT PREBON (SECURITIES) LIMITED', NULL, 65),
(490, 'TULLETT PREBON PLC - TP ENERGYTRADE', NULL, 65),
(491, 'TULLETT PREBON PLC', NULL, 65),
(492, 'UBS MTF', NULL, 65),
(493, 'GEORGIA STOCK EXCHANGE', NULL, 161),
(494, 'CHANNEL ISLANDS STOCK EXCHANGE', NULL, 162),
(495, 'GHANA STOCK EXCHANGE', NULL, 128),
(496, 'THE GIBRALTAR STOCK EXCHANGE', NULL, 163),
(497, 'ATHENS STOCK EXCHANGE', NULL, 76),
(498, 'ATHENS EXCHANGE ALTERNATIVE MARKET', NULL, 76),
(499, 'ATHENS EXCHANGE EUAS MARKET', NULL, 76),
(500, 'HELLENIC EXCHANGE OTC MARKET', NULL, 76),
(501, 'ATHENS EXCHANGE S.A. DERIVATIVES MARKET', NULL, 76),
(502, 'ATHENS EXCHANGE S.A. CASH MARKET', NULL, 76),
(503, 'HELEX ELECTRONIC BOOK BUILDING', NULL, 76),
(504, 'ELECTRONIC SECONDARY SECURITIES MARKET (HDAT)', NULL, 76),
(505, 'LAGIE - OPERATOR OF THE ENERGY MARKET S.A.', NULL, 76),
(506, 'BOLSA DE VALORES NACIONAL SA', NULL, 101),
(507, 'THE GUYANA ASSOCIATION OF SECURITIES COMPANIES AND INTERMEDIARIES INC.', NULL, 119),
(508, 'CITI MATCH', NULL, 158),
(509, 'CLSA HONG KONG - DARK', NULL, 158),
(510, 'CROSSFINDER HONG KONG', NULL, 158),
(511, 'CREDIT SUISSE SECURITIES (HONG KONG) LIMITED', NULL, 158),
(512, 'DEUTSCHE BANK HONG KONG ATS', NULL, 158),
(513, 'E-OTC', NULL, 158),
(514, 'HSBC-X HONG KONG', NULL, 158),
(515, 'MACQUARIE INTERNAL MARKETS (HONG KONG)', NULL, 158),
(516, 'SIGMA X HONG KONG', NULL, 158),
(517, 'TORA CROSSPOINT', NULL, 158),
(518, 'UBS CROSS', NULL, 158),
(519, 'CHINESE GOLD & SILVER EXCHANGE SOCIETY', NULL, 158),
(520, 'HONG KONG FUTURES EXCHANGE LTD.', NULL, 158),
(521, 'STOCK EXCHANGE OF HONG KONG LIMITED - SHANGHAI - HONG KONG STOCK CONNECT', NULL, 158),
(522, 'HONG KONG GROWTH ENTERPRISES MARKET', NULL, 158),
(523, 'HONG KONG EXCHANGES AND CLEARING LTD', NULL, 158),
(524, 'INSTINET PACIFIC LTD', NULL, 158),
(525, 'POSIT - ASIA PACIFIC', NULL, 158),
(526, 'BOLSA CENTROAMERICANA DE VALORES S.A.', NULL, 104),
(527, 'CROATIAN POWER EXCHANGE', NULL, 84),
(528, 'ZAGREB MONEY AND SHORT TERM SECURITIES MARKET INC', NULL, 84),
(529, 'ZAGREB STOCK EXCHANGE', NULL, 84),
(530, 'THE ZAGREB STOCK EXCHANGE MTF', NULL, 84),
(531, 'BETA MARKET', NULL, 79),
(532, 'HUNGARIAN POWER EXCHANGE', NULL, 79),
(533, 'KELER CCP', NULL, 79),
(534, 'BUDAPEST STOCK EXCHANGE', NULL, 79),
(535, 'CENTRAL EASTERN EUROPEAN GAS EXCHANGE LTD', NULL, 79),
(536, 'INDONESIA COMMODITY AND DERIVATIVES EXCHANGE', NULL, 6),
(537, 'JAKARTA FUTURES EXCHANGE (BURSA BERJANGKA JAKARTA)', NULL, 6),
(538, 'INDONESIA STOCK EXCHANGE', NULL, 6),
(539, 'JAKARTA NEGOTIATED BOARD', NULL, 6),
(540, 'POSIT', NULL, 75),
(541, 'BAXTER FINANCIAL SERVICES', NULL, 75),
(542, 'ATLANTIC SECURITIES MARKET', NULL, 75),
(543, 'IRISH STOCK EXCHANGE - ALL MARKET', NULL, 75),
(544, 'DUBLIN - IRISH STOCK EXCHANGE - ENTREPRISE SECURITIES MARKET (ESM)- ISE XETRA', NULL, 75),
(545, 'IRISH STOCK EXCHANGE - GEM - XETRA', NULL, 75),
(546, 'DUBLIN - IRISH STOCK EXCHANGE - MAIN SECURITIES MARKET (MSM)- ISE XETRA', NULL, 75),
(547, 'ENERGY BROKING IRELAND GAS TRADING PLATFORM', NULL, 75),
(548, 'TEL AVIV STOCK EXCHANGE', NULL, 33),
(549, 'ACE DERIVATIVES & COMMODITY EXCHANGE LTD', NULL, 1),
(550, 'CLEARCORP DEALING SYSTEMS (INDIA) LTD.', NULL, 1),
(551, 'INDIAN COMMODITY EXCHANGE LTD.', NULL, 1),
(552, 'INTER-CONNECTED STOCK EXCHANGE OF INDIA LTD', NULL, 1),
(553, 'MCX STOCK EXCHANGE LTD', NULL, 1),
(554, 'NATIONAL BOARD OF TRADE LIMITED', NULL, 1),
(555, 'NATIONAL MULTI-COMMODITY EXCHANGE OF INDIA', NULL, 1),
(556, 'OTC EXCHANGE OF INDIA', NULL, 1),
(557, 'POWER EXCHANGE INDIA LTD.', NULL, 1),
(558, 'BANGALORE STOCK EXCHANGE LTD', NULL, 1),
(559, 'BSE SME', NULL, 1),
(560, 'BSE LTD', NULL, 1),
(561, 'CALCUTTA STOCK EXCHANGE', NULL, 1),
(562, 'DELHI STOCK EXCHANGE', NULL, 1),
(563, 'MULTI COMMODITY EXCHANGE OF INDIA LTD.', NULL, 1),
(564, 'MADRAS STOCK EXCHANGE', NULL, 1),
(565, 'NATIONAL COMMODITY & DERIVATIVES EXCHANGE LTD', NULL, 1),
(566, 'NATIONAL STOCK EXCHANGE OF INDIA', NULL, 1),
(567, 'UNITED STOCK EXCHANGE', NULL, 1),
(568, 'IRAQ STOCK EXCHANGE', NULL, 39),
(569, 'IRAN MERCANTILE EXCHANGE', NULL, 31),
(570, 'TEHRAN STOCK EXCHANGE', NULL, 31),
(571, 'NASDAQ ICELAND HF. - NORDIC@MID', NULL, 92),
(572, 'FIRST NORTH ICELAND - NORDIC@MID', NULL, 92),
(573, 'FIRST NORTH ICELAND', NULL, 92),
(574, 'NASDAQ ICELAND HF.', NULL, 92),
(575, 'CASSA DI COMPENSAZIONE E GARANZIA SPA - COLLATERALIZED MONEY MARKET GUARANTEE SERVICE', NULL, 67),
(576, 'CASSA DI COMPENSAZIONE E GARANZIA SPA - BONDS CCP SERVICE', NULL, 67),
(577, 'CASSA DI COMPENSAZIONE E GARANZIA SPA - EURO BONDS CCP SERVICE', NULL, 67),
(578, 'CASSA DI COMPENSAZIONE E GARANZIA SPA - CCP AGRICULTURAL COMMODITY DERIVATIVES', NULL, 67),
(579, 'CASSA DI COMPENSAZIONE E GARANZIA SPA', NULL, 67),
(580, 'CASSA DI COMPENSAZIONE E GARANZIA SPA - CCP ENERGY DERIVATIVES', NULL, 67),
(581, 'CASSA DI COMPENSAZIONE E GARANZIA SPA - CCP EQUITY DERIVATIVES', NULL, 67),
(582, 'CASSA DI COMPENSAZIONE E GARANZIA SPA - EQUITY CCP SERVICE', NULL, 67),
(583, 'CASSA DI COMPENSAZIONE E GARANZIA SPA - TRIPARTY REPO CCP SERVICE', NULL, 67),
(584, 'E-MID - E-MIDER MARKET', NULL, 67),
(585, 'E-MID', NULL, 67),
(586, 'E-MID REPO', NULL, 67),
(587, 'EUROTLX', NULL, 67),
(588, 'HI-MTF ORDER DRIVEN', NULL, 67),
(589, 'HI-MTF', NULL, 67),
(590, 'BONDVISION', NULL, 67),
(591, 'MTS S.P.A.', NULL, 67),
(592, 'MTS CORPORATE MARKET', NULL, 67),
(593, 'BOND VISION CORPORATE', NULL, 67),
(594, 'GESTORE MERCATO ELETTRICO - ITALIAN POWER EXCHANGE', NULL, 67),
(595, 'ELECTRONIC OPEN-END FUNDS AND ETC MARKET', NULL, 67),
(596, 'MARKET FOR INVESTMENT VEHICLES', NULL, 67),
(597, 'ELECTRONIC BOND MARKET', NULL, 67),
(598, 'ELECTRONIC SHARE MARKET', NULL, 67),
(599, 'BORSA ITALIANA TRADING AFTER HOURS', NULL, 67),
(600, 'SECURITISED DERIVATIVES MARKET', NULL, 67),
(601, 'AIM ITALIA - MERCATO ALTERNATIVO DEL CAPITALE', NULL, 67),
(602, 'ITALIAN DERIVATIVES MARKET', NULL, 67),
(603, 'BORSA ITALIANA S.P.A.', NULL, 67),
(604, 'EXTRAMOT', NULL, 67),
(605, 'JAMAICA STOCK EXCHANGE', NULL, 14),
(606, 'AMMAN STOCK EXCHANGE', NULL, 47),
(607, 'BLOOMBERG TRADEBOOK JAPAN LIMITED', NULL, 28),
(608, 'CHI-X JAPAN', NULL, 28),
(609, 'CHI-X JAPAN SELECT', NULL, 28),
(610, 'CHI-X JAPAN VWAP CROSSING', NULL, 28),
(611, 'KAI-X', NULL, 28),
(612, 'CITI DARK', NULL, 28),
(613, 'CITI MATCH', NULL, 28),
(614, 'CLSA JAPAN - DARK', NULL, 28),
(615, 'CLEAR MARKETS JAPAN, INC.', NULL, 28),
(616, 'CROSSFINDER JAPAN', NULL, 28),
(617, 'CREDIT SUISSE EQUITIES (JAPAN) LIMITED', NULL, 28),
(618, 'DAIWA DRECT', NULL, 28),
(619, 'BARCLAYS LX JAPAN', NULL, 28),
(620, 'MACQUARIE INTERNAL MARKETS (JAPAN)', NULL, 28),
(621, 'MIZUHO INTERNAL CROSSING', NULL, 28),
(622, 'MORGAN STANLEY MUFG SECURITIES CO., LTD', NULL, 28),
(623, 'NOMURA SECURITIES CO LTD', NULL, 28),
(624, 'NX JAPAN', NULL, 28),
(625, 'NX SELECT JAPAN', NULL, 28),
(626, 'NX VWAP', NULL, 28),
(627, 'SBI JAPANNEXT-J-MARKET', NULL, 28),
(628, 'SBI JAPANNEXT - U - MARKET', NULL, 28),
(629, 'SBI JAPANNEXT - VWAP CROSSING', NULL, 28),
(630, 'SBI JAPANNEXT - X - MARKET', NULL, 28),
(631, 'SIGMA X JAPAN', NULL, 28),
(632, 'FUKUOKA STOCK EXCHANGE', NULL, 28),
(633, 'JAPANCROSSING', NULL, 28),
(634, 'INSTINET JAPAN', NULL, 28),
(635, 'TOKYO STOCK EXCHANGE JASDAQ', NULL, 28),
(636, 'JAPAN EXCHANGE GROUP', NULL, 28),
(637, 'OSAKA EXCHANGE', NULL, 28),
(638, 'OSAKA EXCHANGE J-NET', NULL, 28),
(639, 'TOKYO STOCK EXCHANGE-TOKYO PRO MARKET', NULL, 28),
(640, 'TOKYO STOCK EXCHANGE - TOSTNET-1', NULL, 28),
(641, 'TOKYO STOCK EXCHANGE - TOSTNET-2', NULL, 28),
(642, 'TOKYO STOCK EXCHANGE - TOSTNET-3', NULL, 28),
(643, 'TOKYO STOCK EXCHANGE', NULL, 28),
(644, 'KANSAI COMMODITIES EXCHANGE', NULL, 28),
(645, 'NAGOYA STOCK EXCHANGE', NULL, 28),
(646, 'CENTRAL JAPAN COMMODITIES EXCHANGE', NULL, 28),
(647, 'SAPPORO SECURITIES EXCHANGE', NULL, 28),
(648, 'TOKYO FINANCIAL  EXCHANGE', NULL, 28),
(649, 'TOKYO COMMODITY EXCHANGE', NULL, 28),
(650, 'NAIROBI STOCK EXCHANGE', NULL, 126),
(651, 'KYRGYZ STOCK EXCHANGE', NULL, 58),
(652, 'CAMBODIA SECURITIES EXCHANGE', NULL, 52),
(653, 'EASTERN CARIBBEAN SECURITIES EXCHANGE', NULL, 164),
(654, 'KOREA FREEBOARD MARKET', NULL, 29),
(655, 'KOREA EXCHANGE COMMODITY MARKET', NULL, 29),
(656, 'KOREA EXCHANGE EMISSIONS MARKET', NULL, 29),
(657, 'KOREA EXCHANGE (FUTURES MARKET)', NULL, 29),
(658, 'KOREA NEW EXCHANGE', NULL, 29),
(659, 'KOREA EXCHANGE (KOSDAQ)', NULL, 29),
(660, 'KOREA EXCHANGE (STOCK MARKET)', NULL, 29),
(661, 'KUWAIT STOCK EXCHANGE', NULL, 40),
(662, 'CAYMAN ISLANDS STOCK EXCHANGE', NULL, 165),
(663, 'ETS EURASIAN TRADING SYSTEM COMMODITY EXCHANGE', NULL, 179),
(664, 'KAZAKHSTAN STOCK EXCHANGE', NULL, 179),
(665, 'LAO SECURITIES EXCHANGE', NULL, 53),
(666, 'BOURSE DE BEYROUTH - BEIRUT STOCK EXCHANGE', NULL, 178),
(667, 'COLOMBO STOCK EXCHANGE', NULL, 41),
(668, 'BALTPOOL', NULL, 86),
(669, 'LITHUANIAN NATURAL GAS EXCHANGE', NULL, 86),
(670, 'FIRST NORTH LITHUANIA', NULL, 86),
(671, 'AB NASDAQ VILNIUS', NULL, 86),
(672, 'FINESTI S.A.', NULL, 83),
(673, 'EURO MTF', NULL, 83),
(674, 'LUXEMBOURG STOCK EXCHANGE', NULL, 83),
(675, 'VESTIMA', NULL, 83),
(676, 'FIRST NORTH LATVIA', NULL, 88),
(677, 'NASDAQ RIGA AS', NULL, 88),
(678, 'LIBYAN STOCK MARKET', NULL, 129),
(679, 'CASABLANCA STOCK EXCHANGE', NULL, 123),
(680, 'MOLDOVA STOCK EXCHANGE', NULL, 96),
(681, 'MONTENEGRO STOCK EXCHANGE', NULL, 98),
(682, 'MARCHE INTERBANCAIRE DES DEVISES M.I.D.', NULL, 137),
(683, 'MACEDONIAN STOCK EXCHANGE', NULL, 94),
(684, 'MONGOLIAN STOCK EXCHANGE', NULL, 54),
(685, 'EUROPEAN WHOLESALE SECURITIES MARKET', NULL, 95),
(686, 'MALTA STOCK EXCHANGE', NULL, 95),
(687, 'BOURSE AFRICA LIMITED', NULL, 145),
(688, 'AFRICAN STOCK EXCHANGE', NULL, 145),
(689, 'STOCK EXCHANGE OF MAURITIUS LTD', NULL, 145),
(690, 'MALDIVES STOCK EXCHANGE', NULL, 60),
(691, 'MALAWI STOCK EXCHANGE', NULL, 177),
(692, 'CITI MEXICO RPI (RETAIL PRICE IMPROVEMENT)', NULL, 15),
(693, 'MERCADO MEXICANO DE DERIVADOS', NULL, 15),
(694, 'BOLSA MEXICANA DE VALORES (MEXICAN STOCK EXCHANGE)', NULL, 15),
(695, 'ACE MARKET', NULL, 2),
(696, 'BURSA MALAYSIA', NULL, 2),
(697, 'LABUAN INTERNATIONAL FINANCIAL EXCHANGE', NULL, 2),
(698, 'RINGGIT BOND MARKET', NULL, 2),
(699, 'MOZAMBIQUE STOCK  EXCHANGE', NULL, 139),
(700, 'NAMIBIAN STOCK EXCHANGE', NULL, 144),
(701, 'NASD OTC MARKET', NULL, 120),
(702, 'THE NIGERIAN STOCK EXCHANGE', NULL, 120),
(703, 'BOLSA DE VALORES DE NICARAGUA', NULL, 109),
(704, 'CLIMEX', NULL, 70),
(705, 'ICE CLEAR NETHERLANDS B.V.', NULL, 70),
(706, 'ICE ENDEX DERIVATIVES B.V.', NULL, 70),
(707, 'ICE ENDEX GAS B.V.', NULL, 70),
(708, 'APX POWER NL', NULL, 70),
(709, 'TOM MTF DERIVATIVES MARKET', NULL, 70),
(710, 'TOM MTF CASH MARKETS', NULL, 70),
(711, 'EURONEXT - ALTERNEXT AMSTERDAM', NULL, 70),
(712, 'EURONEXT - TRADED BUT NOT LISTED AMSTERDAM', NULL, 70),
(713, 'EURONEXT - EURONEXT AMSTERDAM', NULL, 70),
(714, 'EURONEXT COM, COMMODITIES FUTURES AND OPTIONS', NULL, 70),
(715, 'EURONEXT EQF, EQUITIES AND INDICES DERIVATIVES', NULL, 70),
(716, 'EURONEXT IRF, INTEREST RATE FUTURE AND OPTIONS', NULL, 70),
(717, 'EMS EXCHANGE', NULL, 70),
(718, 'FISH POOL ASA', NULL, 74),
(719, 'FISHEX', NULL, 74),
(720, 'ICAP ENERGY AS', NULL, 74),
(721, 'NOREXECO AS', NULL, 74),
(722, 'NORD POOL SPOT AS', NULL, 74),
(723, 'NASDAQ OMX COMMODITIES', NULL, 74),
(724, 'NOS CLEARING ASA', NULL, 74),
(725, 'NORWEGIAN OVER THE COUNTER MARKET', NULL, 74),
(726, 'SIX X-CLEAR AG', NULL, 74),
(727, 'INTERNATIONAL MARTIME EXCHANGE', NULL, 74),
(728, 'MERKUR MARKET - DARK POOL', NULL, 74),
(729, 'MERKUR MARKET', NULL, 74),
(730, 'NORWEGIAN INTER BANK OFFERED RATE', NULL, 74),
(731, 'OSLO AXESS NORTH SEA - DARK POOL', NULL, 74),
(732, 'NORDIC ALTERNATIVE BOND MARKET', NULL, 74),
(733, 'OSLO AXESS', NULL, 74),
(734, 'OSLO CONNECT', NULL, 74),
(735, 'OSLO BORS NORTH SEA - DARK POOL', NULL, 74),
(736, 'OSLO BORS ASA', NULL, 74),
(737, 'NEPAL STOCK EXCHANGE', NULL, 50),
(738, 'NEW ZEALAND FUTURES & OPTIONS', NULL, 176),
(739, 'NEW ZEALAND EXCHANGE LTD', NULL, 176),
(740, 'MUSCAT SECURITIES MARKET', NULL, 44),
(741, 'BOLSA DE VALORES DE PANAMA, S.A.', NULL, 102),
(742, 'BOLSA DE VALORES DE LIMA', NULL, 113),
(743, 'PORT MORESBY STOCK EXCHANGE', NULL, 175),
(744, 'CLSA PHILIPPINES - DARK', NULL, 5),
(745, 'PHILIPPINE DEALING AND EXCHANGE CORP', NULL, 5),
(746, 'PHILIPPINE STOCK EXCHANGE, INC.', NULL, 5),
(747, 'PAKISTAN MERCANTILE EXCHANGE', NULL, 34),
(748, 'ISLAMABAD STOCK EXCHANGE', NULL, 34),
(749, 'THE PAKISTAN STOCK EXCHANGE LIMITED', NULL, 34),
(750, 'LAHORE STOCK EXCHANGE', NULL, 34),
(751, 'KDPW_CCP', NULL, 73),
(752, 'POLISH TRADING POINT', NULL, 73),
(753, 'WARSAW STOCK EXCHANGE/BONDS/CATALYST/BONDSPOT/MTF', NULL, 73),
(754, 'WARSAW STOCK EXCHANGE/COMMODITIES/POLISH POWER EXCHANGE/COMMODITY DERIVATIVES', NULL, 73),
(755, 'WARSAW STOCK EXCHANGE/COMMODITIES/POLISH POWER EXCHANGE/ENERGY MARKET', NULL, 73),
(756, 'WARSAW STOCK EXCHANGE/BONDS/CATALYST/BONDSPOT/REGULATED MARKET', NULL, 73),
(757, 'WARSAW STOCK EXCHANGE/BONDS/BONDSPOT/TREASURY BOND MARKET', NULL, 73),
(758, 'WARSAW STOCK EXCHANGE/BONDS/CATALYST/LISTING', NULL, 73),
(759, 'WARSAW STOCK EXCHANGE/ BONDS/CATALYST/MAIN MARKET', NULL, 73),
(760, 'WARSAW STOCK EXCHANGE/FINANCIAL DERIVATIVES', NULL, 73),
(761, 'WARSAW STOCK EXCHANGE/ ETPS', NULL, 73),
(762, 'WARSAW STOCK EXCHANGE/COMMODITIES/POLISH POWER EXCHANGE/GAS', NULL, 73),
(763, 'WARSAW STOCK EXCHANGE/INDICES', NULL, 73),
(764, 'WARSAW STOCK EXCHANGE/BONDS/CATALYST/MTF', NULL, 73),
(765, 'WARSAW STOCK EXCHANGE/ EQUITIES/NEW CONNECT-MTF', NULL, 73),
(766, 'WARSAW STOCK EXCHANGE/EQUITIES/MAIN MARKET', NULL, 73),
(767, 'PALESTINE SECURITIES EXCHANGE', NULL, 166),
(768, 'THE IBERIAN ENERGY CLEARING HOUSE', NULL, 77),
(769, 'PEX-PRIVATE EXCHANGE', NULL, 77),
(770, 'EURONEXT - ALTERNEXT LISBON', NULL, 77),
(771, 'EURONEXT - EASYNEXT LISBON', NULL, 77),
(772, 'EURONEXT - MERCADO DE FUTUROS E OPES', NULL, 77),
(773, 'OPERADOR DE MERCADO IBERICO DE ENERGIA - PORTUGAL', NULL, 77),
(774, 'EURONEXT - MARKET WITHOUT QUOTATIONS LISBON', NULL, 77),
(775, 'EURONEXT - EURONEXT LISBON', NULL, 77),
(776, 'BOLSA DE VALORES Y PRODUCTOS DE ASUNCION SA', NULL, 117),
(777, 'QATAR EXCHANGE', NULL, 38),
(778, 'BMFMS-ATS', NULL, 78),
(779, 'DERIVATIVES REGULATED MARKET - BMFMS', NULL, 78),
(780, 'SIBIU MONETARY- FINANCIAL AND COMMODITIES EXCHANGE', NULL, 78),
(781, 'SPOT REGULATED MARKET - BMFMS', NULL, 78),
(782, 'ROMANIAN  COMMODITIES EXCHANGE', NULL, 78),
(783, 'DERIVATIVES REGULATED MARKET - BVB', NULL, 78),
(784, 'SPOT REGULATED MARKET - BVB', NULL, 78),
(785, 'CAN-ATS', NULL, 78),
(786, 'RASDAQ', NULL, 78),
(787, 'ROMANIAN POWER MARKET', NULL, 78),
(788, 'BELGRADE STOCK EXCHANGE', NULL, 174),
(789, 'MOSCOW EXCHANGE', NULL, 68),
(790, 'MOSCOW EXCHANGE-DERIVATIVES AND CLASSICA MARKET', NULL, 68),
(791, 'NATIONAL MERCANTILE EXCHANGE', NULL, 68),
(792, 'MOSCOW ENERGY EXCHANGE', NULL, 68),
(793, 'NON-PROFIT PARTNERSHIP FOR THE DEVELOPMENT OF FINANCIAL MARKET RTS', NULL, 68),
(794, 'ST. PETERSBURG INTERNATIONAL MERCANTILE EXCHANGE', NULL, 68),
(795, 'MOSCOW STOCK EXCHANGE', NULL, 68),
(796, 'SAINT PETERSBURG EXCHANGE', NULL, 68),
(797, 'SAINT-PETERSBURG CURRENCY EXCHANGE', NULL, 68),
(798, 'INTERNET DIRECT-ACCESS EXCHANGE', NULL, 68),
(799, 'SAMARA CURRENCY INTERBANK EXCHANGE', NULL, 68),
(800, 'SIBERIAN EXCHANGE', NULL, 68),
(801, 'RWANDA OTC MARKET', NULL, 148),
(802, 'RWANDA STOCK EXCHANGE', NULL, 148),
(803, 'SAUDI STOCK EXCHANGE', NULL, 30),
(804, 'TROP-X', NULL, 173),
(805, 'KHARTOUM STOCK EXCHANGE', NULL, 172),
(806, 'CRYEX - FX AND DIGITAL CURRENCIES', NULL, 71),
(807, 'CRYEX', NULL, 71),
(808, 'SEB ENSKILDA', NULL, 71),
(809, 'SEB - LIQUIDITY POOL', NULL, 71),
(810, 'NORDIC MTF', NULL, 71),
(811, 'NORDIC DERIVATIVES EXCHANGE', NULL, 71),
(812, 'NORDIC GROWTH MARKET', NULL, 71),
(813, 'NORDIC MTF REPORTING', NULL, 71),
(814, 'AKTIETORGET', NULL, 71),
(815, 'NASDAQ CLEARING AB', NULL, 71),
(816, 'FIRST NORTH SWEDEN - NORDIC@MID', NULL, 71),
(817, 'NASDAQ STOCKHOLM AB - NORDIC@MID', NULL, 71),
(818, 'FIRST NORTH SWEDEN', NULL, 71),
(819, 'OTC PUBLICATION VENUE', NULL, 71),
(820, 'NASDAQ STOCKHOLM AB', NULL, 71),
(821, 'CLEARTRADE EXCHANGE', NULL, 3),
(822, 'EUREX CLEARING ASIA PTE. LTD.', NULL, 3),
(823, 'EUREX EXCHANGE ASIA PTE. LTD.', NULL, 3),
(824, 'ICE FUTURES SINGAPORE', NULL, 3),
(825, 'JOINT ASIAN DERIVATIVES EXCHANGE', NULL, 3),
(826, 'SINGAPORE MERCANTILE EXCHANGE PTE LTD', NULL, 3),
(827, 'TFS GREEN AUSTRALIAN GREEN MARKETS', NULL, 3),
(828, 'SINGAPORE CATALIST MARKET', NULL, 3),
(829, 'SINGAPORE COMMODITY EXCHANGE', NULL, 3),
(830, 'SINGAPORE EXCHANGE', NULL, 3),
(831, 'SINGAPORE EXCHANGE DERIVATIVES CLEARING LIMITED', NULL, 3),
(832, 'LJUBLJANA STOCK EXCHANGE (OFFICIAL MARKET)', NULL, 85),
(833, 'BSP REGIONAL ENERGY EXCHANGE - SOUTH POOL', NULL, 85),
(834, 'SPX', NULL, 81),
(835, 'BRATISLAVA STOCK EXCHANGE', NULL, 81),
(836, 'EL SALVADOR STOCK EXCHANGE', NULL, 110),
(837, 'DAMASCUS SECURITIES EXCHANGE', NULL, 63),
(838, 'SWAZILAND STOCK EXCHANGE', NULL, 150),
(839, 'AGRICULTURAL FUTURES EXCHANGE OF THAILAND', NULL, 4),
(840, 'BOND ELECTRONIC EXCHANGE', NULL, 4),
(841, 'THAILAND FUTURES EXCHANGE', NULL, 4),
(842, 'STOCK EXCHANGE OF THAILAND - FOREIGN BOARD', NULL, 4),
(843, 'STOCK EXCHANGE OF THAILAND', NULL, 4),
(844, 'MARKET FOR ALTERNATIVE INVESTMENT', NULL, 4),
(845, 'BOURSE DE TUNIS', NULL, 127),
(846, 'BORSA ISTANBUL - DEBT SECURITIES MARKET', NULL, 171),
(847, 'BORSA ISTANBUL - EQUITY MARKET', NULL, 171),
(848, 'BORSA ISTANBUL - FUTURES AND OPTIONS MARKET', NULL, 171),
(849, 'BORSA ISTANBUL', NULL, 171),
(850, 'BORSA ISTANBUL - PRECIOUS METALS AND DIAMONDS MARKETS', NULL, 171),
(851, 'TRINIDAD AND TOBAGO STOCK EXCHANGE', NULL, 170),
(852, 'TAIPEI EXCHANGE', NULL, 169),
(853, 'TAIWAN FUTURES EXCHANGE', NULL, 169),
(854, 'TAIWAN STOCK EXCHANGE', NULL, 169),
(855, 'DAR ES  SALAAM STOCK EXCHANGE', NULL, 168),
(856, 'EAST EUROPEAN STOCK EXCHANGE', NULL, 80),
(857, 'PFTS QUOTE DRIVEN', NULL, 80),
(858, 'PFTS STOCK EXCHANGE', NULL, 80),
(859, 'STOCK EXCHANGE PERSPECTIVA', NULL, 80),
(860, 'UKRAINIAN EXCHANGE', NULL, 80),
(861, 'JOINT-STOCK COMPANY STOCK EXCHANGE INNEX', NULL, 80),
(862, 'KHARKOV COMMODITY EXCHANGE', NULL, 80),
(863, 'KIEV UNIVERSAL EXCHANGE', NULL, 80),
(864, 'KIEV INTERNATIONAL STOCK EXCHANGE', NULL, 80),
(865, 'ODESSA COMMODITY EXCHANGE', NULL, 80),
(866, 'PRIDNEPROVSK COMMODITY EXCHANGE', NULL, 80),
(867, 'UKRAINIAN STOCK EXCHANGE', NULL, 80),
(868, 'UKRAINIAN UNIVERSAL COMMODITY EXCHANGE', NULL, 80),
(869, 'ALT XCHANGE (U)', NULL, 130),
(870, 'UGANDA SECURITIES EXCHANGE', NULL, 130),
(871, 'ASSENT ATS', NULL, 16),
(872, 'AQUA EQUITIES L.P.', NULL, 16),
(873, 'AUTOMATED TRADING DESK FINANCIAL SERVICES, LLC', NULL, 16),
(874, 'ATD - CITIGROUP AGENCY OPTION AND EQUITIES ROUTING ENGINE', NULL, 16),
(875, 'BANK OF AMERICA - MERRILL LYNCH INSTINCT X ATS', NULL, 16),
(876, 'BANK OF AMERICA - MERRILL LYNCH OTC', NULL, 16),
(877, 'BANK OF AMERICA - MERRILL LYNCH VWAP CROSS', NULL, 16),
(878, 'BARCLAYS FX  TRADING', NULL, 16),
(879, 'BARCLAYS LIQUID MARKETS', NULL, 16),
(880, 'BARCLAYS ATS', NULL, 16),
(881, 'BARCLAYS DIRECT EX ATS', NULL, 16),
(882, 'BZX OPTIONS MARKET', NULL, 16),
(883, 'BATS Z-EXCHANGE', NULL, 16),
(884, 'BATS Y-EXCHANGE, INC.', NULL, 16),
(885, 'BATS Y-EXCHANGE DARK', NULL, 16),
(886, 'BATS Z-EXCHANGE DARK', NULL, 16),
(887, 'BLOOMBERG SEF LLC', NULL, 16),
(888, 'BGC DERIVATIVE MARKETS L.P.', NULL, 16),
(889, 'BGC FINANCIAL INC', NULL, 16),
(890, 'BIDS TRADING L.P.', NULL, 16),
(891, 'BLOOMBERG TRADEBOOK LLC', NULL, 16),
(892, 'BLOOMBERG BPOOL', NULL, 16),
(893, 'BONDDESK', NULL, 16),
(894, 'CONVERGEX', NULL, 16),
(895, 'MILLENNIUM', NULL, 16),
(896, 'VORTEX', NULL, 16),
(897, 'ICAP ELECTRONIC BROKING (US)', NULL, 16),
(898, 'ICAP SEF (US)  LLC.', NULL, 16),
(899, 'CITADEL SECURITIES', NULL, 16),
(900, 'CITIBLOC', NULL, 16),
(901, 'CITIGROUP GLOBAL MARKETS', NULL, 16),
(902, 'CITI MATCH', NULL, 16),
(903, 'CITI CROSS', NULL, 16),
(904, 'CITI LIQUIFI', NULL, 16),
(905, 'CLEAR MARKETS NORTH AMERICA, INC.', NULL, 16),
(906, 'CREDIT SUISSE AES CROSSFINDER', NULL, 16),
(907, 'CREDIT SUISSE (US)', NULL, 16),
(908, 'CREDIT SUISSE LIGHT POOL', NULL, 16),
(909, 'DEUTSCHE BANK SUPER X', NULL, 16),
(910, 'DCX (DERIVATIVES CURRENCY EXCHANGE)', NULL, 16),
(911, 'EDGX EXCHANGE DARK', NULL, 16),
(912, 'EDGA EXCHANGE', NULL, 16),
(913, 'EDGA EXCHANGE DARK', NULL, 16),
(914, 'BATS DIRECT EDGE', NULL, 16),
(915, 'EDGX OPTIONS MARKET', NULL, 16),
(916, 'EDGX EXCHANGE', NULL, 16),
(917, 'ERIS EXCHANGE', NULL, 16),
(918, 'FASTMATCH', NULL, 16),
(919, 'FINRA/NASDAQ TRF(TRADE REPORTING FACILITY)', NULL, 16),
(920, 'FINRA ORF (TRADE REPORTING FACILITY)', NULL, 16),
(921, 'FINRA', NULL, 16),
(922, 'FINRA/NYSE TRF (TRADE REPORTING FACILITY)', NULL, 16),
(923, 'OTHER OTC', NULL, 16),
(924, 'FINRA ALTERNATIVE DISPLAY FACILITY (ADF)', NULL, 16),
(925, 'FXALL', NULL, 16),
(926, 'FXCM', NULL, 16),
(927, 'G1 EXECUTION SERVICES', NULL, 16),
(928, 'GATE US LLC', NULL, 16),
(929, 'ESSEX RADEZ, LLC', NULL, 16),
(930, 'ACS EXECUTION SERVICES, LLC', NULL, 16),
(931, 'GOVEX', NULL, 16),
(932, 'THE GREEN EXCHANGE', NULL, 16),
(933, 'GFI SWAPS EXCHANGE, LLC', NULL, 16),
(934, 'KCG AMERICAS LLC', NULL, 16),
(935, 'NADEX', NULL, 16),
(936, 'POTAMUS TRADING LLC', NULL, 16),
(937, 'HOTSPOT FX', NULL, 16),
(938, 'ISLAND ECN LTD, THE', NULL, 16),
(939, 'IEX MARKET', NULL, 16),
(940, 'ICE SWAP TRADE LLC', NULL, 16),
(941, 'INTERCONTINENTAL EXCHANGE', NULL, 16),
(942, 'ICE FUTURES U.S. ENERGY DIVISION', NULL, 16),
(943, 'ICE FUTURES U.S.', NULL, 16),
(944, 'ICE MARKETS AGRICULTURE', NULL, 16),
(945, 'ICE MARKETS BONDS', NULL, 16),
(946, 'CREDITEX SECURITIES CORPORATION', NULL, 16),
(947, 'CREDITEX LLC', NULL, 16),
(948, 'ICE MARKETS COMMODITIES', NULL, 16),
(949, 'ICE MARKETS CREDIT', NULL, 16),
(950, 'ICE MARKETS ENERGY', NULL, 16),
(951, 'ICE MARKETS EQUITY', NULL, 16),
(952, 'ICE MARKETS FOREIGN EXCHANGE', NULL, 16),
(953, 'ICE MARKETS RATES', NULL, 16),
(954, 'ISDAFIX', NULL, 16),
(955, 'ITG - POSIT', NULL, 16),
(956, 'JETX', NULL, 16),
(957, 'JPMX', NULL, 16),
(958, 'JAVELIN SEF, LLC', NULL, 16),
(959, 'JANE STREET EXECUTION SERVICES LLC', NULL, 16),
(960, 'JANE STREET JX', NULL, 16),
(961, 'KNIGHT CAPITAL MARKETS LLC', NULL, 16),
(962, 'KNIGHT EQUITY MARKETS LP', NULL, 16),
(963, 'KNIGHT', NULL, 16),
(964, 'KNIGHT LINK', NULL, 16),
(965, 'KNIGHT MATCH ATS', NULL, 16),
(966, 'LATAM SEF', NULL, 16),
(967, 'LEVEL ATS', NULL, 16),
(968, 'LIQUIDNET, INC. FIXED INCOME ATS', NULL, 16),
(969, 'LIQUIDNET, INC. H2O ATS', NULL, 16),
(970, 'LIQUIDNET, INC.', NULL, 16),
(971, 'LIQUIDITYEDGE', NULL, 16),
(972, 'LUMINEX TRADING & ANALYTICS LLC - ATS', NULL, 16),
(973, 'LUMINEX TRADING & ANALYTICS LLC', NULL, 16),
(974, 'MIAMI INTERNATIONAL HOLDINGS, INC.', NULL, 16),
(975, 'MIAX PEARL, LLC', NULL, 16),
(976, 'MIAMI INTERNATIONAL SECURITIES EXCHANGE', NULL, 16),
(977, 'MORGAN STANLEY AND CO. LLC', NULL, 16),
(978, 'MORGAN STANLEY AUTOMATED LIQUIDITY PROVISION', NULL, 16),
(979, 'MS POOL', NULL, 16),
(980, 'MS RETAIL POOL', NULL, 16),
(981, 'MS TRAJECTORY CROSS', NULL, 16),
(982, 'BONDVISION US', NULL, 16),
(983, 'MTS BONDS.COM', NULL, 16),
(984, 'MTS US', NULL, 16),
(985, 'MARKETAXESS CANADA COMPANY', NULL, 16),
(986, 'MARKETAXESS CORPORATION SINGLE-NAME CDS CENTRAL LIMIT ORDER', NULL, 16),
(987, 'MARKETAXESS CORPORATION MID-X TRADING SYSTEM', NULL, 16),
(988, 'MARKETAXESS SEF CORPORATION', NULL, 16),
(989, 'MARKETAXESS CORPORATION', NULL, 16),
(990, 'NOBLE EXCHANGE', NULL, 16),
(991, 'FIDELITY CROSSSTREAM', NULL, 16),
(992, 'NATIONAL FINANCIAL SERVICES, LLC', NULL, 16),
(993, 'FIDELITY DARK', NULL, 16),
(994, 'FIDELITY CROSSSTREAM ATS', NULL, 16),
(995, 'NOMURA SECURITIES INTERNATIONAL', NULL, 16),
(996, 'NODAL EXCHANGE', NULL, 16),
(997, 'NX ATS - CROSSING PLATFORM', NULL, 16),
(998, 'NEW YORK PORTFOLIO CLEARING', NULL, 16),
(999, 'OTCEX LLC', NULL, 16),
(1000, 'OPTIONS PRICE REPORTING AUTHORITY', NULL, 16),
(1001, 'CAVEAT EMPTOR', NULL, 16),
(1002, 'OTCQB MARKETPLACE', NULL, 16),
(1003, 'OTC MARKETS', NULL, 16),
(1004, 'OTCQX MARKETPLACE', NULL, 16),
(1005, 'OTC PINK CURRENT', NULL, 16),
(1006, 'OTC PINK NO INFORMATION', NULL, 16),
(1007, 'OTC PINK LIMITED', NULL, 16),
(1008, 'OTC PINK MARKETPLACE', NULL, 16),
(1009, 'OTC GREY MARKET', NULL, 16),
(1010, 'PDQ ATS DARK', NULL, 16),
(1011, 'PDQ ATS', NULL, 16),
(1012, 'ARITAS SECURITIES LLC', NULL, 16),
(1013, 'PRAGMA ATS', NULL, 16),
(1014, 'BLOCKCROSS ATS', NULL, 16),
(1015, 'RIVERCROSS DARK', NULL, 16),
(1016, 'RIVERCROSS', NULL, 16),
(1017, 'GOLDMAN SACH MTF', NULL, 16),
(1018, 'D.E. SHAW DARK', NULL, 16),
(1019, 'D.E. SHAW', NULL, 16),
(1020, 'TWO SIGMA SECURITIES, LLC', NULL, 16),
(1021, 'E-EXCHANGE', NULL, 16),
(1022, 'TERAEXCHANGE', NULL, 16),
(1023, 'TFS GREEN UNITED STATES GREEN MARKETS', NULL, 16),
(1024, 'TRACK ECN', NULL, 16),
(1025, 'TRUEEX LLC - DESIGNATED CONTRACT MARKET (DMC)', NULL, 16),
(1026, 'TRUEEX LLC - SEF (SWAP EXECUTION FACILITY)', NULL, 16),
(1027, 'TRUEEX LLC', NULL, 16),
(1028, 'DW SEF LLC', NULL, 16),
(1029, 'TRADEWEB LLC', NULL, 16),
(1030, 'TW SEF LLC', NULL, 16),
(1031, 'TRIPLESHOT', NULL, 16),
(1032, 'TRADITION SEF', NULL, 16),
(1033, 'UBS ATS', NULL, 16),
(1034, 'UBS PIN (UBS PRICE IMPROVEMENT NETWORK)', NULL, 16),
(1035, 'VIRTU FINANCIAL CAPITAL MARKETS LLC', NULL, 16),
(1036, 'WELLS FARGO LIQUIDITY CROSS ATS', NULL, 16),
(1037, 'WALL STREET ACCESS', NULL, 16),
(1038, 'AUTOMATED EQUITY FINANCE MARKETS', NULL, 16),
(1039, 'BOSTON OPTIONS EXCHANGE', NULL, 16),
(1040, 'C2 OPTIONS EXCHANGE INC.', NULL, 16),
(1041, 'CBOE STOCK EXCHANGE', NULL, 16),
(1042, 'CBOE FUTURES EXCHANGE', NULL, 16),
(1043, 'CHICAGO BOARD OPTIONS EXCHANGE', NULL, 16),
(1044, 'CHICAGO BOARD OF TRADE (FLOOR)', NULL, 16),
(1045, 'CHICAGO BOARD OF TRADE', NULL, 16),
(1046, 'KANSAS CITY BOARD OF TRADE', NULL, 16),
(1047, 'CANTOR FINANCIAL FUTURES EXCHANGE', NULL, 16),
(1048, 'CHICAGO STOCK EXCHANGE, INC', NULL, 16),
(1049, 'NATIONAL STOCK EXCHANGE, INC.', NULL, 16),
(1050, 'CME SWAPS MARKETS (CBOT)', NULL, 16),
(1051, 'CME SWAPS MARKETS (COMEX)', NULL, 16),
(1052, 'CME SWAPS MARKETS (CME)', NULL, 16),
(1053, 'CHICAGO MERCANTILE EXCHANGE (FLOOR)', NULL, 16),
(1054, 'CME GLOBEX', NULL, 16),
(1055, 'CME SWAPS MARKETS (NYMEX)', NULL, 16),
(1056, 'CHICAGO MERCANTILE EXCHANGE', NULL, 16),
(1057, 'INTERNATIONAL MONETARY MARKET', NULL, 16),
(1058, 'INDEX AND OPTIONS MARKET', NULL, 16),
(1059, 'CURRENEX', NULL, 16),
(1060, 'ELX', NULL, 16),
(1061, 'FINANCIALCONTENT INDEXES', NULL, 16),
(1062, 'GLOBALCLEAR MERCANTILE EXCHANGE', NULL, 16),
(1063, 'INSTINET BLX', NULL, 16),
(1064, 'INSTINET CBX (US)', NULL, 16),
(1065, 'INSTINET VWAP CROSS', NULL, 16),
(1066, 'INSTINET IDX', NULL, 16),
(1067, 'MOC CROSS', NULL, 16),
(1068, 'INSTINET RETAIL CBX', NULL, 16),
(1069, 'INSTINET', NULL, 16),
(1070, 'ISE GEMINI EXCHANGE', NULL, 16),
(1071, 'ISE MERCURY, LLC', NULL, 16),
(1072, 'INTERNATIONAL SECURITIES EXCHANGE, LLC -  ALTERNATIVE MARKETS', NULL, 16),
(1073, 'INTERNATIONAL SECURITIES EXCHANGE, LLC - EQUITIES', NULL, 16),
(1074, 'INTERNATIONAL SECURITIES EXCHANGE, LLC', NULL, 16),
(1075, 'MERCHANTS'' EXCHANGE', NULL, 16),
(1077, 'NASDAQ OMX BX DARK', NULL, 16),
(1078, 'NASDAQ OMX ESPEED', NULL, 16),
(1079, 'NSDQ DARK', NULL, 16),
(1080, 'NASDAQ OMX BX', NULL, 16),
(1081, 'BRUT ECN', NULL, 16),
(1082, 'NASDAQ OMX BX OPTIONS', NULL, 16),
(1083, 'NASDAQ - ALL MARKETS', NULL, 16),
(1084, 'NASDAQ CAPITAL MARKET', NULL, 16),
(1085, 'NASDAQ OPTIONS MARKET', NULL, 16),
(1086, 'NASDAQ/NGS (GLOBAL SELECT MARKET)', NULL, 16),
(1087, 'NASDAQ INTERMARKET', NULL, 16),
(1088, 'NASDAQ/NMS (GLOBAL MARKET)', NULL, 16),
(1089, 'NASDAQ OMX FUTURES EXCHANGE', NULL, 16),
(1090, 'NASDAQ OMX PHLX', NULL, 16),
(1091, 'PHILADELPHIA OPTIONS EXCHANGE', NULL, 16),
(1092, 'PORTAL', NULL, 16),
(1093, 'NASDAQ OMX PSX', NULL, 16),
(1094, 'COMMODITIES EXCHANGE CENTER', NULL, 16),
(1095, 'NEW YORK MERCANTILE EXCHANGE - OTC MARKETS', NULL, 16),
(1096, 'NEW YORK MERCANTILE EXCHANGE - ENERGY MARKETS', NULL, 16),
(1097, 'NEW YORK MERCANTILE EXCHANGE', NULL, 16),
(1098, 'NYSE ALTERNEXT DARK', NULL, 16),
(1099, 'NYSE AMEX OPTIONS', NULL, 16),
(1100, 'ARCA DARK', NULL, 16),
(1101, 'NYSE ARCA OPTIONS', NULL, 16),
(1102, 'NYSE ARCA', NULL, 16),
(1103, 'NYSE DARK', NULL, 16),
(1104, 'NYSE MKT LLC', NULL, 16),
(1105, 'NYSE LIFFE', NULL, 16),
(1106, 'NEW YORK STOCK EXCHANGE, INC.', NULL, 16),
(1107, 'ONECHICAGO, LLC', NULL, 16),
(1108, 'OTCBB', NULL, 16),
(1109, 'SWAPEX, LLC', NULL, 16),
(1110, 'WEEDEN ATS', NULL, 16),
(1111, 'BOLSA ELECTRONICA DE VALORES DEL URUGUAY', NULL, 116),
(1112, 'UFEX', NULL, 116),
(1113, 'BOLSA DE VALORES DE MONTEVIDEO', NULL, 116),
(1114, 'UZBEK COMMODITY EXCHANGE', NULL, 42),
(1115, 'UZBEKISTAN REPUBLICAN CURRENCY EXCHANGE', NULL, 42),
(1116, 'KHOREZM INTERREGION COMMODITY EXCHANGE', NULL, 42),
(1117, 'REPUBLICAN STOCK EXCHANGE', NULL, 42),
(1118, 'UNIVERSAL BROKER''S EXCHANGE ''TASHKENT''', NULL, 42),
(1119, 'CARACAS STOCK EXCHANGE', NULL, 19),
(1120, 'HANOI STOCK EXCHANGE', NULL, 36),
(1121, 'HANOI STOCK EXCHANGE (UNLISTED PUBLIC COMPANY TRADING PLATFORM)', NULL, 36),
(1122, 'HOCHIMINH STOCK EXCHANGE', NULL, 36),
(1123, 'GX MARKETCENTER', NULL, 167),
(1124, 'JSE ALTERNATE EXCHANGE', NULL, 22),
(1125, 'JSE CASH BOND MARKET', NULL, 22),
(1126, 'JOHANNESBURG STOCK EXCHANGE', NULL, 22),
(1127, 'JSE EQUITY DERIVATIVES MARKET', NULL, 22),
(1128, 'JSE COMMODITY DERIVATIVES MARKET', NULL, 22),
(1129, 'JSE INTEREST RATE DERIVATIVES MARKET', NULL, 22),
(1130, 'LUSAKA STOCK EXCHANGE', NULL, 133),
(1131, 'ZIMBABWE STOCK EXCHANGE', NULL, 23),
(1132, 'All Exchanges', '', 181),
(1133, 'All Exchanges', '', 182),
(1134, 'All Exchanges', '', 183),
(1135, 'All Exchanges', '', 184),
(1136, 'All Exchanges', '', 185),
(1137, 'All Exchanges', '', 180);

-- --------------------------------------------------------

--
-- Table structure for table `filefields`
--

CREATE TABLE IF NOT EXISTS `filefields` (
  `FileFields_id` int(11) NOT NULL AUTO_INCREMENT,
  `description` varchar(255) DEFAULT NULL,
  `field_DataType` varchar(255) DEFAULT NULL,
  `field_format` varchar(255) DEFAULT NULL,
  `field_index` varchar(255) DEFAULT NULL,
  `field_MaxLength` varchar(255) DEFAULT NULL,
  `field_Name` varchar(255) DEFAULT NULL,
  `Offering_Files_id` int(11) NOT NULL,
  PRIMARY KEY (`FileFields_id`),
  KEY `FKCB652F75E9ACCAE0` (`Offering_Files_id`)
) ENGINE=MyISAM  DEFAULT CHARSET=utf8 AUTO_INCREMENT=8 ;

--
-- Dumping data for table `filefields`
--

INSERT INTO `filefields` (`FileFields_id`, `description`, `field_DataType`, `field_format`, `field_index`, `field_MaxLength`, `field_Name`, `Offering_Files_id`) VALUES
(1, 'Daescription', 'a', 'a', 'a', 'a', 'a', 2),
(6, 'Description', 'Integer', '', '1', '10', 'field-1', 9),
(7, 'Description', 'Integer', '', '1', '10', 'field-2', 9);

-- --------------------------------------------------------

--
-- Table structure for table `frequency`
--

CREATE TABLE IF NOT EXISTS `frequency` (
  `frequency_id` int(11) NOT NULL AUTO_INCREMENT,
  `name` varchar(200) DEFAULT NULL,
  PRIMARY KEY (`frequency_id`)
) ENGINE=InnoDB DEFAULT CHARSET=latin1 AUTO_INCREMENT=1 ;

-- --------------------------------------------------------

--
-- Table structure for table `industry_sub_type`
--

CREATE TABLE IF NOT EXISTS `industry_sub_type` (
  `id` varchar(45) NOT NULL,
  `rsch_area_id` int(11) NOT NULL,
  `rsch_sub_area_id` int(11) NOT NULL,
  `industry_sub_type_name` varchar(20) DEFAULT NULL,
  PRIMARY KEY (`id`)
) ENGINE=MyISAM DEFAULT CHARSET=utf8;

-- --------------------------------------------------------

--
-- Table structure for table `offeringfiles`
--

CREATE TABLE IF NOT EXISTS `offeringfiles` (
  `Offering_Files_id` int(11) NOT NULL AUTO_INCREMENT,
  `description` varchar(255) DEFAULT NULL,
  `file_name` varchar(255) DEFAULT NULL,
  `security_type_id` int(11) DEFAULT NULL,
  `vendor_offering_id` int(11) NOT NULL,
  PRIMARY KEY (`Offering_Files_id`),
  KEY `FK6FE0FDF1FF21BA78` (`vendor_offering_id`),
  KEY `FK6FE0FDF168338DA8` (`security_type_id`)
) ENGINE=MyISAM  DEFAULT CHARSET=utf8 AUTO_INCREMENT=23 ;

--
-- Dumping data for table `offeringfiles`
--

INSERT INTO `offeringfiles` (`Offering_Files_id`, `description`, `file_name`, `security_type_id`, `vendor_offering_id`) VALUES
(9, 'Description', 'India-equity-EOD', 1, 15),
(11, 'Description', 'Asia-Option', NULL, 20),
(12, 'Description', 'Futures-Asia', NULL, 21),
(13, 'Description', 'MM-ASIA1', 8, 22),
(14, 'Description', 'GOVT-ASIA1', 7, 23),
(15, 'Description', 'common-stocks-asia1', 1, 24),
(16, 'Description', 'warrants-1', 3, 25),
(17, 'Description', 'Index-euro1', 12, 26),
(18, 'Description', 'ETF-euro1', 17, 27),
(19, 'Description', 'govt-asia1', 7, 28),
(20, 'Description', 'File1', 1, 29),
(21, 'Description', 'FILE1', 10, 30),
(22, 'Description', 'File1', 1, 31);

-- --------------------------------------------------------

--
-- Table structure for table `region`
--

CREATE TABLE IF NOT EXISTS `region` (
  `region_id` int(11) NOT NULL AUTO_INCREMENT,
  `name` varchar(100) NOT NULL,
  PRIMARY KEY (`region_id`)
) ENGINE=InnoDB  DEFAULT CHARSET=latin1 AUTO_INCREMENT=7 ;

--
-- Dumping data for table `region`
--

INSERT INTO `region` (`region_id`, `name`) VALUES
(1, 'Asia Pacific'),
(2, 'Europe'),
(3, 'North America'),
(4, 'Latin America'),
(5, 'Africa'),
(6, 'All Regions');

-- --------------------------------------------------------

--
-- Table structure for table `region_country_map`
--

CREATE TABLE IF NOT EXISTS `region_country_map` (
  `rc_id` int(11) NOT NULL AUTO_INCREMENT,
  `region_id` int(11) NOT NULL,
  `country_id` int(11) NOT NULL,
  PRIMARY KEY (`rc_id`),
  KEY `fk_rc_country` (`country_id`),
  KEY `FKE7102868EC3B5EBB` (`region_id`),
  KEY `FKE7102868FD8CC10D` (`country_id`),
  KEY `FKE710286827966FC7` (`region_id`)
) ENGINE=InnoDB  DEFAULT CHARSET=latin1 AUTO_INCREMENT=14 ;

--
-- Dumping data for table `region_country_map`
--

INSERT INTO `region_country_map` (`rc_id`, `region_id`, `country_id`) VALUES
(1, 1, 1),
(2, 1, 2),
(3, 1, 3),
(4, 1, 4),
(5, 2, 6),
(6, 2, 7),
(7, 2, 8),
(8, 2, 9),
(9, 2, 10),
(10, 3, 15),
(11, 3, 16),
(12, 3, 17),
(13, 3, 19);

-- --------------------------------------------------------

--
-- Table structure for table `research_area`
--

CREATE TABLE IF NOT EXISTS `research_area` (
  `research_area_id` int(11) NOT NULL AUTO_INCREMENT,
  `description` varchar(500) NOT NULL,
  PRIMARY KEY (`research_area_id`)
) ENGINE=MyISAM  DEFAULT CHARSET=utf8 AUTO_INCREMENT=10 ;

--
-- Dumping data for table `research_area`
--

INSERT INTO `research_area` (`research_area_id`, `description`) VALUES
(1, 'Macro economic Analysis'),
(2, 'Sector Analysis'),
(3, 'Industry Analysis'),
(4, 'Commodity Analysis'),
(5, 'Exchange Rate Analysis'),
(6, 'Interest Rate Analysis'),
(7, 'Equity research'),
(8, 'Debt Market research'),
(9, 'Index/Fund/ETF research');

-- --------------------------------------------------------

--
-- Table structure for table `research_sub_area`
--

CREATE TABLE IF NOT EXISTS `research_sub_area` (
  `research_sub_area_id` int(11) NOT NULL AUTO_INCREMENT,
  `description` varchar(500) NOT NULL,
  `research_area_id` int(11) NOT NULL,
  PRIMARY KEY (`research_sub_area_id`),
  KEY `FK1_RESEARCH_AREA_ID` (`research_area_id`)
) ENGINE=MyISAM  DEFAULT CHARSET=utf8 AUTO_INCREMENT=82 ;

--
-- Dumping data for table `research_sub_area`
--

INSERT INTO `research_sub_area` (`research_sub_area_id`, `description`, `research_area_id`) VALUES
(1, 'Economic Data analysis', 1),
(2, 'Country Economy Analysis', 1),
(3, 'World economy Analysis', 1),
(4, 'Oil & Gas', 2),
(5, 'Basic Materials', 2),
(6, 'Industrials', 2),
(7, 'Consumer Goods', 2),
(8, 'Health Care', 2),
(9, 'Consumer Services', 2),
(10, 'Telecommunications', 2),
(11, 'Utilities', 2),
(12, 'Financials', 2),
(13, 'Technology', 2),
(14, 'Agriculture and allied ', 3),
(15, 'Mining', 3),
(16, 'Utilities', 3),
(17, 'Construction', 3),
(18, 'Manufacturing', 3),
(19, 'Wholesale Trade', 3),
(20, 'Retail Trade', 3),
(21, 'Transportation and warehousing', 3),
(22, 'Information', 3),
(23, 'Finance and Insurance', 3),
(24, 'Real Estate and Rental/Leasing', 3),
(25, 'Professional, Scientific & Technical Services', 3),
(26, 'Education Services', 3),
(27, 'Healthcare & Social Assistance', 3),
(28, 'Arts, Entertainment & Recreation', 3),
(29, 'Accomodation & Food services', 3),
(30, 'Other Services', 3),
(31, 'Energy', 4),
(32, 'Industrial Metals', 4),
(33, 'Precious Metals', 4),
(34, 'Agricultural Commodities', 4),
(35, 'European Euro to US Dollar EUR/USD', 5),
(36, 'British Pound to US Dollar GBP/USD', 5),
(37, 'Swiss Franc to US Dollar USD/CHF', 5),
(38, 'Japanese Yen to US Dollar USD/JPY', 5),
(39, 'Chinese Yuan to US Dollar USD/CNY', 5),
(40, 'Taiwan Dollar to US Dollar USD/TWD', 5),
(41, 'South Korean Won to US Dollar USD/KRW', 5),
(42, 'Australian Dollar to US Dollar AUD/USD', 5),
(43, 'Singapore Dollar to US Dollar USD/SGD', 5),
(44, 'India Rupee to US Dollar USD/INR', 5),
(45, 'New Zealand Dollar to US Dollar NZD/USD', 5),
(46, 'Canadian Dollar to US Dollar USD/CAD', 5),
(47, 'Mexican Peso to US Dollar USD/MXN', 5),
(48, 'Govt Bond rate', 6),
(49, 'Prime Lending Rate', 6),
(50, 'Investment Grade Spread', 6),
(51, 'High Yield Spread', 6),
(52, 'Govt Bond rate', 6),
(53, 'LIBOR Rate', 6),
(54, 'Oil & Gas', 7),
(55, 'Basic Materials', 7),
(56, 'Industrials', 7),
(57, 'Consumer Goods', 7),
(58, 'Health Care', 7),
(59, 'Consumer Services', 7),
(60, 'Telecommunications', 7),
(61, 'Utilities', 7),
(62, 'Financials', 7),
(63, 'Technology', 7),
(64, 'Govt Bond', 8),
(65, 'Corporate Bond', 8),
(66, 'HIgh Yield Bond', 8),
(67, 'Municipal Bond', 8),
(68, 'MBS/ABS/CDO/CDS', 8),
(69, 'Others', 8),
(70, 'Equity Index', 9),
(71, 'FI Index', 9),
(72, 'Hedge Fund Indices', 9),
(73, 'Mutual Funds', 9),
(74, 'PE Indices', 9),
(75, 'Cross Assets ETFs', 9),
(76, 'Sharia Compliant/MFs', 9),
(77, 'Derivative Index', 9),
(78, 'FX or Currency Index', 9),
(79, 'Commodity Index', 9),
(80, 'All sectors', 2),
(81, 'All Sectors', 7);

-- --------------------------------------------------------

--
-- Table structure for table `rfp_more_info_details`
--

CREATE TABLE IF NOT EXISTS `rfp_more_info_details` (
  `id` varchar(45) NOT NULL,
  `rfp_id` varchar(45) NOT NULL,
  `vendor_id` varchar(45) NOT NULL,
  `more_info` varchar(1000) NOT NULL,
  `more_info_requested_date` timestamp NOT NULL DEFAULT CURRENT_TIMESTAMP,
  `consumer_reply` varchar(1000) DEFAULT NULL,
  `more_info_provided_date` timestamp NOT NULL DEFAULT '0000-00-00 00:00:00'
) ENGINE=MyISAM DEFAULT CHARSET=utf8;

-- --------------------------------------------------------

--
-- Table structure for table `roles`
--

CREATE TABLE IF NOT EXISTS `roles` (
  `role_id` int(11) NOT NULL AUTO_INCREMENT,
  `roleName` varchar(200) NOT NULL,
  PRIMARY KEY (`role_id`)
) ENGINE=InnoDB  DEFAULT CHARSET=latin1 AUTO_INCREMENT=4 ;

--
-- Dumping data for table `roles`
--

INSERT INTO `roles` (`role_id`, `roleName`) VALUES
(1, 'ROLE_ADMIN'),
(2, 'ROLE_VENDOR'),
(3, 'ROLE_CONSUMER');

-- --------------------------------------------------------

--
-- Table structure for table `rsch_area_company_dtls`
--

CREATE TABLE IF NOT EXISTS `rsch_area_company_dtls` (
  `company_id` varchar(100) NOT NULL,
  `company_name` varchar(500) DEFAULT NULL,
  `rsch_sub_area_id` int(11) NOT NULL,
  `stock_class_type_id` varchar(100) NOT NULL,
  PRIMARY KEY (`company_id`)
) ENGINE=MyISAM DEFAULT CHARSET=utf8;

-- --------------------------------------------------------

--
-- Table structure for table `rsch_area_stock_class`
--

CREATE TABLE IF NOT EXISTS `rsch_area_stock_class` (
  `stock_class_type_id` varchar(100) NOT NULL,
  `stock_class_type` varchar(500) DEFAULT NULL,
  `stock_class_name` varchar(500) DEFAULT NULL,
  PRIMARY KEY (`stock_class_type_id`)
) ENGINE=MyISAM DEFAULT CHARSET=utf8;

-- --------------------------------------------------------

--
-- Table structure for table `rsch_sub_area_company_dtls`
--

CREATE TABLE IF NOT EXISTS `rsch_sub_area_company_dtls` (
  `id` varchar(45) NOT NULL,
  `company_id` varchar(100) NOT NULL,
  `company_name` varchar(500) DEFAULT NULL,
  `rsch_sub_area_id` int(11) NOT NULL,
  `country_id` int(11) NOT NULL,
  `stock_class_type_id` varchar(100) NOT NULL,
  `isin_code` varchar(500) DEFAULT NULL,
  `ticker` varchar(500) DEFAULT NULL,
  `exchg_code` varchar(500) DEFAULT NULL,
  PRIMARY KEY (`id`)
) ENGINE=MyISAM DEFAULT CHARSET=utf8;

-- --------------------------------------------------------

--
-- Table structure for table `rsch_sub_area_mkt_cap_type`
--

CREATE TABLE IF NOT EXISTS `rsch_sub_area_mkt_cap_type` (
  `id` varchar(45) NOT NULL,
  `rsch_area_id` int(11) NOT NULL,
  `rsch_sub_area_id` int(11) NOT NULL,
  `cap_type` varchar(20) DEFAULT NULL,
  PRIMARY KEY (`id`)
) ENGINE=MyISAM DEFAULT CHARSET=utf8;

-- --------------------------------------------------------

--
-- Table structure for table `security_types`
--

CREATE TABLE IF NOT EXISTS `security_types` (
  `security_type_id` int(11) NOT NULL AUTO_INCREMENT,
  `name` varchar(80) NOT NULL,
  `asset_class_id` int(11) NOT NULL,
  PRIMARY KEY (`security_type_id`),
  KEY `asset_class_id` (`asset_class_id`)
) ENGINE=InnoDB  DEFAULT CHARSET=latin1 AUTO_INCREMENT=68 ;

--
-- Dumping data for table `security_types`
--

INSERT INTO `security_types` (`security_type_id`, `name`, `asset_class_id`) VALUES
(1, 'Common-Stocks', 1),
(2, 'Preferreds', 1),
(3, 'Warrants/Rights', 1),
(4, 'CFDs', 1),
(5, 'REITs', 1),
(6, 'Depository Receipts', 1),
(7, 'Govt Long-term Bonds', 2),
(8, 'Money Markets', 2),
(9, 'Corp bonds/ Convertibles', 2),
(10, 'Municipals Bonds', 2),
(11, 'Securitized Products', 11),
(12, 'Equity Index', 3),
(13, 'FI Index', 3),
(14, 'Hedge Fund Indices', 3),
(15, 'Mutual Funds', 3),
(16, 'PE Indices', 3),
(17, 'Cross Asset ETFs', 3),
(18, 'Sharia Compliant Indices/ETFs/Funds', 3),
(19, 'Derivative Indices/ETFs', 3),
(20, 'FX/Currency Indices/ETFs', 3),
(21, 'Commodity Indices/ETFs', 3),
(22, 'Funds-Equity', 3),
(23, 'Funds-FI', 3),
(24, 'Funds-Misc', 3),
(25, 'Derivatives-Agriculture', 4),
(26, 'Derivatives-Energy', 4),
(27, 'Derivatives-Metal', 4),
(28, 'Govt. Bills', 2),
(29, 'Agency ABS/MBS', 2),
(30, 'Non Agency ABS/MBS', 2),
(31, 'CDO/CDS/CDX', 2),
(32, 'Derivatives-Equity', 4),
(33, 'Derivatives-Others', 4),
(34, 'Derivatives-Agriculture', 8),
(35, 'Derivatives-Energy', 8),
(36, 'Derivatives-Equity', 8),
(37, 'Derivatives-Others', 8),
(38, 'Derivatives-Metal', 8),
(39, 'Derivatives-Equity', 9),
(40, 'Derivatives-Agriculture', 9),
(41, 'Derivatives-Energy', 9),
(42, 'Derivatives-Metal', 9),
(43, 'Derivatives-Others', 9),
(44, 'Derivatives-Equity', 10),
(45, 'Derivatives-Agriculture', 10),
(46, 'Derivatives-Energy', 10),
(47, 'FX Spot', 5),
(48, 'Derivatives-Metal', 10),
(49, 'Derivatives-Others', 10),
(50, 'FX Options - G1 & G2 &G3 CCY', 5),
(51, 'FX Options - G1 & G2 CCY', 5),
(52, 'FX Options - G1 CCY', 5),
(53, 'FX Forwards - G1 CCY', 5),
(54, 'FX Forwards - G1 &G2 CCY', 5),
(55, 'FX Forwards - G1 &G2 &G3 CCY', 5),
(56, 'FX Swap', 5),
(57, 'FX Exotics', 5),
(58, 'FX Accumulators', 5),
(59, 'Private Equity', 6),
(60, 'Hedge Funds', 6),
(61, 'Fund of Funds', 6),
(62, 'Commodity Pools', 6),
(63, 'Entity Data', 7),
(64, 'Financial Calendar Data', 7),
(65, 'Fundamental Data', 7),
(66, 'Earnings Forecast Data', 7),
(67, 'Ratings Data', 7);

-- --------------------------------------------------------

--
-- Table structure for table `solution`
--

CREATE TABLE IF NOT EXISTS `solution` (
  `solution_id` int(11) NOT NULL AUTO_INCREMENT,
  `description` varchar(255) DEFAULT NULL,
  `name` varchar(255) DEFAULT NULL,
  `solution_type_id` int(11) NOT NULL,
  `vendor_id` varchar(255) NOT NULL,
  PRIMARY KEY (`solution_id`),
  KEY `FK58ED4D79F5228ECD` (`solution_type_id`)
) ENGINE=InnoDB  DEFAULT CHARSET=utf8 AUTO_INCREMENT=87 ;

--
-- Dumping data for table `solution`
--

INSERT INTO `solution` (`solution_id`, `description`, `name`, `solution_type_id`, `vendor_id`) VALUES
(20, 'desc', 'TestSolutionDA', 2, '868ab300-1a91-4f75-b4b2-0c7a394b2f72'),
(26, 'Asia Equity', 'Asia-Equity-Trading', 3, '868ab300-1a91-4f75-b4b2-0c7a394b2f72'),
(37, 'A product with data portability to multiple charting platforms. View 5 symbols per segment at a time. It means that you can open and view realtime charts of 5 symbols simultaneously.', 'nimbledataPlusLite', 2, 'e9a17287-993c-410f-a20e-804b77bcf99b'),
(38, 'View 200 symbols per segment at a time having product compatibility with AmiBroker only.', 'nimbledataPro', 2, 'e9a17287-993c-410f-a20e-804b77bcf99b'),
(39, 'A product with data portability to multiple charting platforms with 200 symbols per segment at a time.', 'nimbledataProPlus', 2, 'e9a17287-993c-410f-a20e-804b77bcf99b'),
(40, 'An algorithmic Signal Generation System based on many popular indicators with many useful Explorations - available free of cost to all subscribers of nimbledataPro', 'All-In-OneTradePro', 4, 'e9a17287-993c-410f-a20e-804b77bcf99b'),
(41, 'An interface between charting and technical analysis platform (AmiBroker) and trading terminal to automate most of the tasks associated with placing Buy/Sell orders using this bridge.', 'GFDL - Auto trading bridge', 4, 'e9a17287-993c-410f-a20e-804b77bcf99b'),
(42, 'This product provide similar features as nimbledataPro with additional one of compatibility of AmiBroker that running on Virtual Machine or Terminal Server.', 'nimbledataProVM', 2, 'e9a17287-993c-410f-a20e-804b77bcf99b'),
(43, 'Intraday End Of Day data in 1 min timeframe ', 'IEOD data', 2, 'e9a17287-993c-410f-a20e-804b77bcf99b'),
(44, 'In addition to realtime data compatibility with world known charting and technical analysis platforms, realtime data for customized applications provided through API solutions.', 'Realtime Data API', 2, 'e9a17287-993c-410f-a20e-804b77bcf99b'),
(46, NULL, 'ActiveTick Market Data', 2, '3e2ff88f-11d1-4513-8ea7-e0d076607a39'),
(49, 'Solution for DA', 'V_Soln_DA', 2, '868ab300-1a91-4f75-b4b2-0c7a394b2f72'),
(50, 'Solution for TA', 'V_Soln_TA', 3, '868ab300-1a91-4f75-b4b2-0c7a394b2f72'),
(51, 'Solution for AA', 'V_Soln_AA', 4, '868ab300-1a91-4f75-b4b2-0c7a394b2f72'),
(52, 'Solution for RA', 'V_SOln_RA', 5, '868ab300-1a91-4f75-b4b2-0c7a394b2f72'),
(53, 'QuantFEED is the QuantHouse unique end-to-end ultra low latency market data feed fully managed solution with a global Service Level Agreement including hardware, software and telecommunication components.', 'QuantFeed', 2, 'ccfc7f88-7c2f-4989-97a7-b22fbd70c252'),
(54, 'QuantLINK is the ultimate trading infrastructure combining QuantHouse proprietary fiber optic network interconnecting the heart of the exchanges with proximity hosting at the source.', 'QuantLink', 2, 'ccfc7f88-7c2f-4989-97a7-b22fbd70c252'),
(55, 'MD Solution 1', 'MD 1', 2, '7d411b93-605e-4890-8da3-e19e73905bd5'),
(59, 'MD Solution 2', 'MD 2', 2, '7d411b93-605e-4890-8da3-e19e73905bd5'),
(60, 'Equity asia', 'Equity-Asia', 2, 'b1a4dd8e-4a77-4f38-aa2c-0d731f919438'),
(61, 'FI Asia', 'FI-aSIA', 2, 'b1a4dd8e-4a77-4f38-aa2c-0d731f919438'),
(62, 'Derivative Asia', 'Derivative-asia', 2, 'b1a4dd8e-4a77-4f38-aa2c-0d731f919438'),
(63, 'FI Euro', 'FI-Euro', 2, 'b1a4dd8e-4a77-4f38-aa2c-0d731f919438'),
(64, 'ETF Index Euro', 'ETF-Index-Euro', 2, 'b1a4dd8e-4a77-4f38-aa2c-0d731f919438'),
(65, 'EQ', 'EQ', 3, 'b1a4dd8e-4a77-4f38-aa2c-0d731f919438'),
(66, 'FI', 'FI', 3, 'b1a4dd8e-4a77-4f38-aa2c-0d731f919438'),
(67, 'Derivative', 'Derivative', 3, 'b1a4dd8e-4a77-4f38-aa2c-0d731f919438'),
(68, 'Index-ETF', 'Index-ETF', 3, 'b1a4dd8e-4a77-4f38-aa2c-0d731f919438'),
(69, 'Market Risk App', 'Market-Risk', 4, 'b1a4dd8e-4a77-4f38-aa2c-0d731f919438'),
(70, 'Credit Risk App', 'Credit Risk', 4, 'b1a4dd8e-4a77-4f38-aa2c-0d731f919438'),
(71, 'OpRisk App', 'Op Risk', 4, 'b1a4dd8e-4a77-4f38-aa2c-0d731f919438'),
(72, 'Collateral Mgmt App', 'Collateral Management', 4, 'b1a4dd8e-4a77-4f38-aa2c-0d731f919438'),
(73, 'India-Equity-Individual', 'India-Equity-Individual', 5, 'b1a4dd8e-4a77-4f38-aa2c-0d731f919438'),
(74, 'India-Financials-Industry', 'India-Financials-Industry', 5, 'b1a4dd8e-4a77-4f38-aa2c-0d731f919438'),
(75, 'India-Consumer-Durable-Industry', 'India-Consumer-Durable-Industry', 5, 'b1a4dd8e-4a77-4f38-aa2c-0d731f919438'),
(76, 'Macro-Global-FX', 'Macro-Global-FX', 5, 'b1a4dd8e-4a77-4f38-aa2c-0d731f919438'),
(77, 'NA', 'COUNTRY', 5, '7d411b93-605e-4890-8da3-e19e73905bd5'),
(78, 'NA', 'FX-RESEARCH', 5, '7d411b93-605e-4890-8da3-e19e73905bd5'),
(85, 'Complete suite of products focused on the financial global markets. Providing: Full depth, real-time market prices, Comprehensive news, Company fundamentals,    Foreign exchange ', 'CMA Market Data', 2, '93baffc5-70a6-4a52-a80a-96774c09e7f3'),
(86, 'Products and Services oriented to the electronic order routing.  Focusing in LATAM markets.', 'CMA Trading', 3, '93baffc5-70a6-4a52-a80a-96774c09e7f3');

-- --------------------------------------------------------

--
-- Table structure for table `solution_type`
--

CREATE TABLE IF NOT EXISTS `solution_type` (
  `solution_type_id` int(11) NOT NULL AUTO_INCREMENT,
  `name` varchar(200) DEFAULT NULL,
  PRIMARY KEY (`solution_type_id`)
) ENGINE=InnoDB  DEFAULT CHARSET=latin1 AUTO_INCREMENT=6 ;

--
-- Dumping data for table `solution_type`
--

INSERT INTO `solution_type` (`solution_type_id`, `name`) VALUES
(2, 'Data Aggregator vendor'),
(3, 'Trading Application vendor'),
(4, 'Analytics Application vendor'),
(5, 'Research Reporting vendor');

-- --------------------------------------------------------

--
-- Table structure for table `support`
--

CREATE TABLE IF NOT EXISTS `support` (
  `support_id` int(11) NOT NULL AUTO_INCREMENT,
  `name` varchar(80) NOT NULL,
  PRIMARY KEY (`support_id`)
) ENGINE=InnoDB  DEFAULT CHARSET=latin1 AUTO_INCREMENT=12 ;

--
-- Dumping data for table `support`
--

INSERT INTO `support` (`support_id`, `name`) VALUES
(1, '24/7'),
(2, '24/6'),
(3, '24/5'),
(4, '16/7'),
(5, '16/6'),
(6, '16/5'),
(7, '8/7'),
(8, '8/6'),
(9, '8/5'),
(10, 'weekend'),
(11, 'public holidays');

-- --------------------------------------------------------

--
-- Table structure for table `users`
--

CREATE TABLE IF NOT EXISTS `users` (
  `username` varchar(45) NOT NULL,
  `password` varchar(450) NOT NULL,
  `email` varchar(100) NOT NULL,
  `enabled` tinyint(4) NOT NULL DEFAULT '1',
  `last_login` timestamp NULL DEFAULT NULL,
  `login_attempts` tinyint(4) NOT NULL DEFAULT '0',
  `last_modified` timestamp NULL DEFAULT NULL,
  `registration_date` timestamp NOT NULL DEFAULT CURRENT_TIMESTAMP,
  `verified` char(1) DEFAULT NULL,
  PRIMARY KEY (`username`)
) ENGINE=InnoDB DEFAULT CHARSET=latin1;

--
-- Dumping data for table `users`
--

INSERT INTO `users` (`username`, `password`, `email`, `enabled`, `last_login`, `login_attempts`, `last_modified`, `registration_date`, `verified`) VALUES
('1', '$2a$10$k0VSe2vK84.S43NIF9koteCfAsBPlh//8oE6Ne0JQ2AWxCDv5Jzn6', '1@s.com', 0, NULL, 0, NULL, '2017-10-09 05:53:33', 'N'),
('aaron.thio', '$2a$10$swd2MytZAeyr6czQNYMRduC2a9nVX7HWZQwtl6eqL6tuXslrc2CNC', 'aaron.thio@spcapitaliq.com', 1, '2016-04-14 10:32:52', 0, '2016-04-14 10:32:52', '2016-04-14 10:32:24', 'Y'),
('aaron.thio@spcapitaliq.com', '$2a$10$J3puUpVcKhcGb8I3mWs9YuqAIIInAQAc5UhE80J1j5gg2VZ.Py5GG', 'aaron.thio@spcapitaliq.com', 0, NULL, 0, NULL, '2016-04-14 10:31:15', 'N'),
('abc', '$2a$10$kWkSLd7tt39CJIIMOxbzM.83yvIhHiEqugTsvXI6Uc3rbRQYp95Ie', 'abc@abc.com', 0, NULL, 0, NULL, '2016-10-20 12:45:06', 'N'),
('acferes', '$2a$10$Aqqly3Mz9ZyDZFSBhgr98ujD/qX5P8sMuYVnybaH/IEMca2ZB3RhW', 'enquiries@acfequityresearch.com', 1, NULL, 0, NULL, '2017-04-05 16:44:44', 'Y'),
('activetick', '$2a$10$q6HgnTf07SNWQmqUHzhJz.JUdUludbB7CCVEwRZi5JkIap6cmpq2K', 'support@activetick.com', 1, '2016-04-07 19:20:54', 0, '2016-04-07 19:20:54', '2016-04-07 17:36:32', 'Y'),
('alarinv', '$2a$10$nNYZe9rQHfSgYnMNFp3mYO47Ry48n60YOQ9coBVyBEc7h8RaVgfHC', 'research@ab-invest.net ', 1, NULL, 0, NULL, '2017-04-05 15:53:47', 'Y'),
('albilcap', '$2a$10$04.0fXBiQwdBhVUlLZi7MuLbbtBVDZz41juVjMmc6grH0pexA4MqW', 'clientservices@albilad-capital.com', 1, NULL, 0, NULL, '2017-04-04 16:49:58', 'Y'),
('almas', '$2a$10$iP1ZFObfWG8eZ4a57Ki17.s0jdfT2SDxkFA97jS7UikR59MWCFTaW', 'info@almasahcapital.com', 1, NULL, 0, NULL, '2017-04-04 16:42:34', 'Y'),
('alraj', '$2a$10$jKtnhD3hHh65mgfCn.Fv6OEqGCQhEeXZMAa9f6ocXLtJ4s.gSCkN2', 'customerservice@alrajhi-capital.com', 1, NULL, 0, NULL, '2017-04-04 16:47:08', 'Y'),
('amit11', '$2a$10$9x/ymC6on1dEvwb2DLJGce5m32yFfEVjb7tzBjAqUnLsUKTA8zbKu', 'sensenonsensical@gmail.com', 0, NULL, 0, NULL, '2016-12-12 16:05:28', 'N'),
('amit_consumer', '$2a$10$bGo/YGuWc0yvZCEk0zEPRu1F4h8o.Xgz5FpQ0j7mm5oxJJL0VzkNW', 'enquiry@finvendor.com', 1, '2017-09-03 14:59:31', 0, '2017-09-03 14:59:31', '2016-04-26 07:53:48', 'Y'),
('amit_vendor', '$2a$10$Skat6hC2AYtASrxNy9je.O/KoMm6ykDzIQXdJaQUTjSihxwiFR4cW', 'sales@finvendor.com', 1, '2017-10-13 17:11:21', 0, '2017-10-13 17:11:21', '2016-04-21 13:44:33', 'Y'),
('amit_vendor1', '$2a$10$tZxAeOMCTZdydylSpgAS7.1gCr6k22ug.Yzeo3GjiAw4Fk4E5CObS', 'sensenonsensical@gmail.com', 1, '2016-12-28 15:04:25', 0, '2016-12-28 15:04:25', '2016-12-13 13:03:58', 'Y'),
('andrew sabourin', '$2a$10$mOPK8apQT2eFtIdWp7nBI.NF35z5K8lYcahKXUQfK5Oa5ic4bylrK', 'a.sabourin@exchange-data.com', 0, NULL, 0, NULL, '2016-04-20 15:19:38', 'N'),
('arancar', '$2a$10$mvnR95yGHyrfqHbXR.WYU.aDGlibdO9sWsJQHyu9nfYZ1YPeV6aWK', 'marketing@aranca.com', 1, NULL, 0, NULL, '2017-03-28 14:31:19', 'Y'),
('arqcap', '$2a$10$2jyfN7h5We4RpGSgFKscRuKRoWba2B6AhagJO4gDlPASTrvwsODWe', 'research@arqaamcapital.com', 1, NULL, 0, NULL, '2017-04-05 15:55:29', 'Y'),
('audiba', '$2a$10$L9S9Dlm8cUk2LnZ1zMe3geWArcNa9SR8Pf.ish6Q3kqqUNNGYwWCG', 'contactus@bankaudi.com', 1, NULL, 0, NULL, '2017-04-04 16:57:16', 'Y'),
('baaderher', '$2a$10$ogGjRKt3oidSVj1t/WWfqOr1e.bpUer5GtzW9sc.o.Ip.bX6TPM52', 'info@baaderbank.de', 1, NULL, 0, NULL, '2017-03-28 14:35:19', 'Y'),
('batakar', '$2a$10$qwKnb01GhZ21pShZYLSyPezw6RB5eVEDf3KJvKYwy7INU0ioVqoR2', 'abhijit.talekar@bksec.com', 1, NULL, 0, NULL, '2017-05-26 05:22:40', 'Y'),
('bcares', '$2a$10$zPW02XUXLVM7yLtdB5WgMOa1tvvGNciBqhs9sF/X0h94UmXn0XTim', 'support@bcaresearch.com', 1, NULL, 0, NULL, '2017-04-05 15:56:45', 'Y'),
('berencapm', '$2a$10$b0iSblXgdES8Gqq2fPX3MOJyd8QpgdJ8KqG5ddROsNCs8W9MUzy1O', 'info@berenberg.de', 1, NULL, 0, NULL, '2017-04-05 16:53:28', 'Y'),
('blominbk', '$2a$10$/Ab.Ov/iCdK.IJk6EynYiujdMMAo4WmYniT/eW3HBpbKFto7b8OFe', 'research@blominvestbank.com', 1, NULL, 0, NULL, '2017-04-05 15:03:20', 'Y'),
('bmocapm', '$2a$10$kLilUpPqGMZjY94xnrMMSumb0fV9pZT93vz/YciXVkkHQH.rTdWVe', 'research@bmo.com ', 1, NULL, 0, NULL, '2017-04-05 16:49:10', 'Y'),
('bocre', '$2a$10$RwyfU/8Z2/P1AuHyK7Lko.ukwVySSShT0//1/Z0xMcSAG45dyo4DS', 'cs@bocigroup.com', 1, NULL, 0, NULL, '2017-04-06 13:47:11', 'Y'),
('boenn&s', '$2a$10$QSFBO12TKkoLbg1.db6UUeP59TeUIfh/2f9Lp65MItDX41G/dvrxC', 'info@boenninginc.com', 1, NULL, 0, NULL, '2017-03-28 14:40:07', 'Y'),
('bquon', '$2a$10$CAYv9JLv/PFMjM1QjMJRjOeGWYklMyjNHKwD0FH3ueXhIUI1pFTju', 'info@quantcapital.co.in', 1, NULL, 0, NULL, '2017-05-31 01:34:52', 'Y'),
('brickworkir', '$2a$10$r7tRA3VmPt7QtqZIbjMld.ZtGVfolpXdArq8B1FSjCC9htAzLkhJG', 'info@brickworkindia.com', 1, NULL, 0, NULL, '2017-03-28 14:42:41', 'Y'),
('btgpac', '$2a$10$wI52L0ZcOLdGs./kAhPhQ.L6GJhFFNuwePJIZAmN2tzsrvtqJMJna', 'sac@btgpactual.com', 1, NULL, 0, NULL, '2017-04-05 16:06:35', 'Y'),
('capaljaz', '$2a$10$4PN1wy6pR//9MBf8rNZJp.bqwVCjm8LHTAd4Zw3c89GtwoaocNRB2', 'contactus@aljaziracapital.com.sa', 1, NULL, 0, NULL, '2017-04-04 16:53:45', 'Y'),
('capsec', '$2a$10$eC8I0Rt5FGkN8qnmS5r9du4bs/0gWIWwFpVgr9a8QJQLYh3AYlKLK', 'service@capital.com.tw', 1, NULL, 0, NULL, '2017-04-06 15:59:19', 'Y'),
('capstan', '$2a$10$ehVAVnqQ1fGpX.f1Ijpvi.E2VHjAzouYEegt3uqleSDTxOFyEfzgu', 'services@capstandards.com', 1, NULL, 0, NULL, '2017-04-05 15:07:49', 'Y'),
('charterer', '$2a$10$sXdeHwijmDPVQXEq7KOTG.8jY15cHhuwkBXpQy48ylmfhS9LbuVBW', 'info@charterequityresearch.com', 1, NULL, 0, NULL, '2017-03-28 14:47:46', 'Y'),
('churccap', '$2a$10$o7PHfZbbCwtpA54OwAoqVOMv7iiHGnoMAP97qEOsb29vurAQVEKJ6', 'churchill@bloomberg.net', 1, NULL, 0, NULL, '2017-04-05 16:50:46', 'Y'),
('cicap', '$2a$10$8aqJEdd573NS8DF3Ul39COzVv4uVIajaiut5RP36isKU8xXdb6mc6', 'research@cicapital.com.eg', 1, NULL, 0, NULL, '2017-04-05 15:12:16', 'Y'),
('cicc11', '$2a$10$.5mML8gjU75kAwcDOAAtdux.IqYpxnCZ2i7maWW.OhXO0MR.jFMMS', 'info@cicc.com.cn', 1, NULL, 0, NULL, '2017-04-05 16:17:34', 'Y'),
('cimbgro', '$2a$10$QYHWUGGnkbM8APd6/0tIXerZ7zIJCf.mmsG3s6pIWBnyaJN3nq1w6', 'michael.greenall@cimb.com', 1, NULL, 0, NULL, '2017-04-06 13:40:08', 'Y'),
('clevres', '$2a$10$3vcVaGBqF3M.mjjqONkNXOAlQ33ayfHz8BS/mv6lgegta2X.gp1XS', ' info@cleveland-research.com', 1, NULL, 0, NULL, '2017-03-28 14:50:43', 'Y'),
('clsa39', '$2a$10$5c7.zAcaNz3L/vsxWyvb/.JATrIrpcGwglLKwBTuMy2jkyrjexUb2', 'info@clsa.com.au', 1, NULL, 0, NULL, '2017-04-05 16:33:08', 'Y'),
('colleensheeren', '$2a$10$W4nIISz//eheuOwzue2kqOQHUoZeytMTJhLSJcJ.GH6MdnW2LBqRy', 'colleen.sheeren@barchart.com', 1, '2016-11-29 17:07:17', 0, '2016-11-29 17:07:17', '2016-11-17 15:43:24', 'Y'),
('copamb', '$2a$10$.XxpOeEbN816XFxY1gpiyuzo8zxLYSPAQDH7fGqyUS4Ja4YNoBsni', 'contact_maks@moodys.com ', 1, NULL, 0, NULL, '2017-04-06 13:35:42', 'Y'),
('crisin', '$2a$10$YBF6vSrr6qQaHR/rv23eSOWdmf.FgVSdEbu73nYQELMl36nKb772G', 'research@crisil.com', 1, NULL, 0, NULL, '2017-03-28 15:00:04', 'Y'),
('daiinsre', '$2a$10$zQo/yaq6WH/3X/UMHjxRxeLJxnriO4iIQQqY4N568mzpGov30JA8O', 'contact@dir.co.jp', 1, NULL, 0, NULL, '2017-04-06 13:56:05', 'Y'),
('dattadeepali', '$2a$10$HEHZ.lKs4y6uGRrhNOEv3ejofn5jAPP.3pD6MnoHM.0RckK97vLPm', 'sales@better-talents.com', 1, '2016-11-11 10:25:12', 0, '2016-11-11 10:25:12', '2016-11-09 14:10:08', 'Y'),
('dattadeepali1', '$2a$10$UmNNANWK30y2EpO4VObLk.z0CsOFwkRGh1j8ySPkVwHiAAMOYyIDO', 'sales@better-talents.com', 1, '2016-11-09 14:47:55', 0, '2016-11-09 14:47:55', '2016-11-09 14:46:52', 'Y'),
('dbsvick', '$2a$10$ZRp6ucbq6loWz1Iwhtthiu.d0b8BggZ/lbrnCx2kQ/cX7KyIhPm9G', 'info-sg@dbsvonline.com', 1, NULL, 0, NULL, '2017-04-06 13:42:11', 'Y'),
('dilon251', '$2a$10$.3YwT2XudQSo7yozNdILIungLe6BME9c5x4m2viDqZj38eF4M48re', 'djoyce@ezesoft.com', 1, '2016-05-19 18:22:38', 0, '2016-05-19 18:22:38', '2016-05-19 18:21:22', 'Y'),
('dummy', '$2a$10$Sd3RZO5up1MX2Q5hyq/.oeJHlJ5RKz6akVWcJB9kLiiyugycd5gsa', 'gasmitahr2@krsw.tk', 1, '2017-07-02 06:16:18', 0, '2017-07-02 06:16:18', '2017-07-02 06:15:21', 'Y'),
('ecofinr', '$2a$10$y5/VCK66qSPtbYzG57kXgOZ69nMT1U8Ol6BS0ANhJTroY.5nOpdrO', 'info.in@ecofinglobal.com', 1, NULL, 0, NULL, '2017-04-06 13:46:03', 'Y'),
('edelsec', '$2a$10$l6w0lAcg7oWgzOyUnVjO0u0BDyguw88J4IX6tr.MMHm1FMFZRS7Fa', 'helpdesk@edelweiss.in', 1, NULL, 0, NULL, '2017-05-26 07:47:02', 'Y'),
('ediso', '$2a$10$poR.sk6Zi7T5gyOots2Po.R.DbiQUkvckQdbseTe9JSKnd9m1SM2.', 'oilandgas@edisongroup.com', 1, NULL, 0, NULL, '2017-03-28 15:05:57', 'Y'),
('eilekg', '$2a$10$9Bymy4n7WdYLVQhzY7OCTukF/R71ddtHkiigZFT1Nr29U95VYMbWW', 'dleary@ekgamingllc.com', 1, NULL, 0, NULL, '2017-03-28 15:22:12', 'Y'),
('elliott5', '$2a$10$Y6rb8snOYLbg7ZTRjidmgeFxm.MrokA9TjnqRaMZzTUjHpweL3zVy', 'elliott.hann@fenics.com', 1, '2016-04-07 02:13:34', 0, '2016-04-07 02:13:34', '2016-04-07 01:41:54', 'Y'),
('emkay13', '$2a$10$XKnD6Wfm7NB5w10h7F.YNekrvH7ctAacprW5mfj9RME8vJFW7xm.e', 'rajahmundry@emkayglobal.com', 1, NULL, 0, NULL, '2017-04-05 16:23:53', 'Y'),
('farm_house', '$2a$10$kZ8K4z0MxpwKpmjfQlHhs.X0uPnUxz1gp3lMpIw3zXJX2RZKycNAq', 'jpmark@feqr.com', 1, NULL, 0, NULL, '2017-02-06 12:57:07', 'Y'),
('fcalin', '$2a$10$rNOAIZObeTz1MorRw0yaUer9dTnBZbrG0rfG29DfbyfQEEwsYFaU2', 'info@firstcallindiaequity.com', 1, NULL, 0, NULL, '2017-05-26 08:27:25', 'Y'),
('fetlco', '$2a$10$yCdClh6wBiH8chIHfkKTFOhXqigb/TMvojY4esFdwI5AhQb7pQELi', 'mesmith@feltl.com', 1, NULL, 0, NULL, '2017-03-28 15:23:59', 'Y'),
('finvendor_admin', '$2a$10$FRzyZdEUiBE9o9lEkf8llOVkIxFO2yvapr/Aywfu.MkNkiKi4VYjK', 'support@finvendor.com', 1, '2017-10-11 09:58:02', 0, '2017-10-11 09:58:02', '2016-01-31 16:54:03', 'Y'),
('forder', '$2a$10$ragngEORvQ3OGk2oTtKuh.qJSHQdjBO0FMaixO4h5GejdgdIWXoea', ' info@fordequity.com', 1, NULL, 0, NULL, '2017-03-28 15:25:27', 'Y'),
('fundw', '$2a$10$gpHnO/CnARebuj9xTgInQuRcEfhzRs2KLSOty.0hGgxCrE/IPmQtG', 'dummy@funds-at-work.com', 1, NULL, 0, NULL, '2017-04-05 15:23:15', 'Y'),
('gaurav_vendor', '$2a$10$AAGUVl3K9dE5jEid6mk1IegXZKXVmJW6dSsMwg94F3h6XJTrTxxry', 'gbelanekar@gmail.com', 1, '2016-11-01 17:52:54', 0, '2016-11-01 17:52:54', '2015-12-14 17:56:16', 'Y'),
('gimmcr', '$2a$10$t/yNn.DhKsXT2kpaqtcdCO7zjJwLbeLYUsDqai7Jd0.Tw7Wo9P0xW', 'sales@gimmecredit.com', 1, NULL, 0, NULL, '2017-04-05 16:01:04', 'Y'),
('gloinvh', '$2a$10$AFSMUm7ibyG.v3/V66owDukIbQCHbcsmrJhMSU7DbsIt7W9r9SAi6', 'global@global.com.kw', 1, NULL, 0, NULL, '2017-04-05 15:26:16', 'Y'),
('gtadat', '$2a$10$sb90ywQl9GlI1oRojSbIt.H/niAdhaHNak7lIR814xSiC3Pkl1KSq', 'gtacsmar@gtafe.com', 1, NULL, 0, NULL, '2017-03-28 15:26:45', 'Y'),
('guojunan', '$2a$10$Cq98aZHtLh/D3kxJvxe9hOvev3mCV6.2fJmWI7WIYc8wuAWYDKZ9S', 'dummy@gtja.com,dummy@gtja.com', 1, NULL, 0, NULL, '2017-04-10 16:52:21', 'Y'),
('haitsec', '$2a$10$Rg9tB8wPRH5RGS1P2fU/9ewGQ8TUWcgGplsYnTmSp5G5UXITEqY0W', 'mail@haitongib.com', 1, NULL, 0, NULL, '2017-04-06 16:22:29', 'Y'),
('hcbrok', '$2a$10$.kPzd9DUpbxqD/.Uimtbt.KoUck2Ip9PzBFy3QD/hn.CxknevuD9K', 'info@hc-si.com', 1, NULL, 0, NULL, '2017-04-05 15:27:22', 'Y'),
('hiinvsec', '$2a$10$3pZZokqcutmOnLdzu7ApNevp3YhRCu5ENO.BmD3aErw5uco2YvZwa', 'jkhong@hi-ib.com', 1, NULL, 0, NULL, '2017-04-07 16:04:42', 'Y'),
('hyuresear', '$2a$10$oRdAG7MSAFHOHVvzTJtmfe4nBgbT1eurBM/hUHcFBVReVn/kaXc46', 'rubyou@hri.co.kr', 1, NULL, 0, NULL, '2017-04-06 15:07:57', 'Y'),
('icicise', '$2a$10$IhWjoMOtdTYVmnfgChob1e3TRuu6VU00DCdDQwnm72fKavPsjPT26', 'abhishake.mathur@icicisecurities.com', 1, NULL, 0, NULL, '2017-04-05 15:47:14', 'Y'),
('iifl12', '$2a$10$JBiH5RQEJVfVN4QAYBP3duRYYWGPes84B1dw92DrLMC248.23tFUG', 'info@iiflcap.com', 1, NULL, 0, NULL, '2017-04-05 16:19:55', 'Y'),
('indcapf', '$2a$10$d4KgQ/FD/dpJvLkL2vpJkOSoI9BcaHcJrSDKl9//UuL3OTA.kZ.Um', 'dt@indiacapital.com', 1, NULL, 0, NULL, '2017-04-05 17:00:15', 'Y'),
('indieq', '$2a$10$e//EqHsjgzALQMSlKc0XkuqS/5DZlt4FHuLEKIjcB3S4cW2wX.MOm', 'nick@indigo-equity-research.com', 1, NULL, 0, NULL, '2017-03-28 15:38:16', 'Y'),
('itabb', '$2a$10$cDr.l9RjEiaNRVtADAjM4.GZRMjvJYi.E3NachfBvFc8oy9syjXi.', 'dummy@itau.com.br', 1, NULL, 0, NULL, '2017-04-05 16:16:27', 'Y'),
('jadinv', '$2a$10$VyKSr9wZYsGSEb8jsWrpSelp1e/K6Uahs7OUiTFjEwifhNpNPVdea', 'info@jadwa.com', 1, NULL, 0, NULL, '2017-04-05 15:28:58', 'Y'),
('jmfin', '$2a$10$fKMyHOicV4qWFR.KeokPXOMN2kgEkdX9K3JCU6RXb3ZPEhn8j.pve', '', 1, NULL, 0, NULL, '2017-05-31 01:16:44', 'Y'),
('jyothigurram', '$2a$10$A5KBGBQgYvFpRKPk8MHSO.CgySq4VvccrBvrMTIB78CZQeIPJaPqy', 'jyothigurram25@gmail.com', 0, NULL, 0, NULL, '2016-04-28 14:56:54', 'N'),
('karvres', '$2a$10$iqGbGwQbncNz4T6GJ.vqM.kP9wDFCgNApsFcwjnjGqNWEAqz1pKhK', 'service@karvy.com', 1, NULL, 2, '2017-05-23 14:07:36', '2017-04-05 16:47:38', 'Y'),
('keplch', '$2a$10$vbbTy5h/kDAzGMftwKpVneqUC4rpMY4Y6brsSO6zxf2aX0isbCkh6', 'enquiries@keplercheuvreux.com', 1, NULL, 0, NULL, '2017-03-28 15:40:25', 'Y'),
('kotasec', '$2a$10$fkTiici0jjMVn64V6z06N.zuLjP/NCnobR7FzuT06OfR4Lc0Agg.i', 'service.securities@kotak.com', 1, NULL, 0, NULL, '2017-04-05 16:26:13', 'Y'),
('krchok', '$2a$10$w690SiuhluUne9gDzLrdGejVElsIHGV3pkFBZCLwXiEF7E8XW3xdm', 'service@krchoksey.com', 1, NULL, 0, NULL, '2017-05-31 01:46:04', 'Y'),
('lcris', '$2a$10$AhM82H8EGBniW16DkqOSau9JaxFwuSnomuRIDQfrQrtgrSVZux3KW', 'research@crisil.com', 1, NULL, 0, NULL, '2017-05-26 07:55:27', 'Y'),
('macqres', '$2a$10$Iwz3f5.ykUwbBqwqDG4Bb.DITTTCBMZWDMKplRsB.dUByWpAfL30W', 'macresearch@macquarie.com', 1, NULL, 0, NULL, '2017-04-06 16:49:30', 'Y'),
('mariony', '$2a$10$Bb8jyWorQU/MqWeS3RDNWO2rlTytaRQTFQ47QUNiseHC/mC1cYv3i', 'mariony@cma.net', 1, '2016-09-15 14:24:36', 0, '2016-09-15 14:24:36', '2016-04-14 15:38:47', 'Y'),
('markitih', '$2a$10$doF4NJpOvHoQ4wfJEzbnjeDO4UPlDbH9hxj95IdA7hzmNOl6pOe76', 'support@ihsmarkit.com', 1, NULL, 0, NULL, '2017-03-28 15:36:55', 'Y'),
('maybaens', '$2a$10$nsUCdm55YFUg3W67O65ZRO66rLY680wiyJ4NAQZUsBLPopmXXke1q', 'helpdesk@maybank-ke.com.sg', 1, NULL, 0, NULL, '2017-04-06 15:10:22', 'Y'),
('merge@', '$2a$10$O5zXyZ0EuX.SJJWNWbo39.Jwy4YHRaq3yPQo2Gp3t/AykYJtUqYMq', 'customerrelations@mergent.com', 1, NULL, 0, NULL, '2017-03-28 15:46:05', 'Y'),
('moneynet', '$2a$10$2KNh5JxodDH5t/E3NtN2du9knDxKBM0B57AiQf.2LYg.hPMJxKk3a', 'nancy@money.net', 1, '2017-01-10 19:15:18', 0, '2017-01-10 19:15:18', '2017-01-10 16:40:18', 'Y'),
('mornst', '$2a$10$55V.cuGk/3WKSAbpA2.LLOdz9YFYosDQGvb9EzIYgUZGP4w7jwcxu', 'morningstardirectfeedback@morningstar.com', 1, NULL, 0, NULL, '2017-03-28 15:52:11', 'Y'),
('moswal', '$2a$10$2KtMlrxaKsOk3mX9bLSH1uNj4v5rnyEo85FQQnL.TVFXn1YU30iVC', 'growbig@motilaloswal.com', 1, NULL, 0, NULL, '2017-05-26 11:50:57', 'Y'),
('naehol', '$2a$10$LVJIDdlcA9IQDmGIuwbl7ens/2z45J3Bw3iquMxY6Eabx2s8A261C', 'nsb.info@naeemholding.com', 1, NULL, 0, NULL, '2017-04-05 15:32:40', 'Y'),
('ncbca', '$2a$10$J5VhIWKulS5jueDnL2wE5OGCt0bQfM1NJwct4LZObo419zc6k16bK', 'research@ncbc.com', 1, NULL, 0, NULL, '2017-04-05 15:36:06', 'Y'),
('needhc', '$2a$10$KUShX5oQL0DpO2YWuiwDkOhfTuTqhSVmYshUij/QpoarYOE/hlCnK', 'tmaloney@needhamco.com', 1, NULL, 0, NULL, '2017-04-04 15:08:19', 'Y'),
('nomurresear', '$2a$10$3fuqt2B0dI0Udh0v7pth7.e6R9tzkKzEcfMnrIN2IPHtt08Q3dnwG', 'nomuraasiapacificresearch- ap@nomura.com', 1, NULL, 0, NULL, '2017-04-07 15:49:19', 'Y'),
('nracap', '$2a$10$GmYUm0mfFcJGJgCQ/b4gZeYkmxQpVg0mu6WfNYFZ.z7b8dzCi3/Z.', 'query@nracapital.com', 1, NULL, 0, NULL, '2017-04-04 15:10:35', 'Y'),
('odlumbr', '$2a$10$NAsIceiWgfVuonOgVeQpoeGU4i/ar.kzov8mb2jlQVNW5YAf2p.2S', 'information@odlumbrown.com', 1, NULL, 0, NULL, '2017-04-04 15:14:07', 'Y'),
('oppenhc', '$2a$10$.832JcVht7GuzJp4gL6p3.PHE3pBTH5/GmbEgvVWES1LeF0ccltjS', 'info@opco.com', 1, NULL, 0, NULL, '2017-04-04 15:19:45', 'Y'),
('orares', '$2a$10$HDprMM.BmqWJ2bTsbZrPn.x2g8tvaUqcDHt5NDFzrqeOZ5X9Vyoje', 'research@oraca.net', 1, NULL, 0, NULL, '2017-04-05 16:42:33', 'Y'),
('oxfobg', '$2a$10$.LJMUfM9eCdo5mwYMkngTOEOcaDZc57tBMlEIy/vOraVCuQ.3xgPq', 'info@oxfordbusinessgroup.com', 1, NULL, 0, NULL, '2017-04-05 15:39:55', 'Y'),
('paresec', '$2a$10$Wkg6G0Amykxay5Rf4jBawuXVbSZw3yb1dOSkNjPdbZ6UWTqhL9nKy', 'info@paretosec.com', 1, NULL, 0, NULL, '2017-04-04 15:21:08', 'Y'),
('pharhol', '$2a$10$DvAr65V6G.bQFs7G.RcgHuHv9u1gu5ig3BsEvsAl4dedfFEsRwzJa', 'info@pharosholding.com', 1, NULL, 0, NULL, '2017-04-05 15:49:40', 'Y'),
('philcap', '$2a$10$r5uf99M4io2vxEVdcI/vZeP4pjpfA1lDZ7U97MX00mG7YXxf11Bg.', 'talktophillip@phillip.com.sg', 1, NULL, 0, NULL, '2017-04-06 13:37:37', 'Y'),
('plila', '$2a$10$ykDTmkSdsjQ/aUfZx5./uuEfEK7pjACKMASZILCp4KFrTjGOcHb8u', 'info@plindia.com', 1, NULL, 0, NULL, '2017-05-26 07:39:29', 'Y'),
('preq9i', '$2a$10$Bo/aXLsiRgaZf9fv5EtvqeFTsjcBqYl/rm8I4M.oJM7SfFrU0xBrO', 'info@preqin.com', 1, NULL, 0, NULL, '2017-04-04 15:26:27', 'Y'),
('primeq', '$2a$10$0NOduoUVCEA9EPcqRdBsouLa.KmwlZUSwOWGv0dutlc4WsQ1fi5zy', 'info@primeequityresearchllc.com', 1, NULL, 0, NULL, '2017-04-04 15:22:38', 'Y'),
('primsec', '$2a$10$AqMPZpJufZEZzD7t2fGTsuoZA8UOTsF0evY8CulGSppKOFIjbbWnK', 'prime@primesec.com', 1, NULL, 0, NULL, '2017-04-05 15:52:14', 'Y'),
('ratan', '$2a$10$wqTNk.CFfQKvbhUCknSZaOYxo4yP6up7PigrlBSvH7/Mslv2n1uUC', 'customersupport@rathi.com', 1, NULL, 0, NULL, '2017-05-26 08:01:07', 'Y'),
('raymja', '$2a$10$dQG14coc.tzZ38s9g3wFR.NhpIGpbpopMSBfirEPFLmvP8ufXRoou', 'paulallison.direct@raymondjames.ca', 1, NULL, 0, NULL, '2017-04-04 15:29:33', 'Y'),
('relicap', '$2a$10$4Cv0KHeo87cvpjtLLmvTUuIvfYQ0ild66BHtXChg6v74wSFMc5qGS', '', 1, NULL, 0, NULL, '2017-05-31 01:18:04', 'Y'),
('renaiscap', '$2a$10$brOXTLOQZmvd9Bo0LNzvh.D682/vupH3wQ0j/ecSIdmw1V15hB4KW', 'info@rencap.com', 1, NULL, 0, NULL, '2017-04-05 16:37:23', 'Y'),
('rhbinv', '$2a$10$oZS3msf8BS8gqd.rgGAidOoaHr2JBJQlEahLPcfnGgSOP2ofmgowK', 'support@rhbgroup.com', 1, NULL, 0, NULL, '2017-04-06 15:03:41', 'Y'),
('rpatel@velatt.com', '$2a$10$DcS/bAMeICQG.R3x6MkULO8t6/t4rFgiI2.V0yOU.23rDzD0G5kAW', 'rpatel@velatt.com', 1, '2016-12-19 15:35:48', 0, '2016-12-19 15:35:48', '2016-12-19 15:18:19', 'N'),
('saibres', '$2a$10$nhgV2mWiEE5./liIlnOpcOnyYYQbNGC.jDdXcuORRigJt9entyd1u', 'info@saibusresearch.com', 1, NULL, 0, NULL, '2017-04-05 16:41:22', 'Y'),
('samsec', '$2a$10$R5XoKJGIN2tw/lr0CrFKbeSCeWQV6RB2VFULqwvbXZTEQImn1D/pa', 'info@samsung-securities.com', 1, NULL, 0, NULL, '2017-04-06 15:06:44', 'Y'),
('secelara', '$2a$10$RJakQXsqHUtmPnXXz770uOKll01dBi89sLZSwPkCv/.knTBIeGdF2', 'harendra.kumar@elaracapital.com', 1, NULL, 0, NULL, '2017-05-31 02:01:42', 'Y'),
('sechdfc', '$2a$10$AJ2RhcggnDczN4ZmMhoS2eGek1S8xYt5qpqyS0fXvazniS58nshw6', 'customercare@hdfcsec.com', 1, NULL, 0, NULL, '2017-05-31 01:54:14', 'Y'),
('shareres', '$2a$10$k6kjQDopdF2VWzvbokSjjuLtM6Xe9abgS8bKhMX2rOhHZeRsBd/Lq', 'sr_inquiries@sharedresearch.jp', 1, NULL, 0, NULL, '2017-04-04 15:38:33', 'Y'),
('simeonang', '$2a$10$xfQ7iZUIYyE7tc205RZ4nOdSBWcbGbJkjJcm2brfMTuxoYFLIntn2', 'simeonang@maybank-ke.com.sg', 1, '2016-05-09 07:30:49', 0, '2016-05-09 07:30:49', '2016-05-09 07:28:40', 'Y'),
('sinpse', '$2a$10$ScULJXzY/aBCj/RAaIkbnuE57W6RQc3oYQ.Uvifj7G48ivMR7/UM2', 'mei.lan@sinopac.com', 1, NULL, 0, NULL, '2017-04-06 15:02:12', 'Y'),
('smcgsec', '$2a$10$CiyN2vRM3nJZFL.hRULFYO4BvIfoAQrPLSQbqkOOLbsfgWBZphjJi', 'smc@smcindiaonline.com', 1, NULL, 0, NULL, '2017-04-05 16:39:55', 'Y'),
('spcap', '$2a$10$TsNk73dQtG8y6iX2EnNgC.HKJtZgnhqBy.foi3fewC/csZB0Ne1ni', 'info@sparkcapital.in', 1, NULL, 0, NULL, '2017-05-26 07:11:08', 'Y'),
('srinivas', '$2a$10$sdhwTmjYEqY0ma/TmF65ludcjRpjquPK1tqgOlvA0XWGOgLsqtDGO', 'srinivas.n@techgene.com', 1, '2017-02-02 09:30:08', 0, '2017-02-02 09:30:08', '2017-02-02 09:27:57', 'Y'),
('sujit_gdf', '$2a$10$I5eHekk1M5U.mwvqWgdQLedZqgY8l/Mr5gqA/9MOrx1CKlS0gVq2e', 'sales@globaldatafeeds.in', 1, '2016-04-07 05:10:44', 0, '2016-04-07 05:10:44', '2016-04-05 13:32:36', 'Y'),
('sywgre', '$2a$10$r1snxa433JGm5yAmSeDg1OH47kv5OOezKUSupzZNxu78w0YLdX1..', 'xuky@sywg.com.cn', 1, NULL, 0, NULL, '2017-04-07 15:53:08', 'Y'),
('testuser1', '$2a$10$KpWRv2cvTPtvttKsf.yaLuPln5ME0/i3B8YkVvuokABxF7Fph4v6e', 'testuser1@gmail.com', 1, NULL, 0, NULL, '2017-04-14 16:42:05', 'Y'),
('uobkh', '$2a$10$LvcUVi1y0OniEdYF8WRw8OcBod/fA5RwavbQFCoVc4HtcR0yPvT/q', 'contact@utrade.com.sg', 1, NULL, 0, NULL, '2017-04-06 15:37:55', 'Y'),
('vendorall', '$2a$10$6ECBs1lRmVRgUE81QtxBtO4gCAUGWHuhV5JTW8pnv3TDX5bEAGNDq', 'solndesk@gmail.com', 1, '2017-02-27 16:45:09', 0, '2017-02-27 16:45:09', '2015-12-19 12:50:46', 'Y'),
('vontbe', '$2a$10$/6lppeKJsj5H.l/muoS/Ae0Vvg.t2Vzg9kIdd6bBGeTJmeMJu.jnq', 'basel@vontobel.com', 1, NULL, 0, NULL, '2017-04-04 16:34:25', 'Y'),
('vtcap', '$2a$10$Vr8ehsz9NpMgCr.QjcDaYOVq2qzVyZEtB3rSIKAIsypITe8IznrEO', 'info@vtbcapital.com', 1, NULL, 0, NULL, '2017-04-05 16:35:06', 'Y'),
('willbl', '$2a$10$1UQkppNFk7UVg0s0o1XFquv9tm.RPGlDhbJ6qSsygM9vm5LagDstW', 'info@williamblair.com', 1, NULL, 0, NULL, '2017-04-04 16:36:29', 'Y'),
('wilsh', '$2a$10$MJPsEh.9pUL81WuPn1oVWuzGvjDhL58lxG8j6IkQQs.CR9yrOqvbS', 'contactconsulting@wilshire.com', 1, NULL, 0, NULL, '2017-04-04 16:39:34', 'Y');

-- --------------------------------------------------------

--
-- Table structure for table `user_roles`
--

CREATE TABLE IF NOT EXISTS `user_roles` (
  `user_role_id` int(11) NOT NULL AUTO_INCREMENT,
  `username` varchar(200) NOT NULL,
  `role_id` int(11) NOT NULL,
  PRIMARY KEY (`user_role_id`),
  KEY `username` (`username`),
  KEY `role_id` (`role_id`),
  KEY `FK7342994954953EB1` (`username`),
  KEY `FK73429949B6514C14` (`role_id`)
) ENGINE=InnoDB  DEFAULT CHARSET=latin1 AUTO_INCREMENT=258 ;

--
-- Dumping data for table `user_roles`
--

INSERT INTO `user_roles` (`user_role_id`, `username`, `role_id`) VALUES
(104, 'gaurav_vendor', 2),
(112, 'vendorall', 2),
(113, 'finvendor_admin', 1),
(123, 'sujit_gdf', 2),
(124, 'elliott5', 2),
(125, 'activetick', 2),
(126, 'aaron.thio@spcapitaliq.com', 2),
(127, 'aaron.thio', 2),
(128, 'mariony', 2),
(129, 'andrew sabourin', 2),
(131, 'amit_vendor', 2),
(138, 'amit_consumer', 3),
(139, 'jyothigurram', 3),
(140, 'simeonang', 2),
(141, 'dilon251', 2),
(142, 'abc', 2),
(143, 'dattadeepali', 2),
(144, 'dattadeepali1', 3),
(145, 'colleensheeren', 2),
(146, 'amit11', 2),
(147, 'amit_vendor1', 2),
(148, 'rpatel@velatt.com', 2),
(149, 'moneynet', 2),
(150, 'srinivas', 2),
(151, 'farm_house', 2),
(152, 'arancar', 2),
(153, 'baaderher', 2),
(154, 'boenn&s', 2),
(155, 'brickworkir', 2),
(156, 'charterer', 2),
(157, 'clevres', 2),
(158, 'crisin', 2),
(159, 'ediso', 2),
(160, 'eilekg', 2),
(161, 'fetlco', 2),
(162, 'forder', 2),
(163, 'gtadat', 2),
(164, 'markitih', 2),
(165, 'indieq', 2),
(166, 'keplch', 2),
(167, 'merge@', 2),
(168, 'mornst', 2),
(169, 'needhc', 2),
(170, 'nracap', 2),
(171, 'odlumbr', 2),
(172, 'oppenhc', 2),
(173, 'paresec', 2),
(174, 'primeq', 2),
(175, 'preq9i', 2),
(176, 'raymja', 2),
(177, 'shareres', 2),
(178, 'vontbe', 2),
(179, 'willbl', 2),
(180, 'wilsh', 2),
(181, 'almas', 2),
(182, 'alraj', 2),
(183, 'albilcap', 2),
(184, 'capaljaz', 2),
(185, 'audiba', 2),
(186, 'blominbk', 2),
(187, 'capstan', 2),
(188, 'cicap', 2),
(189, 'fundw', 2),
(190, 'gloinvh', 2),
(191, 'hcbrok', 2),
(192, 'jadinv', 2),
(193, 'naehol', 2),
(194, 'ncbca', 2),
(195, 'oxfobg', 2),
(196, 'icicise', 2),
(197, 'pharhol', 2),
(198, 'primsec', 2),
(199, 'alarinv', 2),
(200, 'arqcap', 2),
(201, 'bcares', 2),
(202, 'gimmcr', 2),
(203, 'btgpac', 2),
(204, 'itabb', 2),
(205, 'cicc11', 2),
(206, 'iifl12', 2),
(207, 'emkay13', 2),
(208, 'kotasec', 2),
(209, 'clsa39', 2),
(210, 'vtcap', 2),
(211, 'renaiscap', 2),
(212, 'smcgsec', 2),
(213, 'saibres', 2),
(214, 'orares', 2),
(215, 'acferes', 2),
(216, 'karvres', 2),
(217, 'bmocapm', 2),
(218, 'churccap', 2),
(219, 'berencapm', 2),
(220, 'indcapf', 2),
(221, 'copamb', 2),
(222, 'philcap', 2),
(223, 'cimbgro', 2),
(224, 'dbsvick', 2),
(225, 'ecofinr', 2),
(226, 'bocre', 2),
(227, 'daiinsre', 2),
(228, 'sinpse', 2),
(229, 'rhbinv', 2),
(230, 'samsec', 2),
(231, 'hyuresear', 2),
(232, 'maybaens', 2),
(233, 'uobkh', 2),
(234, 'capsec', 2),
(235, 'haitsec', 2),
(236, 'macqres', 2),
(237, 'nomurresear', 2),
(238, 'sywgre', 2),
(239, 'hiinvsec', 2),
(240, 'guojunan', 2),
(241, 'testuser1', 2),
(242, 'batakar', 2),
(243, 'spcap', 2),
(244, 'plila', 2),
(245, 'edelsec', 2),
(246, 'lcris', 2),
(247, 'ratan', 2),
(248, 'fcalin', 2),
(249, 'moswal', 2),
(250, 'jmfin', 2),
(251, 'relicap', 2),
(252, 'bquon', 2),
(253, 'krchok', 2),
(254, 'sechdfc', 2),
(255, 'secelara', 2),
(256, 'dummy', 3),
(257, '1', 3);

-- --------------------------------------------------------

--
-- Table structure for table `user_verification`
--

CREATE TABLE IF NOT EXISTS `user_verification` (
  `username` varchar(45) NOT NULL,
  `registration_id` varchar(36) NOT NULL,
  `created_date` timestamp NOT NULL DEFAULT CURRENT_TIMESTAMP ON UPDATE CURRENT_TIMESTAMP,
  `verified_date` timestamp NULL DEFAULT NULL,
  PRIMARY KEY (`username`)
) ENGINE=MyISAM DEFAULT CHARSET=utf8;

--
-- Dumping data for table `user_verification`
--

INSERT INTO `user_verification` (`username`, `registration_id`, `created_date`, `verified_date`) VALUES
('rk', '87a5d87d-7b4f-4702-bba8-497271353ce6', '2015-11-28 06:18:33', NULL),
('amt', '55094fd2-b560-4009-b0e5-e51411763357', '2015-11-28 06:21:05', NULL),
('amit11', '2c149885-b95c-42df-b29d-fe82c614e971', '2015-11-28 06:24:45', NULL),
('amit112', '6d68c8ed-c3f0-41a7-9017-93e879e3af90', '2015-11-28 06:27:11', NULL),
('gaurav', 'a97c3817-2825-4055-8cc1-b93ffa2263b3', '2015-11-28 06:28:48', NULL),
('gaurav1', '5860dcb2-1fac-482e-a9f3-4635e0182ad1', '2015-11-28 06:29:27', NULL),
('gaurav12', '8d72d4db-a92c-41c5-a384-c54eb2f26b65', '2015-11-28 06:33:25', NULL),
('gaurav123', '844c57ec-982a-4cfc-8fdd-6e060f32907b', '2015-11-28 06:34:42', NULL),
('gaurav1234', '6e2533a7-eec6-4900-bbe4-572480c76ceb', '2015-11-28 06:35:45', NULL),
('gaurav12345', '0ed161d1-3db6-4ffb-a2be-e66189f9d899', '2015-11-28 06:37:00', NULL),
('gaurav123456', 'b6ae6551-3e74-4495-bf98-19ed7a330669', '2015-11-28 06:37:45', NULL),
('gaurav1234567', 'a74a1631-9484-4399-b8d5-cae2d8106c57', '2015-11-28 06:38:21', NULL),
('gaurav12345678', 'f447bb0a-04fb-482d-80a3-1ef29855dd59', '2015-11-28 06:38:42', NULL),
('testuser', 'cd40f8e4-3449-44e3-ae1c-a914085adf24', '2015-12-11 14:33:43', NULL),
('testuser1', '26ef558c-bc21-4cd7-9be2-68a1df390807', '2015-12-11 14:35:03', NULL),
('admin', '5febb7f0-4669-44b7-9dbc-e497139f67da', '2015-12-11 14:41:54', '2015-12-11 14:41:54'),
('jamil', 'e5f8d30f-2644-4203-bb25-9c4f1a660082', '2015-12-12 04:51:15', NULL),
('gaurav_vendor', '8aeda6ab-0b3d-480d-9746-db9ca22d2e08', '2015-12-14 17:56:41', '2015-12-14 17:56:41'),
('gaurav_consumer', 'c18e6029-15ce-4c25-9dfe-fff0c1cb3249', '2015-12-15 02:14:46', '2015-12-15 02:14:46'),
('gauravaa', '8999a0d1-507a-413f-b7fb-338191a841fa', '2015-12-15 06:56:47', NULL),
('gauravaaa', 'f86ca28d-d24e-4d13-9f5a-bdb6765f1419', '2015-12-15 06:58:14', NULL),
('priti', '869b22d1-c545-45d6-897a-59d2c632e1bd', '2015-12-15 13:20:49', '2015-12-15 13:20:49'),
('deepo', '2e79e6f5-64d8-43c7-8db7-6c117e1001bf', '2015-12-15 13:27:04', '2015-12-15 13:27:04'),
('aaaaa', '0aceebcb-bcd8-44c1-9d82-da9cfe03ba3f', '2015-12-15 14:53:04', NULL),
('akl', '362d7dc4-5abc-4e31-aafa-de669f43c00b', '2015-12-18 07:01:48', NULL),
('vendorall', 'e14a3acf-d9a0-44af-95ec-3340e14920f5', '2015-12-19 12:51:09', '2015-12-19 12:51:09'),
('manoj', '994c6d89-7dae-4d65-bb22-7dc2ae9250aa', '2016-01-29 17:08:46', NULL),
('amit2', 'd070938b-12fd-4562-826e-cdb177689267', '2016-02-10 13:42:16', NULL),
('amit12', '56376fc6-f907-45f5-af1d-7be76873b2d3', '2016-02-22 15:41:29', NULL),
('amit_consumer', '92504219-be42-4c62-a2b2-74adeb1914c1', '2016-04-26 07:54:25', '2016-04-26 07:54:25'),
('gaura', '11ee5db1-cbae-490c-b343-de3e0f2de8bd', '2016-02-28 09:24:55', '2016-02-28 09:24:55'),
('allvendor', 'b108183c-9b5e-4e9a-beee-a891d760aefc', '2016-03-05 10:03:15', '2016-03-05 10:03:15'),
('jyothigurram', '4a92fc9a-2702-43d7-b5aa-64868b1502b3', '2016-03-09 14:18:11', '2016-03-09 14:18:11'),
('sanjanakaspa', '9b6d8e28-5c5a-45e9-aefa-fd1e42b7be44', '2016-03-11 11:43:15', '2016-03-11 11:43:15'),
('amit_1', '9fc60541-eac6-430d-ba42-1304af64a004', '2016-03-13 11:51:05', '2016-03-13 11:51:05'),
('darsh.kn@gmail.com', 'eee82db1-741d-4594-9727-4ca3d48623e7', '2016-03-29 06:47:40', NULL),
('sujit_gdf', '468e2dd8-6471-4b68-900b-e4cd905e41ea', '2016-04-05 13:56:10', '2016-04-05 13:56:10'),
('elliott5', 'accc6d12-48c1-40a3-a530-25845a1f2333', '2016-04-07 02:13:09', '2016-04-07 02:13:09'),
('activetick', '38182c3b-44fb-43ac-a690-240b7a36f468', '2016-04-07 17:37:28', '2016-04-07 17:37:28'),
('aaron.thio@spcapitaliq.com', 'bdd898c2-fb99-40ec-a0af-8f6c280709cd', '2016-04-14 10:31:15', NULL),
('aaron.thio', '7ec35fc0-7aae-4f9b-99be-73f834a8d192', '2016-04-14 10:32:44', '2016-04-14 10:32:44'),
('mariony', '1bdb5315-0e71-40a9-a0ef-3dd067d0e6b1', '2016-04-14 15:39:16', '2016-04-14 15:39:16'),
('andrew sabourin', 'e13e31ab-1518-4f6a-972a-37dd0aa195b1', '2016-04-20 15:19:38', NULL),
('simeonang', '4d142a02-29bd-4fba-b92f-3b49096187ed', '2016-05-09 07:29:05', '2016-05-09 07:29:05'),
('amit_vendor', '895f6908-cd14-43df-91bc-78f03c0c5e2c', '2016-04-21 13:45:53', '2016-04-21 13:45:53'),
('abc', '31c54a55-6c84-4850-bc70-09fed0abf77a', '2016-10-20 12:45:07', NULL),
('dilon251', '072b4a85-62ca-4cd4-9a81-e0889d3155b3', '2016-05-19 18:22:20', '2016-05-19 18:22:20'),
('dattadeepali', 'f72d1cab-259f-46c4-adf5-c190be92adb5', '2016-11-09 14:13:09', '2016-11-09 14:13:09'),
('dattadeepali1', '142f204c-2077-43ed-9646-9ac8513ca9f9', '2016-11-09 14:47:18', '2016-11-09 14:47:18'),
('colleensheeren', '0bea8fbc-a913-4f8b-b924-2d53b1b171cd', '2016-11-17 15:45:41', '2016-11-17 15:45:41'),
('amit_vendor1', 'c115fb50-2154-46b9-8310-e320db02db23', '2016-12-13 13:08:26', '2016-12-13 13:08:26'),
('rpatel@velatt.com', '3b653afb-0000-4e31-84f8-7ae5f0828edb', '2016-12-19 15:18:19', NULL),
('moneynet', '8be3e9e2-5b4f-43b1-bb7a-66152f8df8ce', '2017-01-10 16:40:39', '2017-01-10 16:40:39'),
('srinivas', '95090a04-2c50-428d-895f-19f3ce33d2db', '2017-02-02 09:29:18', '2017-02-02 09:29:18'),
('farm_house', '94138edf-2b9c-42aa-ac07-1b2d5c5c3f3d', '2017-02-06 12:57:07', NULL),
('arancar', '86ae5154-ea82-42d9-9e13-de430f9ac160', '2017-03-28 14:31:21', NULL),
('baaderher', '222132f8-69ad-4c69-b61e-63987d35003f', '2017-03-28 14:35:19', NULL),
('boenn&s', '655bc234-8fbd-45fb-9f55-8c066f8e656b', '2017-03-28 14:40:07', NULL),
('brickworkir', 'bd962109-7e48-4387-af75-b024dbcbee14', '2017-03-28 14:42:41', NULL),
('charterer', 'cc6f6725-ed99-4003-99e2-cc70217db9d0', '2017-03-28 14:47:46', NULL),
('clevres', 'c8794186-a028-4f6f-843e-210e42c29a0a', '2017-03-28 14:50:43', NULL),
('crisin', '683d4165-1490-49b4-9c0b-1f02ef992506', '2017-03-28 15:00:04', NULL),
('ediso', 'cd3d37bc-a29d-4566-929f-8643b2c59483', '2017-03-28 15:05:57', NULL),
('eilekg', '07fbdedb-648a-48c1-9617-2d8e1269464f', '2017-03-28 15:22:12', NULL),
('fetlco', '4a45afee-9094-4a6a-9cec-2af7f14ace14', '2017-03-28 15:23:59', NULL),
('forder', '74e98f9c-9b21-4e64-ab6d-4bb5fd9d2c96', '2017-03-28 15:25:27', NULL),
('gtadat', '50a89dba-ec93-4d20-b468-1e6611712600', '2017-03-28 15:26:45', NULL),
('markitih', '337586ea-a572-4b0f-ab40-ef6001847c27', '2017-03-28 15:36:55', NULL),
('indieq', '08aa12d9-e014-4ab9-aa8c-2bbd937944e5', '2017-03-28 15:38:16', NULL),
('keplch', 'c4031820-c8af-44ac-b430-3f87e178d8ed', '2017-03-28 15:40:25', NULL),
('merge@', '7f830401-c993-46d8-b67c-d35e8afb9e1b', '2017-03-28 15:46:05', NULL),
('mornst', 'e70d7618-9d7f-4a23-8d41-4639f6fec1be', '2017-03-28 15:52:11', NULL),
('needhc', 'e577272f-a6bd-424b-b10e-b672709b4c51', '2017-04-04 15:08:19', NULL),
('nracap', '37745968-8f1c-425a-9494-39965ac04421', '2017-04-04 15:10:35', NULL),
('odlumbr', 'af003b32-d540-46ef-b6f3-562cfc89e1c1', '2017-04-04 15:14:07', NULL),
('oppenhc', '93e44297-0342-4c5a-a5a7-930b3bdc5e12', '2017-04-04 15:19:45', NULL),
('paresec', '98a7e173-85fc-48b7-a670-545320e5b0ab', '2017-04-04 15:21:08', NULL),
('primeq', '64a6c4be-c912-47c6-ba42-87c22125e3e2', '2017-04-04 15:22:38', NULL),
('preq9i', '43b81fd5-6b3b-49e1-a7c3-9ec32cc378e2', '2017-04-04 15:26:27', NULL),
('raymja', '9f67e10f-34f3-46bd-a23d-0b23bd2aae10', '2017-04-04 15:29:33', NULL),
('shareres', '1bcbb9e4-6506-424a-992d-7df237c01699', '2017-04-04 15:38:33', NULL),
('vontbe', '3d0c9fa6-a50d-4878-acab-dbf5a289aebd', '2017-04-04 16:34:25', NULL),
('willbl', '22face50-980b-4607-8668-d77fdc07b366', '2017-04-04 16:36:29', NULL),
('wilsh', 'bcd2f1f4-c655-49ec-bd9b-816b45088ddf', '2017-04-04 16:39:34', NULL),
('almas', '010a52b3-82ee-4b34-a9c0-d1b90e706347', '2017-04-04 16:42:34', NULL),
('alraj', '73595458-d22a-4d6c-b760-8699992a198d', '2017-04-04 16:47:08', NULL),
('albilcap', 'eef6809b-bbf7-40e3-a611-9aa391ca3277', '2017-04-04 16:49:58', NULL),
('capaljaz', '2ed8930d-f255-4bc2-bbaf-f35e117fe7bf', '2017-04-04 16:53:45', NULL),
('audiba', '80ac602e-d5e9-444b-8c8f-80bab086cce1', '2017-04-04 16:57:16', NULL),
('blominbk', '22124db8-35e2-42b3-8dc8-39af1b7406ca', '2017-04-05 15:03:20', NULL),
('capstan', '27fdccd5-95cf-47cb-b02e-e99a955989fd', '2017-04-05 15:07:50', NULL),
('cicap', 'd1cb554b-7402-4854-9319-4ef5928fe1b6', '2017-04-05 15:12:16', NULL),
('fundw', 'f78941df-0632-46bb-9cec-181f3cc9f900', '2017-04-05 15:23:15', NULL),
('gloinvh', '8de5c403-3ab1-419b-a53c-2f2e84e6a75f', '2017-04-05 15:26:16', NULL),
('hcbrok', '2dd1e40f-232f-4453-ac83-332b36b805ad', '2017-04-05 15:27:22', NULL),
('jadinv', 'fa7376a4-b85f-4cfa-b75b-d0d127f0a03c', '2017-04-05 15:28:58', NULL),
('naehol', 'cfb42d88-4c39-4d63-ab69-e94f3dfbbb51', '2017-04-05 15:32:40', NULL),
('ncbca', 'ebdc7773-73fc-43bd-9245-c815694542cc', '2017-04-05 15:36:06', NULL),
('oxfobg', '97f4149b-3faa-4ff6-b495-1bbe5e466743', '2017-04-05 15:39:55', NULL),
('icicise', '6f933e63-752b-491b-8b8a-3921ec5c4e10', '2017-04-05 15:47:14', NULL),
('pharhol', '86140ca9-2b02-42b1-b049-60be4c6fcc3d', '2017-04-05 15:49:40', NULL),
('primsec', '38eb78bc-f404-4624-abda-60cbcdce7353', '2017-04-05 15:52:14', NULL),
('alarinv', 'a55050be-bd9e-42f1-a0e2-1b1fa57480d7', '2017-04-05 15:53:47', NULL),
('arqcap', 'cf5b960a-7ef6-4a6a-9a43-83fba699ac6c', '2017-04-05 15:55:29', NULL),
('bcares', 'aee6e1ae-e4c4-4ac0-b6a0-e47bda785202', '2017-04-05 15:56:45', NULL),
('gimmcr', 'a23ce02d-5c85-433f-b0be-60e1d9130de2', '2017-04-05 16:01:04', NULL),
('btgpac', '60c6cda2-30d1-42df-95ab-fbe4db360557', '2017-04-05 16:06:35', NULL),
('itabb', '8097b419-f43f-4bc1-9174-6a3bf28901f7', '2017-04-05 16:16:27', NULL),
('cicc11', '4a80b7bd-ed3f-4f8a-8e42-3a5ca96deb40', '2017-04-05 16:17:34', NULL),
('iifl12', 'c947c9bd-858c-44c7-adc9-4b2948a2c2ea', '2017-04-05 16:19:55', NULL),
('emkay13', 'ebe5c2c7-511e-4dad-a412-ecb1fae84d6a', '2017-04-05 16:23:53', NULL),
('kotasec', '84281237-5417-4e89-bc16-40fe3a1105c1', '2017-04-05 16:26:13', NULL),
('clsa39', '776834fc-4ec4-4c8d-865e-b7c14287bdb4', '2017-04-05 16:33:08', NULL),
('vtcap', '9ee0bd03-4aec-4e78-8123-16b946051042', '2017-04-05 16:35:06', NULL),
('renaiscap', 'ef6dd463-f28d-4028-8e46-50f1ceb076bd', '2017-04-05 16:37:23', NULL),
('smcgsec', '293a3bbf-719a-4102-a76e-81a71035fdbe', '2017-04-05 16:39:55', NULL),
('saibres', '3d6218aa-5369-4267-83a0-87a558f3c9ee', '2017-04-05 16:41:22', NULL),
('orares', 'fa75ad17-4d9c-4f5b-b690-58f47adaf02c', '2017-04-05 16:42:33', NULL),
('acferes', 'e39fd37d-2d07-4a69-8d7b-3c2edf5870e0', '2017-04-05 16:44:44', NULL),
('karvres', 'f10162d5-0025-4cae-8109-78e441e13b76', '2017-04-05 16:47:38', NULL),
('bmocapm', 'a7762ad9-befb-4f04-8440-e3e02a5971f4', '2017-04-05 16:49:10', NULL),
('churccap', '8bf46947-280e-46b6-ab13-208baaf82f98', '2017-04-05 16:50:46', NULL),
('berencapm', 'bd896fc8-19f8-48aa-95a5-64e23f3814ed', '2017-04-05 16:53:28', NULL),
('indcapf', 'a9c2b0e2-0568-4dcd-b662-e05c650d3e44', '2017-04-05 17:00:15', NULL),
('copamb', 'fec2791e-2ea3-4217-8a26-69c9debd500d', '2017-04-06 13:35:42', NULL),
('philcap', '202e51af-7377-4694-8cc7-d6791e1b4dbf', '2017-04-06 13:37:37', NULL),
('cimbgro', 'bfe12ae0-20f1-449e-a976-6812bf871e23', '2017-04-06 13:40:08', NULL),
('dbsvick', 'c3b7b895-459b-4f2c-8a86-e88b2c874935', '2017-04-06 13:42:11', NULL),
('ecofinr', '8ba006e0-b207-4e69-aff0-b7ec0e9b5972', '2017-04-06 13:46:03', NULL),
('bocre', '3bb22b4d-c8e0-482f-875e-557c1ead2cdf', '2017-04-06 13:47:11', NULL),
('daiinsre', '62598925-da6c-41a2-9dea-45c398267a76', '2017-04-06 13:56:05', NULL),
('sinpse', 'c0c34333-a526-43cd-9b5f-d9519bc478b1', '2017-04-06 15:02:12', NULL),
('rhbinv', '54b7fe5d-f0ac-4150-8324-bb44cc54ee89', '2017-04-06 15:03:41', NULL),
('samsec', '1162c822-9ad9-447a-aa1b-7a435ca0ca4c', '2017-04-06 15:06:44', NULL),
('hyuresear', '004a8320-5308-42b4-9bc9-51008d3f1b8a', '2017-04-06 15:07:57', NULL),
('maybaens', 'c11e31db-a38c-4bd0-94a2-0633479f4496', '2017-04-06 15:10:22', NULL),
('uobkh', '08b63a48-dcf8-4787-8330-e82741b74499', '2017-04-06 15:37:55', NULL),
('capsec', 'b96f976d-eafb-4200-9d24-8f84eb40de5b', '2017-04-06 15:59:19', NULL),
('haitsec', 'bb01d1cd-1202-4bb5-94dd-a45f676689bb', '2017-04-06 16:22:29', NULL),
('macqres', '5bf50c58-90ec-4677-9225-b3daa3960ed7', '2017-04-06 16:49:30', NULL),
('nomurresear', 'd83feea3-433f-438f-ac5a-8a62a2abde5c', '2017-04-07 15:49:19', NULL),
('sywgre', '43914af8-e9c3-472a-a6d3-d4948e372954', '2017-04-07 15:53:08', NULL),
('hiinvsec', 'e61140f7-2335-4965-98dc-1ba8a957b14c', '2017-04-07 16:04:42', NULL),
('guojunan', '210de765-5ebf-4a65-8b6c-67ca8015e7d8', '2017-04-10 16:52:21', NULL),
('batakar', '31cdbc6e-420f-469f-b73b-c291a907e5d3', '2017-05-26 05:22:40', NULL),
('spcap', '982abe84-7689-423a-b7f5-dfebc100f6a8', '2017-05-26 07:11:08', NULL),
('plila', '8fd655ef-7380-42eb-aad3-cd347455fdd4', '2017-05-26 07:39:29', NULL),
('edelsec', '02a8254d-7891-43a8-b70c-ac15b55297d2', '2017-05-26 07:47:02', NULL),
('lcris', '02cec713-bf47-46ca-ac97-b912eb8e8d49', '2017-05-26 07:55:27', NULL),
('ratan', '16f661af-b685-4064-898e-da75e9fb5d4a', '2017-05-26 08:01:07', NULL),
('fcalin', 'a06611d7-385d-4b5d-8e15-e3359e5ba72d', '2017-05-26 08:27:25', NULL),
('moswal', '11582f03-db06-40bd-9f07-424ddf5f4197', '2017-05-26 11:50:57', NULL),
('jmfin', 'e0b1e846-bb1b-42ba-8d71-3bef54d8ba0c', '2017-05-31 01:16:44', NULL),
('relicap', '91c863b0-f1c4-4d97-adab-a2430608a1f3', '2017-05-31 01:18:04', NULL),
('bquon', 'ec23a25a-c552-4e51-aaaf-df49ea67e6a3', '2017-05-31 01:34:52', NULL),
('krchok', '953b52dc-3430-41ec-919b-03bebaf260b8', '2017-05-31 01:46:04', NULL),
('sechdfc', 'bf843f34-88e8-4562-b3d9-0b6d19c90456', '2017-05-31 01:54:14', NULL),
('secelara', 'cdf8ccba-bd24-40f8-92fe-a3fc79bff525', '2017-05-31 02:01:42', NULL),
('dummy', 'd62a1cb7-961a-48f5-a965-631e2b0ad70e', '2017-07-02 06:23:37', '2017-07-02 06:23:37'),
('1', '89b50745-e701-483f-b785-0c7ec808f529', '2017-10-09 05:53:39', NULL);

-- --------------------------------------------------------

--
-- Table structure for table `vendor`
--

CREATE TABLE IF NOT EXISTS `vendor` (
  `vendor_id` varchar(45) NOT NULL,
  `fname` varchar(100) NOT NULL,
  `lname` varchar(100) NOT NULL,
  `designation` varchar(300) NOT NULL,
  `secondary_email` varchar(300) NOT NULL,
  `telephone` varchar(100) NOT NULL,
  `company` varchar(200) NOT NULL,
  `company_url` varchar(300) NOT NULL,
  `companytype` varchar(200) NOT NULL,
  `company_info` varchar(400) NOT NULL,
  `tags` varchar(500) DEFAULT NULL,
  `username` varchar(45) NOT NULL,
  `companyaddress` varchar(200) DEFAULT NULL,
  `regionofincorp` int(11) DEFAULT NULL,
  `countryofincorp` varchar(45) DEFAULT NULL,
  `logoBytes` longblob,
  `logolength` int(11) DEFAULT NULL,
  `LogoName` varchar(255) DEFAULT NULL,
  `logoType` varchar(255) DEFAULT NULL,
  `telephoneCode` varchar(255) DEFAULT NULL,
  `VendorSupport` int(11) DEFAULT NULL,
  PRIMARY KEY (`vendor_id`),
  KEY `fk_ven_username_idx` (`username`),
  KEY `FKCF1EA54854953EB1` (`username`)
) ENGINE=InnoDB DEFAULT CHARSET=latin1;

--
-- Dumping data for table `vendor`
--

INSERT INTO `vendor` (`vendor_id`, `fname`, `lname`, `designation`, `secondary_email`, `telephone`, `company`, `company_url`, `companytype`, `company_info`, `tags`, `username`, `companyaddress`, `regionofincorp`, `countryofincorp`, `logoBytes`, `logolength`, `LogoName`, `logoType`, `telephoneCode`, `VendorSupport`) VALUES
('006a671e-54ef-40b9-936d-3de803071d9a', 'NomurResear', '', '', '', '', 'NOMURA', '', 'Research Report', '', NULL, 'nomurresear', '', NULL, NULL, NULL, NULL, NULL, NULL, NULL, NULL),
('037452ed-4ac1-4145-9b10-a93e43e972e3', 'CrisIn', '', '', '', '', 'CRISIL', '', 'Research Report', '', NULL, 'crisin', '', NULL, NULL, NULL, NULL, NULL, NULL, NULL, NULL),
('04a68fcc-f03b-421e-b61f-d0aee8014084', 'gIMMcR', '', '', '', '', 'Gimme Credit', '', 'Research Report', '', NULL, 'gimmcr', '', NULL, NULL, NULL, NULL, NULL, NULL, NULL, NULL),
('062555fa-3fc9-455d-b6b1-9b4013e096c1', 'Merge@', '', '', '', '', 'Mergent', '', 'Research Report', '', NULL, 'merge@', '', NULL, NULL, NULL, NULL, NULL, NULL, NULL, NULL),
('09679d92-c94c-4ea0-9503-4b279a8609a0', 'Jmfin', '', '', '', '', 'JM Financial', '', 'Research Report', '', NULL, 'jmfin', '', NULL, NULL, NULL, NULL, NULL, NULL, NULL, NULL),
('0b299ef7-ec29-4a5e-a49c-e609c2b904fd', 'Spcap', '', '', '', '', 'Spark Capital', '', 'Research Report', '', NULL, 'spcap', '', NULL, NULL, NULL, NULL, NULL, NULL, NULL, NULL),
('0d230fb8-144c-4532-a64f-db1d19e208e5', 'NaeHol', '', '', '', '', 'Naeem Holdings', '', 'Research Report', '', NULL, 'naehol', '', NULL, NULL, NULL, NULL, NULL, NULL, NULL, NULL),
('0f257c36-55ae-418c-8996-10a6ee15daf0', 'GuoJunan', '', '', '', '', 'Guotai Junan Securities', '', 'Research Report', '', NULL, 'guojunan', '', NULL, NULL, NULL, NULL, NULL, NULL, NULL, NULL),
('15ed88f1-bd2e-4d47-9622-069d6c4f0b09', 'KotaSec', '', '', '', '', 'Kotak Securities', '', 'Research Report', '', NULL, 'kotasec', '', NULL, NULL, NULL, NULL, NULL, NULL, NULL, NULL),
('17780cea-2e09-412d-bed6-1652fcf733de', 'BaaderHER', '', '', '', '', 'Baader Bank', '', 'Research Report', '', NULL, 'baaderher', '', NULL, NULL, NULL, NULL, NULL, NULL, NULL, NULL),
('18421178-5478-4609-a410-e3d3191e0edd', 'SinPSe', '', '', '', '', 'SinoPac Securities', '', 'Research Report', '', NULL, 'sinpse', '', NULL, NULL, NULL, NULL, NULL, NULL, NULL, NULL),
('18f7136f-9208-41f0-8d8d-b801095cadd1', 'RatAn', '', '', '', '', 'Anand Rathi', '', 'Research Report', '', NULL, 'ratan', '', NULL, NULL, NULL, NULL, NULL, NULL, NULL, NULL),
('1a9831f7-ad9c-44ee-a1ee-09c17cf5d210', 'Preq9i', '', '', '', '', 'Preqin', '', 'Research Report', '', NULL, 'preq9i', '', NULL, NULL, NULL, NULL, NULL, NULL, NULL, NULL);
INSERT INTO `vendor` (`vendor_id`, `fname`, `lname`, `designation`, `secondary_email`, `telephone`, `company`, `company_url`, `companytype`, `company_info`, `tags`, `username`, `companyaddress`, `regionofincorp`, `countryofincorp`, `logoBytes`, `logolength`, `LogoName`, `logoType`, `telephoneCode`, `VendorSupport`) VALUES
('1f9e5863-7dbe-49fa-8831-80edba6d243c', 'colleensheeren', '', '', '', '', 'Barchart Market Data', '', 'Data Aggregator', '', '-SELECT-', 'colleensheeren', '', NULL, NULL, 0x89504e470d0a1a0a0000000d49484452000001a1000000c10806000000662b0f2c0000000970485973000016250000162501495224f000000a4f6943435050686f746f73686f70204943432070726f66696c65000078da9d53675453e9163df7def4424b8880944b6f5215082052428b801491262a2109104a8821a1d91551c1114545041bc8a088038e8e808c15512c0c8a0ad807e421a28e83a3888acafbe17ba36bd6bcf7e6cdfeb5d73ee7acf39db3cf07c0080c9648335135800ca9421e11e083c7c4c6e1e42e40810a2470001008b3642173fd230100f87e3c3c2b22c007be000178d30b0800c04d9bc0301c87ff0fea42995c01808401c07491384b08801400407a8e42a600404601809d98265300a0040060cb6362e300502d0060277fe6d300809df8997b01005b94211501a09100201365884400683b00accf568a450058300014664bc43900d82d00304957664800b0b700c0ce100bb200080c00305188852900047b0060c8232378008499001446f2573cf12bae10e72a00007899b23cb9243945815b082d710757572e1e28ce49172b14366102619a402ec27999193281340fe0f3cc0000a0911511e083f3fd78ce0eaecece368eb60e5f2deabf06ff226262e3fee5cfab70400000e1747ed1fe2c2fb31a803b06806dfea225ee04685e0ba075f78b66b20f40b500a0e9da57f370f87e3c3c45a190b9d9d9e5e4e4d84ac4425b61ca577dfe67c25fc057fd6cf97e3cfcf7f5e0bee22481325d814704f8e0c2ccf44ca51ccf92098462dce68f47fcb70bfffc1dd322c44962b9582a14e35112718e449a8cf332a52289429229c525d2ff64e2df2cfb033edf3500b06a3e017b912da85d6303f64b27105874c0e2f70000f2bb6fc1d4280803806883e1cf77ffef3ffd47a02500806649927100005e44242e54cab33fc708000044a0812ab0411bf4c1182cc0061cc105dcc10bfc6036844224c4c24210420a64801c726029ac82422886cdb01d2a602fd4401d34c051688693700e2ec255b80e3d700ffa61089ec128bc81090441c808136121da8801628a58238e08179985f821c14804128b2420c9881451224b91354831528a542055481df23d720239875c46ba913bc8003282fc86bc47319481b2513dd40cb543b9a8371a8446a20bd06474319a8f16a09bd072b41a3d8c36a1e7d0ab680fda8f3e43c730c0e8180733c46c302ec6c342b1382c099363cbb122ac0cabc61ab056ac03bb89f563cfb17704128145c0093604774220611e4148584c584ed848a8201c243411da093709038451c2272293a84bb426ba11f9c4186232318758482c23d6128f132f107b8843c437241289433227b9900249b1a454d212d246d26e5223e92ca99b34481a2393c9da646bb20739942c202bc885e49de4c3e433e41be421f25b0a9d624071a4f853e22852ca6a4a19e510e534e5066598324155a39a52dda8a15411358f5a42ada1b652af5187a81334759a39cd8316494ba5ada295d31a681768f769afe874ba11dd951e4e97d057d2cbe947e897e803f4770c0d861583c7886728199b18071867197718af984ca619d38b19c754303731eb98e7990f996f55582ab62a7c1591ca0a954a9526951b2a2f54a9aaa6aadeaa0b55f355cb548fa95e537dae46553353e3a909d496ab55aa9d50eb531b5367a93ba887aa67a86f543fa47e59fd890659c34cc34f43a451a0b15fe3bcc6200b6319b3782c216b0dab86758135c426b1cdd97c762abb98fd1dbb8b3daaa9a13943334a3357b352f394663f07e39871f89c744e09e728a797f37e8ade14ef29e2291ba6344cb931655c6baa96979658ab48ab51ab47ebbd36aeeda79da6bd45bb59fb810e41c74a275c2747678fce059de753d953dda70aa7164d3d3af5ae2eaa6ba51ba1bb4477bf6ea7ee989ebe5e809e4c6fa7de79bde7fa1c7d2ffd54fd6dfaa7f5470c5806b30c2406db0cce183cc535716f3c1d2fc7dbf151435dc34043a561956197e18491b9d13ca3d5468d460f8c69c65ce324e36dc66dc6a326062621264b4dea4dee9a524db9a629a63b4c3b4cc7cdcccda2cdd699359b3d31d732e79be79bd79bdfb7605a785a2cb6a8b6b86549b2e45aa659eeb6bc6e855a3959a558555a5db346ad9dad25d6bbadbba711a7b94e934eab9ed667c3b0f1b6c9b6a9b719b0e5d806dbaeb66db67d6167621767b7c5aec3ee93bd937dba7d8dfd3d070d87d90eab1d5a1d7e73b472143a563ade9ace9cee3f7dc5f496e92f6758cf10cfd833e3b613cb29c4699d539bd347671767b97383f3888b894b82cb2e973e2e9b1bc6ddc8bde44a74f5715de17ad2f59d9bb39bc2eda8dbafee36ee69ee87dc9fcc349f299e593373d0c3c843e051e5d13f0b9f95306bdfac7e4f434f8167b5e7232f632f9157add7b0b7a577aaf761ef173ef63e729fe33ee33c37de32de595fcc37c0b7c8b7cb4fc36f9e5f85df437f23ff64ff7affd100a78025016703898141815b02fbf87a7c21bf8e3f3adb65f6b2d9ed418ca0b94115418f82ad82e5c1ad2168c8ec90ad21f7e798ce91ce690e85507ee8d6d00761e6618bc37e0c2785878557863f8e7088581ad131973577d1dc4373df44fa449644de9b67314f39af2d4a352a3eaa2e6a3cda37ba34ba3fc62e6659ccd5589d58496c4b1c392e2aae366e6cbedffcedf387e29de20be37b17982fc85d7079a1cec2f485a716a92e122c3a96404c884e3894f041102aa8168c25f21377258e0a79c21dc267222fd136d188d8435c2a1e4ef2482a4d7a92ec91bc357924c533a52ce5b98427a990bc4c0d4cdd9b3a9e169a76206d323d3abd31839291907142aa214d93b667ea67e66676cbac6585b2fec56e8bb72f1e9507c96bb390ac05592d0ab642a6e8545a28d72a07b267655766bfcd89ca3996ab9e2bcdedccb3cadb90379cef9fffed12c212e192b6a5864b572d1d58e6bdac6a39b23c7179db0ae315052b865606ac3cb88ab62a6dd54fabed5797ae7ebd267a4d6b815ec1ca82c1b5016beb0b550ae5857debdcd7ed5d4f582f59dfb561fa869d1b3e15898aae14db1797157fd828dc78e51b876fcabf99dc94b4a9abc4b964cf66d266e9e6de2d9e5b0e96aa97e6970e6e0dd9dab40ddf56b4edf5f645db2f97cd28dbbb83b643b9a3bf3cb8bc65a7c9cecd3b3f54a454f454fa5436eed2ddb561d7f86ed1ee1b7bbcf634ecd5db5bbcf7fd3ec9bedb5501554dd566d565fb49fbb3f73fae89aae9f896fb6d5dad4e6d71edc703d203fd07230eb6d7b9d4d51dd23d54528fd62beb470ec71fbefe9def772d0d360d558d9cc6e223704479e4e9f709dff71e0d3ada768c7bace107d31f761d671d2f6a429af29a469b539afb5b625bba4fcc3ed1d6eade7afc47db1f0f9c343c59794af354c969dae982d39367f2cf8c9d959d7d7e2ef9dc60dba2b67be763cedf6a0f6fefba1074e1d245ff8be73bbc3bce5cf2b874f2b2dbe51357b8579aaf3a5f6dea74ea3cfe93d34fc7bb9cbb9aaeb95c6bb9ee7abdb57b66f7e91b9e37ceddf4bd79f116ffd6d59e393dddbdf37a6ff7c5f7f5df16dd7e7227fdcecbbbd97727eeadbc4fbc5ff440ed41d943dd87d53f5bfedcd8efdc7f6ac077a0f3d1dc47f7068583cffe91f58f0f43058f998fcb860d86eb9e383e3939e23f72fde9fca743cf64cf269e17fea2fecbae17162f7ef8d5ebd7ced198d1a197f29793bf6d7ca5fdeac0eb19afdbc6c2c61ebec97833315ef456fbedc177dc771defa3df0f4fe47c207f28ff68f9b1f553d0a7fb93199393ff040398f3fc63332ddb00003a3a69545874584d4c3a636f6d2e61646f62652e786d7000000000003c3f787061636b657420626567696e3d22efbbbf222069643d2257354d304d7043656869487a7265537a4e54637a6b633964223f3e0a3c783a786d706d65746120786d6c6e733a783d2261646f62653a6e733a6d6574612f2220783a786d70746b3d2241646f626520584d5020436f726520352e362d633131312037392e3135383332352c20323031352f30392f31302d30313a31303a32302020202020202020223e0a2020203c7264663a52444620786d6c6e733a7264663d22687474703a2f2f7777772e77332e6f72672f313939392f30322f32322d7264662d73796e7461782d6e7323223e0a2020202020203c7264663a4465736372697074696f6e207264663a61626f75743d22220a202020202020202020202020786d6c6e733a786d703d22687474703a2f2f6e732e61646f62652e636f6d2f7861702f312e302f220a202020202020202020202020786d6c6e733a786d704d4d3d22687474703a2f2f6e732e61646f62652e636f6d2f7861702f312e302f6d6d2f220a202020202020202020202020786d6c6e733a73744576743d22687474703a2f2f6e732e61646f62652e636f6d2f7861702f312e302f73547970652f5265736f757263654576656e7423220a202020202020202020202020786d6c6e733a64633d22687474703a2f2f7075726c2e6f72672f64632f656c656d656e74732f312e312f220a202020202020202020202020786d6c6e733a70686f746f73686f703d22687474703a2f2f6e732e61646f62652e636f6d2f70686f746f73686f702f312e302f220a202020202020202020202020786d6c6e733a746966663d22687474703a2f2f6e732e61646f62652e636f6d2f746966662f312e302f220a202020202020202020202020786d6c6e733a657869663d22687474703a2f2f6e732e61646f62652e636f6d2f657869662f312e302f223e0a2020202020202020203c786d703a43726561746f72546f6f6c3e41646f62652050686f746f73686f70204343203230313520284d6163696e746f7368293c2f786d703a43726561746f72546f6f6c3e0a2020202020202020203c786d703a437265617465446174653e323031362d31302d32355430393a34383a33312d30353a30303c2f786d703a437265617465446174653e0a2020202020202020203c786d703a4d65746164617461446174653e323031362d31302d32355430393a34383a33312d30353a30303c2f786d703a4d65746164617461446174653e0a2020202020202020203c786d703a4d6f64696679446174653e323031362d31302d32355430393a34383a33312d30353a30303c2f786d703a4d6f64696679446174653e0a2020202020202020203c786d704d4d3a496e7374616e636549443e786d702e6969643a39323038373161352d653338372d343736352d626137612d3036396666633934346264653c2f786d704d4d3a496e7374616e636549443e0a2020202020202020203c786d704d4d3a446f63756d656e7449443e61646f62653a646f6369643a70686f746f73686f703a37616330646536612d646235302d313137392d386633622d6431613833636261626237343c2f786d704d4d3a446f63756d656e7449443e0a2020202020202020203c786d704d4d3a4f726967696e616c446f63756d656e7449443e786d702e6469643a36633964303236632d303966392d343433342d393036392d3634316466306435363939303c2f786d704d4d3a4f726967696e616c446f63756d656e7449443e0a2020202020202020203c786d704d4d3a486973746f72793e0a2020202020202020202020203c7264663a5365713e0a2020202020202020202020202020203c7264663a6c69207264663a7061727365547970653d225265736f75726365223e0a2020202020202020202020202020202020203c73744576743a616374696f6e3e637265617465643c2f73744576743a616374696f6e3e0a2020202020202020202020202020202020203c73744576743a696e7374616e636549443e786d702e6969643a36633964303236632d303966392d343433342d393036392d3634316466306435363939303c2f73744576743a696e7374616e636549443e0a2020202020202020202020202020202020203c73744576743a7768656e3e323031362d31302d32355430393a34383a33312d30353a30303c2f73744576743a7768656e3e0a2020202020202020202020202020202020203c73744576743a736f6674776172654167656e743e41646f62652050686f746f73686f70204343203230313520284d6163696e746f7368293c2f73744576743a736f6674776172654167656e743e0a2020202020202020202020202020203c2f7264663a6c693e0a2020202020202020202020202020203c7264663a6c69207264663a7061727365547970653d225265736f75726365223e0a2020202020202020202020202020202020203c73744576743a616374696f6e3e73617665643c2f73744576743a616374696f6e3e0a2020202020202020202020202020202020203c73744576743a696e7374616e636549443e786d702e6969643a39323038373161352d653338372d343736352d626137612d3036396666633934346264653c2f73744576743a696e7374616e636549443e0a2020202020202020202020202020202020203c73744576743a7768656e3e323031362d31302d32355430393a34383a33312d30353a30303c2f73744576743a7768656e3e0a2020202020202020202020202020202020203c73744576743a736f6674776172654167656e743e41646f62652050686f746f73686f70204343203230313520284d6163696e746f7368293c2f73744576743a736f6674776172654167656e743e0a2020202020202020202020202020202020203c73744576743a6368616e6765643e2f3c2f73744576743a6368616e6765643e0a2020202020202020202020202020203c2f7264663a6c693e0a2020202020202020202020203c2f7264663a5365713e0a2020202020202020203c2f786d704d4d3a486973746f72793e0a2020202020202020203c64633a666f726d61743e696d6167652f706e673c2f64633a666f726d61743e0a2020202020202020203c70686f746f73686f703a436f6c6f724d6f64653e333c2f70686f746f73686f703a436f6c6f724d6f64653e0a2020202020202020203c70686f746f73686f703a49434350726f66696c653e735247422049454336313936362d322e313c2f70686f746f73686f703a49434350726f66696c653e0a2020202020202020203c746966663a4f7269656e746174696f6e3e313c2f746966663a4f7269656e746174696f6e3e0a2020202020202020203c746966663a585265736f6c7574696f6e3e313434303030302f31303030303c2f746966663a585265736f6c7574696f6e3e0a2020202020202020203c746966663a595265736f6c7574696f6e3e313434303030302f31303030303c2f746966663a595265736f6c7574696f6e3e0a2020202020202020203c746966663a5265736f6c7574696f6e556e69743e323c2f746966663a5265736f6c7574696f6e556e69743e0a2020202020202020203c657869663a436f6c6f7253706163653e313c2f657869663a436f6c6f7253706163653e0a2020202020202020203c657869663a506978656c5844696d656e73696f6e3e3431373c2f657869663a506978656c5844696d656e73696f6e3e0a2020202020202020203c657869663a506978656c5944696d656e73696f6e3e3139333c2f657869663a506978656c5944696d656e73696f6e3e0a2020202020203c2f7264663a4465736372697074696f6e3e0a2020203c2f7264663a5244463e0a3c2f783a786d706d6574613e0a202020202020202020202020202020202020202020202020202020202020202020202020202020202020202020202020202020202020202020202020202020202020202020202020202020202020202020202020202020202020202020202020202020200a202020202020202020202020202020202020202020202020202020202020202020202020202020202020202020202020202020202020202020202020202020202020202020202020202020202020202020202020202020202020202020202020202020200a202020202020202020202020202020202020202020202020202020202020202020202020202020202020202020202020202020202020202020202020202020202020202020202020202020202020202020202020202020202020202020202020202020200a202020202020202020202020202020202020202020202020202020202020202020202020202020202020202020202020202020202020202020202020202020202020202020202020202020202020202020202020202020202020202020202020202020200a202020202020202020202020202020202020202020202020202020202020202020202020202020202020202020202020202020202020202020202020202020202020202020202020202020202020202020202020202020202020202020202020202020200a202020202020202020202020202020202020202020202020202020202020202020202020202020202020202020202020202020202020202020202020202020202020202020202020202020202020202020202020202020202020202020202020202020200a202020202020202020202020202020202020202020202020202020202020202020202020202020202020202020202020202020202020202020202020202020202020202020202020202020202020202020202020202020202020202020202020202020200a202020202020202020202020202020202020202020202020202020202020202020202020202020202020202020202020202020202020202020202020202020202020202020202020202020202020202020202020202020202020202020202020202020200a202020202020202020202020202020202020202020202020202020202020202020202020202020202020202020202020202020202020202020202020202020202020202020202020202020202020202020202020202020202020202020202020202020200a202020202020202020202020202020202020202020202020202020202020202020202020202020202020202020202020202020202020202020202020202020202020202020202020202020202020202020202020202020202020202020202020202020200a202020202020202020202020202020202020202020202020202020202020202020202020202020202020202020202020202020202020202020202020202020202020202020202020202020202020202020202020202020202020202020202020202020200a202020202020202020202020202020202020202020202020202020202020202020202020202020202020202020202020202020202020202020202020202020202020202020202020202020202020202020202020202020202020202020202020202020200a202020202020202020202020202020202020202020202020202020202020202020202020202020202020202020202020202020202020202020202020202020202020202020202020202020202020202020202020202020202020202020202020202020200a202020202020202020202020202020202020202020202020202020202020202020202020202020202020202020202020202020202020202020202020202020202020202020202020202020202020202020202020202020202020202020202020202020200a202020202020202020202020202020202020202020202020202020202020202020202020202020202020202020202020202020202020202020202020202020202020202020202020202020202020202020202020202020202020202020202020202020200a202020202020202020202020202020202020202020202020202020202020202020202020202020202020202020202020202020202020202020202020202020202020202020202020202020202020202020202020202020202020202020202020202020200a202020202020202020202020202020202020202020202020202020202020202020202020202020202020202020202020202020202020202020202020202020202020202020202020202020202020202020202020202020202020202020202020202020200a202020202020202020202020202020202020202020202020202020202020202020202020202020202020202020202020202020202020202020202020202020202020202020202020202020202020202020202020202020202020202020202020202020200a202020202020202020202020202020202020202020202020202020202020202020202020202020202020202020202020202020202020202020202020202020202020202020202020202020202020202020202020202020202020202020202020202020200a202020202020202020202020202020202020202020202020202020202020202020202020202020202020202020202020202020202020202020202020202020202020202020202020202020202020202020202020202020202020202020202020202020200a202020202020202020202020202020202020202020202020202020202020202020202020202020202020202020202020202020202020202020202020202020202020202020202020202020202020202020202020202020202020202020202020202020200a202020202020202020202020202020202020202020202020202020202020202020202020202020202020202020202020202020202020202020202020202020202020202020202020202020202020202020202020202020202020202020202020202020200a202020202020202020202020202020202020202020202020202020202020202020202020202020202020202020202020202020202020202020202020202020202020202020202020202020202020202020202020202020202020202020202020202020200a202020202020202020202020202020202020202020202020202020202020202020202020202020202020202020202020202020202020202020202020202020202020202020202020202020202020202020202020202020202020202020202020202020200a202020202020202020202020202020202020202020202020202020202020202020202020202020202020202020202020202020202020202020202020202020202020202020202020202020202020202020202020202020202020202020202020202020200a202020202020202020202020202020202020202020202020202020202020202020202020202020202020202020202020202020202020202020202020202020202020202020202020202020202020202020202020202020202020202020202020202020200a202020202020202020202020202020202020202020202020202020202020202020202020202020202020202020202020202020202020202020202020202020202020202020202020202020202020202020202020202020202020202020202020202020200a202020202020202020202020202020202020202020202020202020202020202020202020202020202020202020202020202020202020202020202020202020202020202020202020202020202020202020202020202020202020202020202020202020200a202020202020202020202020202020202020202020202020202020202020202020202020202020202020202020202020202020202020202020202020202020202020202020202020202020202020202020202020202020202020202020202020202020200a202020202020202020202020202020202020202020202020202020202020202020202020202020202020202020202020202020202020202020202020202020202020202020202020202020202020202020202020202020202020202020202020202020200a202020202020202020202020202020202020202020202020202020202020202020202020202020202020202020202020202020202020202020202020202020202020202020202020202020202020202020202020202020202020202020202020202020200a202020202020202020202020202020202020202020202020202020202020202020202020202020202020202020202020202020202020202020202020202020202020202020202020202020202020202020202020202020202020202020202020202020200a202020202020202020202020202020202020202020202020202020202020202020202020202020202020202020202020202020202020202020202020202020202020202020202020202020202020202020202020202020202020202020202020202020200a202020202020202020202020202020202020202020202020202020202020202020202020202020202020202020202020202020202020202020202020202020202020202020202020202020202020202020202020202020202020202020202020202020200a202020202020202020202020202020202020202020202020202020202020202020202020202020202020202020202020202020202020202020202020202020202020202020202020202020202020202020202020202020202020202020202020202020200a202020202020202020202020202020202020202020202020202020202020202020202020202020202020202020202020202020202020202020202020202020202020202020202020202020202020202020202020202020202020202020202020202020200a202020202020202020202020202020202020202020202020202020202020202020202020202020202020202020202020202020202020202020202020202020202020202020202020202020202020202020202020202020202020202020202020202020200a202020202020202020202020202020202020202020202020202020202020202020202020202020202020202020202020202020202020202020202020202020202020202020202020202020202020202020202020202020202020202020202020202020200a202020202020202020202020202020202020202020202020202020202020202020202020202020202020202020202020202020202020202020202020202020202020202020202020202020202020202020202020202020202020202020202020202020200a202020202020202020202020202020202020202020202020202020202020202020202020202020202020202020202020202020202020202020202020202020202020202020202020202020202020202020202020202020202020202020202020202020200a202020202020202020202020202020202020202020202020202020202020202020202020202020202020202020202020202020202020202020202020202020202020202020202020202020202020202020202020202020202020202020202020202020200a202020202020202020202020202020202020202020202020202020202020202020202020202020202020202020202020202020202020202020202020202020202020202020202020202020202020202020202020202020202020202020202020202020200a202020202020202020202020202020202020202020202020202020202020202020202020202020202020202020202020202020202020202020202020202020202020202020202020202020202020202020202020202020202020202020202020202020200a202020202020202020202020202020202020202020202020202020202020202020202020202020202020202020202020202020202020202020202020202020202020202020202020202020202020202020202020202020202020202020202020202020200a202020202020202020202020202020202020202020202020202020202020202020202020202020202020202020202020202020202020202020202020202020202020202020202020202020202020202020202020202020202020202020202020202020200a202020202020202020202020202020202020202020202020202020202020202020202020202020202020202020202020202020202020202020202020202020202020202020202020202020202020202020202020202020202020202020202020202020200a202020202020202020202020202020202020202020202020202020202020202020202020202020202020202020202020202020202020202020202020202020202020202020202020202020202020202020202020202020202020202020202020202020200a202020202020202020202020202020202020202020202020202020202020202020202020202020202020202020202020202020202020202020202020202020202020202020202020202020202020202020202020202020202020202020202020202020200a202020202020202020202020202020202020202020202020202020202020202020202020202020202020202020202020202020202020202020202020202020202020202020202020202020202020202020202020202020202020202020202020202020200a202020202020202020202020202020202020202020202020202020202020202020202020202020202020202020202020202020202020202020202020202020202020202020202020202020202020202020202020202020202020202020202020202020200a202020202020202020202020202020202020202020202020202020202020202020202020202020202020202020202020202020202020202020202020202020202020202020202020202020202020202020202020202020202020202020202020202020200a202020202020202020202020202020202020202020202020202020202020202020202020202020202020202020202020202020202020202020202020202020202020202020202020202020202020202020202020202020202020202020202020202020200a202020202020202020202020202020202020202020202020202020202020202020202020202020202020202020202020202020202020202020202020202020202020202020202020202020202020202020202020202020202020202020202020202020200a202020202020202020202020202020202020202020202020202020202020202020202020202020202020202020202020202020202020202020202020202020202020202020202020202020202020202020202020202020202020202020202020202020200a202020202020202020202020202020202020202020202020202020202020202020202020202020202020202020202020202020202020202020202020202020202020202020202020202020202020202020202020202020202020202020202020202020200a202020202020202020202020202020202020202020202020202020202020202020202020202020202020202020202020202020202020202020202020202020202020202020202020202020202020202020202020202020202020202020202020202020200a202020202020202020202020202020202020202020202020202020202020202020202020202020202020202020202020202020202020202020202020202020202020202020202020202020202020202020202020202020202020202020202020202020200a202020202020202020202020202020202020202020202020202020202020202020202020202020202020202020202020202020202020202020202020202020202020202020202020202020202020202020202020202020202020202020202020202020200a202020202020202020202020202020202020202020202020202020202020202020202020202020202020202020202020202020202020202020202020202020202020202020202020202020202020202020202020202020202020202020202020202020200a202020202020202020202020202020202020202020202020202020202020202020202020202020202020202020202020202020202020202020202020202020202020202020202020202020202020202020202020202020202020202020202020202020200a202020202020202020202020202020202020202020202020202020202020202020202020202020202020202020202020202020202020202020202020202020202020202020202020202020202020202020202020202020202020202020202020202020200a202020202020202020202020202020202020202020202020202020202020202020202020202020202020202020202020202020202020202020202020202020202020202020202020202020202020202020202020202020202020202020202020202020200a202020202020202020202020202020202020202020202020202020202020202020202020202020202020202020202020202020202020202020202020202020202020202020202020202020202020202020202020202020202020202020202020202020200a202020202020202020202020202020202020202020202020202020202020202020202020202020202020202020202020202020202020202020202020202020202020202020202020202020202020202020202020202020202020202020202020202020200a202020202020202020202020202020202020202020202020202020202020202020202020202020202020202020202020202020202020202020202020202020202020202020202020202020202020202020202020202020202020202020202020202020200a202020202020202020202020202020202020202020202020202020202020202020202020202020202020202020202020202020202020202020202020202020202020202020202020202020202020202020202020202020202020202020202020202020200a202020202020202020202020202020202020202020202020202020202020202020202020202020202020202020202020202020202020202020202020202020202020202020202020202020202020202020202020202020202020202020202020202020200a202020202020202020202020202020202020202020202020202020202020202020202020202020202020202020202020202020202020202020202020202020202020202020202020202020202020202020202020202020202020202020202020202020200a202020202020202020202020202020202020202020202020202020202020202020202020202020202020202020202020202020202020202020202020202020202020202020202020202020202020202020202020202020202020202020202020202020200a202020202020202020202020202020202020202020202020202020202020202020202020202020202020202020202020202020202020202020202020202020202020202020202020202020202020202020202020202020202020202020202020202020200a202020202020202020202020202020202020202020202020202020202020202020202020202020202020202020202020202020202020202020202020202020202020202020202020202020202020202020202020202020202020202020202020202020200a202020202020202020202020202020202020202020202020202020202020202020202020202020202020202020202020202020202020202020202020202020202020202020202020202020202020202020202020202020202020202020202020202020200a202020202020202020202020202020202020202020202020202020202020202020202020202020202020202020202020202020202020202020202020202020202020202020202020202020202020202020202020202020202020202020202020202020200a202020202020202020202020202020202020202020202020202020202020202020202020202020202020202020202020202020202020202020202020202020202020202020202020202020202020202020202020202020202020202020202020202020200a202020202020202020202020202020202020202020202020202020202020202020202020202020202020202020202020202020202020202020202020202020202020202020202020202020202020202020202020202020202020202020202020202020200a202020202020202020202020202020202020202020202020202020202020202020202020202020202020202020202020202020202020202020202020202020202020202020202020202020202020202020202020202020202020202020202020202020200a202020202020202020202020202020202020202020202020202020202020202020202020202020202020202020202020202020202020202020202020202020202020202020202020202020202020202020202020202020202020202020202020202020200a202020202020202020202020202020202020202020202020202020202020202020202020202020202020202020202020202020202020202020202020202020202020202020202020202020202020202020202020202020202020202020202020202020200a202020202020202020202020202020202020202020202020202020202020202020202020202020202020202020202020202020202020202020202020202020202020202020202020202020202020202020202020202020202020202020202020202020200a202020202020202020202020202020202020202020202020202020202020202020202020202020202020202020202020202020202020202020202020202020202020202020202020202020202020202020202020202020202020202020202020202020200a202020202020202020202020202020202020202020202020202020202020202020202020202020202020202020202020202020202020202020202020202020202020202020202020202020202020202020202020202020202020202020202020202020200a202020202020202020202020202020202020202020202020202020202020202020202020202020202020202020202020202020202020202020202020202020202020202020202020202020202020202020202020202020202020202020202020202020200a202020202020202020202020202020202020202020202020202020202020202020202020202020202020202020202020202020202020202020202020202020202020202020202020202020202020202020202020202020202020202020202020202020200a202020202020202020202020202020202020202020202020202020202020202020202020202020202020202020202020202020202020202020202020202020202020202020202020202020202020202020202020202020202020202020202020202020200a202020202020202020202020202020202020202020202020202020202020202020202020202020202020202020202020202020202020202020202020202020202020202020202020202020202020202020202020202020202020202020202020202020200a202020202020202020202020202020202020202020202020202020202020202020202020202020202020202020202020202020202020202020202020202020202020202020202020202020202020202020202020202020202020202020202020202020200a202020202020202020202020202020202020202020202020202020202020202020202020202020202020202020202020202020202020202020202020202020202020202020202020202020202020202020202020202020202020202020202020202020200a202020202020202020202020202020202020202020202020202020202020202020202020202020202020202020202020202020202020202020202020202020202020202020202020202020202020202020202020202020202020202020202020202020200a202020202020202020202020202020202020202020202020202020202020202020202020202020202020202020202020202020202020202020202020202020202020202020202020202020202020202020202020202020202020202020202020202020200a202020202020202020202020202020202020202020202020202020202020202020202020202020202020202020202020202020202020202020202020202020202020202020202020202020202020202020202020202020202020202020202020202020200a202020202020202020202020202020202020202020202020202020202020202020202020202020202020202020202020202020202020202020202020202020202020202020202020202020202020202020202020202020202020202020202020202020200a202020202020202020202020202020202020202020202020202020202020202020202020202020202020202020202020202020202020202020202020202020202020202020202020202020202020202020202020202020202020202020202020202020200a202020202020202020202020202020202020202020202020202020202020202020202020202020202020202020202020202020202020202020202020202020202020202020202020202020202020202020202020202020202020202020202020202020200a202020202020202020202020202020202020202020202020202020202020202020202020202020202020202020202020202020202020202020202020202020202020202020202020202020202020202020202020202020202020202020202020202020200a202020202020202020202020202020202020202020202020202020202020202020202020202020202020202020202020202020202020202020202020202020202020202020202020202020202020202020202020202020202020202020202020202020200a202020202020202020202020202020202020202020202020202020202020202020202020202020202020202020202020202020202020202020202020202020202020202020202020202020202020202020202020202020202020202020202020202020200a202020202020202020202020202020202020202020202020202020202020202020202020202020202020202020202020202020202020202020202020202020202020202020202020202020202020202020202020202020202020202020202020202020200a202020202020202020202020202020202020202020202020202020202020202020202020202020202020202020202020202020202020202020202020202020202020202020202020202020202020202020202020202020202020202020202020202020200a202020202020202020202020202020202020202020202020202020202020202020202020202020202020202020202020202020202020202020202020202020202020202020202020202020202020202020202020202020202020202020202020202020200a202020202020202020202020202020202020202020202020202020202020202020202020202020202020202020202020202020202020202020202020202020202020202020202020202020202020202020202020202020202020202020202020202020200a202020202020202020202020202020202020202020202020202020202020202020202020202020202020202020202020202020202020202020202020202020202020202020202020202020202020202020202020202020202020202020202020202020200a202020202020202020202020202020202020202020202020202020202020202020202020202020202020202020202020202020202020202020202020202020202020202020202020202020202020202020202020202020202020202020202020202020200a202020202020202020202020202020202020202020202020202020202020202020202020202020202020202020202020202020202020202020202020202020202020202020202020202020202020202020202020202020202020202020202020202020200a202020202020202020202020202020202020202020202020202020202020202020202020202020202020202020202020202020202020202020202020202020202020202020202020202020202020202020202020202020202020202020202020202020200a202020202020202020202020202020202020202020202020202020202020202020202020202020202020202020202020202020202020202020202020202020202020202020202020202020202020202020202020202020202020202020202020202020200a202020202020202020202020202020202020202020202020202020202020202020202020202020202020202020202020202020202020202020202020202020202020202020202020202020202020202020202020202020202020202020202020202020200a202020202020202020202020202020202020202020202020202020202020202020202020202020202020202020202020202020202020202020202020202020202020202020202020202020202020202020202020202020202020202020202020202020200a202020202020202020202020202020202020202020202020202020202020202020202020202020202020202020202020202020202020202020202020202020202020202020202020202020202020202020202020202020202020202020202020202020200a202020202020202020202020202020202020202020202020202020202020202020202020202020202020202020202020202020202020202020202020202020202020202020202020202020202020202020202020202020202020202020202020202020200a202020202020202020202020202020202020202020202020202020202020202020202020202020202020202020202020202020202020202020202020202020202020202020202020202020202020202020202020202020202020202020202020202020200a202020202020202020202020202020202020202020202020202020202020202020202020202020202020202020202020202020202020202020202020202020202020202020202020202020202020202020202020202020202020202020202020202020200a202020202020202020202020202020202020202020202020202020202020202020202020202020202020202020202020202020202020202020202020202020202020202020202020202020202020202020202020202020202020202020202020202020200a202020202020202020202020202020202020202020202020202020202020202020202020202020202020202020202020202020202020202020202020202020202020202020202020202020202020202020202020202020202020202020202020202020200a202020202020202020202020202020202020202020202020202020202020202020202020202020202020202020202020202020202020202020202020202020202020202020202020202020202020202020202020202020202020202020202020202020200a202020202020202020202020202020202020202020202020202020202020202020202020202020202020202020202020202020202020202020202020202020202020202020202020202020202020202020202020202020202020202020202020202020200a202020202020202020202020202020202020202020202020202020202020202020202020202020202020202020202020202020202020202020202020202020202020202020202020202020202020202020202020202020202020202020202020202020200a202020202020202020202020202020202020202020202020202020202020202020202020202020202020202020202020202020202020202020202020202020202020202020202020202020202020202020202020202020202020202020202020202020200a202020202020202020202020202020202020202020202020202020202020202020202020202020202020202020202020202020202020202020202020202020202020202020202020202020202020202020202020202020202020202020202020202020200a202020202020202020202020202020202020202020202020202020202020202020202020202020202020202020202020202020202020202020202020202020202020202020202020202020202020202020202020202020202020202020202020202020200a202020202020202020202020202020202020202020202020202020200a3c3f787061636b657420656e643d2277223f3eb70ed0d8000000206348524d00007a25000080830000f9ff000080e9000075300000ea6000003a980000176f925fc54600003b644944415478daec9d67b8dcc4d580df8b0b186c5883594c9540f400212174d35be86c2034133001426f4980500224f085de03310442b3a98635bdf76642c7a62390e82c36ac8d0b18dbf7fb31475971d92269b57b77ef3deff3dce7eeaea4d1f43373e6cc998ecece4e14455114a53b984bb3405114455121a4288aa2a810521445511415428aa2288a0a21455114455121a4288aa2a810521445511415428aa2288a0a21455114455121a4288aa2a8105214455194a8f46d54c063072f72217064ccc772b96261ac168bd2dbc867b236f061ccc79ec8150b1b6bee2911ead782c0fc311f9b982b16a656ba9896dfd1be5a3c8aa2283d9e93134c0af605ae6974c4541da7288aa2741b2a841445511415428aa2288a0a21455114455121a4288aa2a810521445511415428aa2288a0a21455114455121a4288aa2a810521445511415428aa2288a0a21455114455121a4288aa2a810521445511415428aa2288a0a2145511445f91f6d7da85d3e931d042c0b2c052c00f4037e00a6009f03efe68a856fda2c4d7303cb031630089817980d7c0b14807772c542a12755c27c26db1ff885a479203003780f783d572ccc6cf0bbfb0136b0389095fcee0bcc023a8149f2f741ae58f8b2cdf3797e60456049a95b1d92d75f02efe58a854f5a34de7da48c96c39c0e3a9f5c9a067c03bc0b7c9c2b16e6f4a036310fb006b084d4c919c0dbc0845cb1304b8550f756c6ad80ed804d8115223cf319f018f0203036572c4c69b134cd056c0e6c036c06ac5c6b869acf6427028f000f016372c5c2e42af77688808ec39c5af92403803e11c39b962b167e2813c646c0a1c00ec0dc659efb369fc9de055c922b16c6a594df96d4a161c05a3288e913f1d96f815781e7804731c76b7fd7e26d665d6057600be06735eefd52ead5adc0bd8d1e00d488cb2fa55e6c0eac09f4af55c7f299ecd3c0c3c0cdb962e1e3080239ae26684a35411733cca9e584493e93fd357030b0b50caabbf24d3e93cd0317e78a85d7caf48f832abc6fee04c5306f3e93cd54b95eec35424832e228e0406068ccc7170386cbdf8c7c263b063833572cbcd92269da4f463b711802ec267fff94349d51214d0bc868310ebe8c3cabf114f0f388e1e580b1a1b42f06fc4b3a996a0c02f694863dae8ebcce628e2ade1d58bd8e621b046c207fc74ac777177015f068ab8cc46566f93be0982803b5108b487eef097c9acf64cf052e6b96309278ef2b9df0cf633e3e9f0c2eb602cece67b20f03ffc8150b8f57b8ff759979c76169c0ab723d4e989b008f87d2be0c70b908dd6a0c067e0f7c2703b830ab02afa4582497ca5f253ad278494baf09e533d97ef94cf67829f8531208a0ae0c90c639219fc9de98cf6497e88634cd9dcf644f0aa5a9de38cc03ec2569ba3e9fc92ed20623f3972308a030a312be6be57c267b3df00970669d02a852c7b7bbcc4827e433d911321aedcefcfd8da8a7ae8c2980bab2387001f05a3e935dbf09f1de43d44d231308a0729de316c063f94cf6f17c26bb6a8bb789ad80972208a0badb442b32570b17cc1a22d5ff91409d14a592ee0ebc99cf640f68729a5e024e6b509af602deca67b27bb56899ae05dc2f23eea87c8551a5c679cf22f94cf66a6082e449bf26246f25e06ae0f57c26bb7937e4ede2f94cf67ee0b60423fc6aac083c9ecf64ffd8c078df03dc20338db4d90878399fc99e9ecf64fbb6609bd814b813c8c478cccd150bcfa9106a6cc1fc0178861a3aec1418045c91cf6447e733d9010d4ed3fe98b58446a76930707d3e931d29460ead52a60b0377601696e3704bb9f5a40aefe89041c57bc088b4d40531591978289fc95e2beb66cdc8db9ca882b66ad02bfa02e7e533d9f3658d31ad78af2fb3e26d1a9c457d81138187f399ecd0166a133690a7f67a578f9d05b5a210eac867b2e76174a3cdec40f7049e948e32ed8ad691cf642f00fedda41179c081c07d093afd467139c9d4a9d747cce7c132a2bc82ca8bb3cd646fe0d57c26bb5a83dbcbdf81db81059b90a6a381bfa7d42ef6c4180c659b58261b01cfe533d9655ba1af93ba9da47d8e5621d438fe01fcb19bdefd2be0d13405918c1a2fc3182074079b00f7b440b96e82314e88cbfbb962e1f908f9bc0246cdb95d8bd5e7658067f3996ca346fa1b027f6d729a4eca67b23bd4d92e864b07dcaf1bcac4069e168d4177b20bc642332ecfe78a85f75408358e15bbf9fdab000fe633d9f9520aef2ce0a0164853777370c2e76aaa1df299ecda18d5edd22ddac6e603c68ac1404fe18a7c263b30a100da19b8ae9bfb9e455a4043f08746b5091542edcfeac0a87a75dff94c7604c64456493ee21d5d238f7f8e315a58a80dd27f533e93ddba8794e722c09f12b4895fca0c48fb9d64db63660137ab10ea1dec041c5f87005a1db336a124675cae5878bf4a1e2f496bad7945114437e733d99ff590f2394cf6f5446d1319cc22fc00adda897930572c7ca542a8f7708a8cb4e30aa0fec035748fbebb2731aa461edf0e2cda66691a04dc9e5495d5620c21de1adc8518f75a4a72aeef89896a57df71338077808f31de00fa63ac839623bdb581fec055f94c76cd5cb1d019e3b9e3a87fb35d98af80b7307ee3a6c9c87f118c2970a6cdebdf78e0548c0b9c59c02f31fbb7f6a8a1763803634892263f001f617c0ecec2582f0dc06cda5c8cf4ccbdb3c0da18f738cde01d8c197441d2b0b8bc3f8d8ddadbcb60a0d6c06c73609f14d3344ddac427c0648c6fb585a5fd2fdee66de279e06f18e389b9a4ac7617817f870aa1ee65ba8c8e6f009eabe44a44f6016c071c80f10d560f6b48877843c459d0c218772ef5f231c6a47b4cae5878abc2bb3a304607bb00fb4b47d94edc05ecdac5f7da931853f93fe78a85e915d2bd16e9591b3e038cc1b84fa9e818329fc9ce8bf15fb605c69c3fc940e7078c0b94d372c5c2d70dcedb99f2ae4b72c5c28715eace46c039750af34d23b4890ee0ec9404cf7fa42dbe58a5ac9602769436b15a9bb589eb80dfe78a85d9a1df1ec4184b0dc8150b336a3cff6695ba7932c625521c8e91f6d1503a3a3b3b1b12f0d8c18b5c081c9942509d983d267fcd150b13e33c28ce00ff093875bcdf0556e852312abdef823a3bc8e952592e89e3af4bd4538762f670a4a1eaf173c5825de39dafd631e37b0d5827aef34fe9d05e9419533ddc049c9e2b16de88fba0389cfd0d703ad1dde2dc0a1c9f2b16dc2ae1dac08729cd7c768e923671317429664f595286e48a854955deb19be47753dbbfd495df00e7939e1a70e95cb1e05579a747726f154f019b44e9679290cf6493f4c7fbe68a856b2a164c4ab2a3d5d784be06b6ce150b07c7154000b962e17ee928eb69040e1174dfa2e7dfafcece638d5cb1705e5c8791b9626166ae58b80063d9f77a1b8cf80e48e87d7af73a05900f6c942b16f648228024afe7e48a853152afce8830d35a2f572cec5a4d00a5c84bc0ba51d3261ddec1322b4dca4a35ae1f5147d84560db24ed3f572c74e68a85db304e3dc7b6787bf8a1cc0ca8d7d0ca42e83360e35cb1f0403d81e48a8569a242195947308744b8672f92efd49f006c902b16deae33ad2e6603e3b32d5caef7e48a8517128ce43a8093ea78ef53c02f72c5c293692422572c7c9f2b164ec058524eed72f97d60975cb130ac893ebebe04b68b7b7e96ac771e88f1ca9c8425aa94d9eac07a09c39d086c982b16eeabb39ca6003bd7d9fe1bcd0dd52c415508750f53a5418d4fa9c3e81441724bc220b688e09d7a78c2b03f06b648cbf452ce16da16b370db8a24dd6cb715c61823098f015b35e280c35cb17007c6fbf114cce17747002bcb28bc991c942b16be489886cf31169d49c836a04dcc04764ab1fdcf91f67f7b8bb6891e69f5d6ee42e8f05cb1f04aca9d4527465d96442dd2211d7ba511df908423be39c09e493b8f2a692d02bf05be6fb1729d83d9db9384fd133ef7ae7468331a9528712db40eb06cae58b824aac3d5147928572c8cad338c1b133e57cdc76352f73e7fc9150bcf34a0fd8f209d75b73499063ca142a8b578b4da62589d15712ad1546be5d8aec6283d495e5e912b169e6e505adfc0b80d6a25deac760a6c15213f10630e1c97d9180bbc869fa69b2b16de12e1df1da4617df63cc6343d2ef355283307734c7d5c5e012e6a50197d0b1cd6626de2f99e765c774f10422734b8b37830e1c863ed2ad792cc8266929247e22a9c434a47f0a64452a389ad88efee1ee09f5d8f40ee817c902b161e4ea15d7c8f31f14d8b75123e7752234fa8cd150bf7620c465a85f1f4725a4d08bd14c56b720a5c9ce099c5f2996ca58d706b2408ef56d1c53752e04ec5ec3d6815927affdd24a1903fab17b4e1bb520c2b4d55d59a099e7149aeae8d3538e9016d42855083b8a549efb907a38b8d4b258fd4abb5705a6f69a1f24d2a74d74df0ccd8460bf916e1a116289f386da5d6c0acb309797637c9ad01d3e64b1542ad45535c9988ea21894aee271bd1c42821ae53c63934cf6dcb38cc26d8b61442b23974a504efbabd97b4e13455688514c34ab241f4a126b5ffa9d22e5a81cf5408b50e3fd0dc8d962fa5d4b09234b6b764ff52331adc6ccc626fbb8efa962099e7e5277b491b4eb3134bd3843d49bb78a189f9f6728b945f815e4e2b09a18f9b6cda9a647358b923943309c2f9a0c979db2a66a949f64225f1943da997a8e2a6c9ac3eb5f0d208249fc9ce4f75d3edb27543acd79a85db226538915e4e2b09a1668f08928ccae72df3dbfc6d90d6492d52c649ac9e921c58f7612f69bf69976b5a6adb24c7987cd106edbf117c472fa79584d0f76df0be727b22e64e10ced426a7b5d822653c39c133494cb3a7f592f69bf6227e5af996c47d55b337f8b6849fb6843e14550835888e36c8af59117fab45b38fd06895d32c3b7bd87b94f466bc7d34db540875370bb5c1fbbe4f694635b8c9696d9523b0938cfa92783be8df4bda6fb145e395a4cce6eb856d62324a4b09a1661fcab6784a8d3ec962ea924d4eeb92ad50c009550fd3db35bdbd98247efa96124fe9bdaa4d28ad258406e733d9459bf8be55133c536ef1348915d62a4dcedb955ba180f3996c92b5022fc1334b247c9792ce60e37be21b4df42799afb9a4aca225a542a81ceb36f15deba7d421fa0905ee4acd48a41c41b1748b946f6cbdbf78188f3b1bea20f93936ed44b185e3e6b578fb5fa705f268011541ad2784b66bc64bf299ecb224db85ff5e8551df4709c2daa127e5698349e21520a7cdbb5b49b20f6fa726b5ff95015b8b488550397611b7fd8d26c9d934df53d9e36d929ddefb364907be770fa8a7495c2ceddaa4baa494e7c504cf6c13e1f0c834d8478b478550250601073478149401fe90e0d19773c5c2cc0ad792f8a15aa1d123bf7c26bb26e6b8ef76e7a904cf0c060ed526de6d243962be1ff0a726b4ff03b478540855e3c47c26db4873edbf93cc44ba9ac3d1a48e17cfca67b2f334a8b17500e7f7907afa20c936529e94cf64d50aaa7b788964a6da87cb81788de2249abf4542693321b4107045235455f94c7633929fac38a6d20539382d893fb8e568dc99374702c37a422595a3b9c72678742070633e936de8bea17c26db91cf642fc967b20736d9ccb895cbec7b929d75340f706d3e93edd780725a1f385a4b478550147e039c9c72055c1e73b64e924ee2bd082774de9a306a47e433d9fd524eeb969853557b1257267c6e7de0ba7c26db901df92274ce91c1cd48e0ee266f356865c6d4516623d314e8f94cd6026e6be13e4f85500b726a3e933d21a50ab822f028e5bd6047e1d208f78c2499bb1264e6b74f4a69dd42660d7d7b5245cd150b8f03ff4df8f86ec06df94c36d55df9f94c765e60143f5ec7d8069890cf6477d5ee85bb48b68501e0f7c065690c1ef299ec72c0e3c0225a242a84e2f27ff94c7694b8864f5a017791ce6bf184417c0bfc274227e901f93acae19a7c267b7e3e939d3b613ae7ca67b2c7608e471ed043ebebffd5f1ec8ec0cbf94c76ed9404d030e03560cf329717046ece67b237c84278af44ceb2bab48e200e9299e5c27594d376c0f3a849b60aa13a180ebc9dcf64f78fa3dbcf67b22be733d93c464d56cfeef9b3639c73f2b73a664360f4d5afe633d99de2a82264f6330e389b1eec0832572cdc497da76f2e0f8ccb67b237e733d935120afacdf299ecfd188bbd656b3cb207f086a8477b2b9751dfb1e1bf96f67f543e931d10b3fd8f91d9981a22b430eda2b25914f837f08f7c267b2b46b5f62ae0e78a855952e916904e667dcc9ad20629bcf753e0bc189de4f87c267b3550cf1acf8a32a3fa209fc9de0c3c068c17cf0141035b14b3d97623605779a6b77084cc40ea3136d815b38fe84de9a49ec36c88fd287c485c3e931d0c2c03fc0c63eabe15e6a4d7382c063c90cf642f058ecd150bd37b5307932b16a6e533d9bf927c4d2f98595e00fc359fc9de023c2075e023996d0565b582b4ff9de82146392a845a8f858143e42fe828664887d48819c06162991587e381ed816c9def5e46c23a5ed209e61ca25ebd0133572cbc9dcf648f934ea95e56a68b5fbd7c263b0be3ed3bed7c3e14d8329fc9ee9d2b16c6f5b262bb1ad89764aeb2ba0aa383e42f28af6998c326d52ab14de9099622031a2480aece150b631374925f91cc234314d40380e122e0de060ecc1a95cfcb01c7f4c281c31ce07724f3385f8bf95400a910ea894cc0ecb349dae8ee4a69a4ae94cfdf4e8c41c09b6d16f5f13223e88d65f621eaa940512114892f81ed62182354e218e06ecdce86756a9331e6d05fb449943f04b6c9150b537a7199dd0cfc556bafa242a832134500f92934b8d918eba827345b1bd6a9f9c096c0572d1e5517d830572c7ca2a5c6ff61f6d4294a4b0aa17ba9cfc4b95e01b469ae587831ad0073c5c25419ad3fd68d797a7b0f1744e331e7d0bcd7a2517c01585f05d0ffcaab13635874693746e3bfd2de1515423fe1df98ddeddf37f9bd6f4b4731be018d6e3ab02d30ba1bf2f31f34ce48a2953a3617581bb8a705ebf386b962e14bed6a7e2c8872c5c261c071dd30e8bc07d884640e71955e2084c8150b6330a71ebedfa457de0eac9d2b16de6d609a66e48a85bd30ee5d6636214d5380dfe68a851381ce5ed2b17d83318d3f18f8a69ba3f33990cb150b7fc8150bdf693753b1cccec61cbad88c59c91ccc66f21d7bdb5e2d1542c92ae7abc02f812b1ad8894e0486e78a859d9bb5589c2b16ce07d6c0b8b96f148f016b8830ef8d23ec911853e891c0ec2647619acc3e574862dedf4b05d17d98bd5ab734f035ef019be58a855383cdad8a0aa12895f3db5cb17020b01ee92eee4f034e0396cb150b377443ba26006b61dc11b92906ed027b49637bbf3757ea5cb13029572c1c8cf1177636506cf02bbfc49c5365e78a851353b0acec6de5f555ae58d80dd838e5b6fe0dc61a6f557180abb4208df498301eb823811aa36b051d076c2c67811c8871c993c41bf22b1847a4a34575d39d8d6e0e7083b820d906e3e6676bccc99271550c8f02d70037072e8cbaf043827228449c717931c3fda1c9f9fc09705c3e933d196345f71bccfadcc22904ff39c659ec18e0a10a791f87e909ca6942ca59f6798238bc9d62793d216d7d1dcc5ae6ae24f3fbf82a701df06f310e2ac783c4f76a524b8d9724cc6691a43ffea81911ebe8ec6c8cb6aba3a3319b98c589e1fa326a5a15e34472a808a63e32d399847121ff26c63ae9e15cb1f0692b8f06f299ec408c2fb80d307ee19607866076eff7c3b8ecf91ab3dfe42de069e0315df44e94d7cb600c195603960696c2f8271c8471013548ead134e978be1295cefbc03bc00bb962e13dcdc98697535fccfaf026c02a18df708b489b18084c9632fa40cae7596913aee65ee3494b76b49d10521445517a8e10d2cdaa8aa2284ab7a142485114455121a4288aa2a810521445511415428aa2288a0a21455114455121a4288aa2a810521445511415428aa2288a0a21455114455121a4288aa2a810521445511415428aa2288a0a21455114455121a4288aa2a810521445511415428aa2288a0a21455114458590a2288aa2a810521445515408298aa2288a0a21455114458590a2288aa2a44fdf66beccb1ec0d808d80f9808f81675ddf7b55aef501f6062c6094eb7bef6bf1341fc7b22d605fe013e06ad7f76637f1dd7301f3cbd7e9aeefcdd412a99a5f03a50dcf727d6f6a2fce877981fec01cd7f7a668cd502154a973190dec5ee67287fcff1b70a27c3ed8b1ec655cdf9ba645d4f4c6fc2cb098fcb474a84c9ac152c087f2795fe09a3ad37301b009f08eeb7bbbf5c022bb5b06754f001bf7e2aa7b19b00fe003b6b6e4f6a259eab86d4302a813781bf8a6cb3d9b863e678115b4789acef2210104b0599ba76769e0e75a97144585d030f93f1b58d3f5bd95808580f543f73c16fafcb9082aa5b9bc8b5193063caa59a2284a2369d69ad0228170717def2500d7f73a31aa9f809381f780a1c08daeef4dd7e2692eaeef4d9775bb3d6420304a734551949e208482c5e619553ac0d9d4b906a0a422887ce04ccd0945519ac15c4d7e8fce6e14455194a6cf841a8e63d943812530860f1fb8bef74d9de17560acb5b212e697aeef7ddc80782f855141ce04de4fc3d456acdc96c698c24f95b84f6a70fecf8531af5f18b3f6f7b9eb7b9fb5799dea90340d919f26021fb9be3727a5f0fb60acb9064b9e7d057c2aaaea34c25f5aca6386d4ad1929843937b09cd4adaf25dcce3ac35c40dada20600ae035c3e4dcb1ec7ed24e1694f6f799eb7b5fa418be25fdc76ce063d7f7be5291f3533a3a3b3b1b12f0b2f6d243819be4eb2a18438469c08ba1db5e757def2829b081189353807fbabe37a64b811e06ec024c757d6f3bf96d007038b0bf348c30cf00a7bbbe777fcc8ab32270a4bc6b4897cb9f03b700e7babef749a5787509ef748c61c6fbaeefed2fbf0d06fe0cfc0e583274fb1ce021e014d7f79e8f19ef21c001c0aec06a6566b9ef02f70397bbbef766957076010e93afdbd5ea0c1ccb5e15381ad8493ad3309f003700e7bbbef76597fcfac2f5bdddbb84651332d1767def9a040dfff1d0d74af5ee7ed7f7ceac12c6ea92a6edcba469b2e4e325aeef3d93207e7d25fdbfc3988f0fe872cb44e049e03fc07dd5049ea47523e009d7f73696dfb2c0b1c07019dc04cc92f675b2eb7be36b0ce682767b66d07e64adf058604bcc9e9c800270a5dcfb6d8c7c18081c08ec05acdee5f21c29afeb80ab5cdffbae4658d72026daaeefd911defd6be0508cf5e7803275f656e042d7f73e4a50be2b034700391140615ccc3aeb45c120b942ff3017703b90015e707def989803a79be5dd6fbabe7748a384475ab2a391eab879a4816c241d01327ada28f4b77a975959f0fb12e5e49a5c1b2699bd1a301e38ab8c00026379779f63d967451d953a967d1a300138a88c0002585404d43b8e65ef572e5e655845aeff4adeb309f016704217011494c756c0b38e651f19b5d239967d9474deff903c2d57aecb4be378c3b1ec6b1ccb5eb042904b84caa16f95f7f6772cfb7ce055cc9e9ec115c23a1678d7b1ecddbbe4d73a0daa771b45a8772b5649d345c0cb988dd3e5d2b400b01bf0b463d9a31ccb1e14a383182675f646609b321d2052ef7e2302e345c7b2d78811fe7618abd23f75114041fbda49c2dc3362bb1d2a7972a908c6edba0820a4b33b01784966f551e2b999c4f3dc32022868076b01ff04c63b96bd764a3393451ccb7e10b84fd232a0429d3d5aeaecd1d2a947097b8063d9174aff7160190104e000a700ef3b96bd7db9fe0140061eefcbef47cbe02c2a9b02bf95675febedeab8afa53001f693ccfe0c38a7cba82349655a13781863f0e00317cbf789d2f16c051c270dfa58c7b23f737defa26a1daa8c7e76088f96813cf0a68c221793821d2eefb8d2b1ec8563c67b5b09b39f847b31f014501401b79dcc900602173a96fd91eb7bf91af11e25950e511bde0ddc258d61a2e4d1b29227bb01f3caa87103c7b2370a667409d47d7752da47d429dfef92ce658e34e64d803da5e3be5166808de6e8d0e74af5eecd0a799917e100f083cc08ee033e908e7129600bcc9eb7f9a42eace458f6e6b5d4bf8e65ef0f8c04fac84faf036364c6fe0566d3f6923298d94bd480bf009e732c7b57d7f7c6d6087f4fe07a89e70bc0bf30d6a753a52c769141487fe07ac7b23f757def8908fdc3189911cec26c38bf4106517d64c67d98e4c97232e8fb5535b59f63d9c36586130c943c11ca2f60f60e0e01d6c358680e95bafba463d9bf757defce3a04d0b2982d07c1c06f86b4f987a57ecc0dfc0cd819585bbe9f0f2cef58f621d5548e8e6567807b817543ede15e69136f01dfc97b83f6b020708763d9875689f225c05192cf47007f8c98d4a3e4ff37521f7aaf3aaea3a3235c4863811d81d75cdf5bbd4a41060df968d7f72eec72fd4299857c2ff70d05ae050e2967ceed58f612d2c09712758c55695d24349d077807d8dbf5bdff56d15f9f266ac0e0fe1580c9aeef65cadc1fa4fd2b1100f30167885a645605f5d653d2717f0c38aeeffd50212ed74b8785a82f0e08dc20551a098ae0db35f4cc7ae1f0655675817c1decfa5eb1cc74ff5669acc8686b6fd7f75eaff0ce854400ec2bc2693c6603e94f542769a8e32ae47dc57a17baf75f3203463ac43d5cdf732bdc9b954e22c8c747802d2a7554a2e2bc35d4391c01dc5049d5262abbc331568afda5135ba3ab1a35a48efb420646fd80bf0067978b8b63d9eb60bc2bf41755f82fcadc132e035f84e1a7c06faab489f3429de45f5cdf3babca0ce801e95867012701179473cfe458f67cc0a9322843f26003d7f75e8cab8e732c7b7ee0bf94362ddf031c546900e658760eb82a34133ecdf5bd932b695044906d1caa3bbf777d6f4285fb07016787ea5a41664d3fa9a38e65df2203cc6f81c56ba93b1dcb7630db5c3a80b35cdffb4b2385473ba8e31ac5dc22806e948eaaacc59d54b0c343ea985daa741081007a1558b75263937027bbbe7784ccb420fa6efc85251e67babe7742390124e18f97c6898c9e36ad32f20d04d083c046d5049084fda5b8af093a899912af38ec171240cf02c32a092079e724d7f77e0f9c2ef5ede7ad56a144457a50284d1b57124092a682cc862e939f36030eae10f6629835136466babeeb7ba3aaadf5b8be37cbf5bd0b80ad65c43eb98cea36cc501140c7b8be77562561e8fadeb8d08c7075c7b27f59236b2c8ca1c0a6d5da84b485c0d7e33e15f261a0cc80fac860641789ebcc0a719d266b210785d484d7cb8c352ee787dae935c0f6d53400a27d58570404c08922c02bcdbc0301f480b4c30955c2fed6f5bd8381e343eacc4a0483c141d2ee6a719808a0d9a1bad9f2b4ab17ed02706004ab9cbba5e1c38fbd33844731c102f57460e7a85675aeef9d1d1add46e5cd9080a9c628a9485066ad491ae299a1d1ea2e3137f71e2f6aa761712cd8c432ea34f95a94f746b5623a591a692b725a68b4bd5794bc94ba771425cf1e27c80ca65cba1790cfbbb8bef756d448b9bef7a808b8155ddfab95774f02e74508f6cad0e76111eeffb3eb7befd688e7ac90ea67a50a6ad7a328b984faabeb7b7744cc83cb65d609662d6f44cc01c60ac0ef4333ff28fd06aeefbd2303d74ee927ffaf82600d661b9f00bb46b54014c398bb6adcf31c1018281d29fd1555847c90cedb931855a8108ac765512c7164b4198cd2972f73cb2698c542808b5ddffb20663c4e10b542e4115914afd4a202f3aac47bfbd0c8f8843856494107eafade7d094c6bb7a3b4e07d96eb7b9fc77927708c34ea569a05ad121aa08c727defc31869fa21d4f12f8e5977ebda310433833111d660ca76445d55a215382f62e7eac9cc2aca2cfe2be0ea88510dcfc2cb85bbaffcf7300609713819b3c61c0e272afb5072927c741ccfecaeef3d45c95270d3328617394ac62f2727f0e07d7c847b82d9902defabc4084a4e012e6aa7cebc5df7093d1ce3decfaa4c7bb7ac30428c5a49df772cfb29116651783066bc1d4a2e8fc20406145312ccc6ea21c8af391813e2b8f935deb1ec57310beeadc2e6a1cfcf8b79761cc203970d31eb0de1b0e7495abf62f2508c7b3f95d959b6c67d4f54521b57083360e12ec2d8019691afd7c63da2c3f5bda2ac8f1c04ace558f6e018fb008381c1dbaeef3d9d205fafc018498031c0b82a74edd7212dca4d09dac31b8e654fc018cf54e236996505567b63ca0ca43a282d3dbc9c64eb80ce84e2f3618c7b8359c2fc65ae59f2ffe36a6b0035885ab1677669a8b50846bf9932d7025dfeb84a460b0dc296ff6fc8ba48129e6cb1baf4b3d0e77f03afc4fc7ba44258e17202636cd2283e8db91135a833f3c410b0b5081fbbb240976b6193f8c713a6f189509fb55c8ce756eaf27c5c9ea1a41a5fb142d82fd6b111f8e51a826a16c6980860bd0ae6ea5b85342617b65b67de964228e64efc9955667dc188ed933aa2135525f545cc9df6d5ee0df6307dd9e4ac5fb8cca8372e5fb458755aa8816105e5f46d831df24e8c797f30c0199452dd06b39e5649c3924d1866984f2acdb42a215b0982bd4089bc9dc8202ff074d0552bb1609d69829f1e69538e2b4342fee832d78f08f50737b75b7fde8eeab8344ffa0c1acedc7584d1d10df10ee8d3e4bc9f1171049d467e358bef8306ecfaded0366d67931b14eecc94db595a757d6682f8f76d403aa64514e6d5983f8220fc46ccd00f0576712c7bc9c08598185e046ac17fb5e369c4ed38134ad3a754308259be9ae5490d9689785f9ac70e07b3899f3539ef3fefa28668647e358b6036991537508dc8af01b22ed2281a65ec313de53c8678aa342a3c17491322aaac89f5bc57f6f50cada079f8b0ce3441f42d1e174939f709cd7ca064963d13b319baed68d735a1b47845fe0f24ba71415736ef8678bf24ff7f2e4e2a9b9d5f8b3896bd568206dd41eb9dd6fa4c6886b671c28eaa523b7a21f479fb5edcce5e0b09ca5f270c63eb90607c37415bd9b282097d2dc2168f5dd76f8275bee5c4e764dc7a3304e39d218a407d8f926fcd031ccb1e289b7047c86f3705fe195508b51777505a7b393641251a46f76cbe0c5bc41ddfc4f7de16fa7c4c82e7b7c1782d6e251e0ea9590e4c5007b6457ce39511468f515a7ff9a363d9f3f4c646269e4a1e97af23c48b469c3cb6295984de11d318e776f9bf30668371dc4153e009621a3fb540bc99929afde40459730cf154ea81b9f602983d41fbca001adad020418590691c1f535ac8dbc2b1ec11312ae8bc18ff5cddc183949c13ee2fee50e234aec51ccbbe3deee8cdf5bdb7313eb1c0e8a6778af1ce0568c1fd0b62ea7bb97cdd513c2c474d531663c2eb48dae6ed12f6f7a1ce61498cbb96589da063d9231dcbfe6d0f686e41dae7a3b4f9344a1ef4913ceedba5238eca684a6ab473c5755554f6a7e40fee5f5d3766cb9eab6be5eb1ee21f306aba3624ba3fb8e07d8f85dafd5194ccb29f767def151542edcbb1a1d1eac89077db6a1568103096eaf6fd8dec383b65d43e0ba346baddb1ec8d2256fee530e6aa39e095a89e8f431c4d6941769463d99b4778e782a24a705ab40e9c496933e40de220378a00ba8b9217803f56f01e713625af0a873b967d4a14cfccb23e355acaf916c7b20f68f301dffda279083aec736ae583a8cffe8dd99f03f06fd7f75e88f9de69949c7a2e02dc2365572bff7f035c2a5f3fc6b89daad47f049677973b967d4c2db59f7894bf4f046bdc2d1681105e3ad49e2e6ce7bad1eb8590f890da432ac3dc18efb6973a96bd68b9519954a0d7a5614c21de26c134e3fd3c25bf5af3038f3a967db163d98b579a8938967d0246afbdacfc7c4e5cf71ee2c26504468d391f70bf63d9e796f328ee58763fc7b2f7c1382d1d865924bebb05ebc017a1340d069e702cfbcfe5d467e2b2ff408c97f2605dec4ad7f74657087b06c6896ab0407e2af0b863d9eb5528a7b9c481e6cb943649fe17e3caa9ddf93da5f59c3f4b3eac5f6106b829308e9287849742c2246ef9de84391602600de075c7b247881baaaeef5edab1ec2b31aae77e188bd05d5cdf9b5c21ec4998f5aa2fa43f3d1b78dbb1ece31dcb5ecfb1ec2545f3b08663d9873b963d0ee3f7725e8c47f2b8aeac6ee4c706127e48b8b7253de664d57a476932f2b911a3633d04f88363d9cf4867330be39665234a7b143e03b695ce6b8b6e8af7558e657f27ea8a79657a7e9863d92fc8b47d9a08d61531eef183463707e3eee7ac84ef1d230e54afc1986bff4946f94f615cd7cfc6782fdf989227620fb32674608bd681bb4460fe07b3b7e41ce064c7b21fc5ec51094e8edd48846fc015525faa0a6ee96cefc26c2adc1078c6b1ec0fa5a3fd52c20f8e72080bf4fb301ebd67f48076f6b5a88eef0556957c78dab16c1f63c4310d63eebcb6b4b780a7314e47ebb1d63b42eafd113223ba1ab8c8b1ece74480f415cd46788df71baa780f0fa5eb0d31d4b91a6378e360cef6aac40f32b33a9dd29ad5d4887938d3b1ec91987389c0b8309bd5cef5428550a970ef16972d97c8c8267cc85e98d9186fc0c7babe37d1b1ecee8ef768c7b29f974e734751cfad151aa577e5218cbbfd97eb7cefcd8e658f1795c5c698e30136e3a7d66f3f605c9dfcc5f5bdc9dd9d5f35d234cab1ecb765d4bcb674883b56b8fd03e0b8ae2700d71044bfc0f81b3c42c25e9aca861a2ef077e0fab48efb6e15cd8378a43e45f2611e11ee5699db27cbcce29c7a3d83481e1ee958f693182ff28e6810b6aaf0c8ed185f731f450cff63c7b2b7c058ff1d29eda06bff3a097332f3f9aeefbd2f33afc048238e0792400d375dd4956d4db384d019326aaeb6a96e1a25077de58e1fbe0a636113b732467e4e5cf76ce358f6cf242e6b6076bdcfc1ecf918c74f3dd4d60a3f4adaeb7a4e2a744ed67776c4f8661b2a8d6c26f091a877ee0d2a7f15eea2e43c755a8df7be096c229d6bf0de8564e6f829f01c705b1747a7417e951bd5164275e0e526d5bbae697a115847d685b6c11cdcb690b4952f30e7b53c84f1ab363b6647381d38c9b1ec3325ec0d64c49f953c9b2475ff11e099081e364e92fa19d76342b5e7929641e4e7241f8e937cc8c9ec6f2999a97f2702f8698c255c14e7bc1763d668a3783fbf4dce99da4204c5ca186bb35952be2f026323b4934a82ee3ecce17e0330fbf88648dff011e09629d3a5439a82dad2c71856ec265faf8be143af6569caa1768aa2283d0dd19c0453fb87c40822cef3cb630ec50418eefade0d119e3995922a6ee5384783a44d6f3ed44e5114a515188a39123e4fe9a0c838047bfca6cb0caa9600ea4fe9f0c407bb5300a5890a214551940488d9f9fdf2f550c7b2231fa7ed58f68994bc1d8c8ca856db9d9233d88b7a4a3eaa1052144549cefe947c049ee158f6dd8e65af5145f8aceb58f60394f61d8d07fe1af15d47caff77a3cc9cda055d13521445a903c7b25702eea4b4ff0ecc06d65730c626600c147e81399c2ee0158ce9f9a711de318c92afbac35ddffb6777a73b2dd9a142485114a57e41342fc67bc221d43eef6812664bc505518f5e9093657f8bd920bf7805ef1c2a845408298ad2cb85513fccdec2f5309b8f87604ccfa7602ce19e051e8b7bee8f6c76ee077cedfadeebad905615428aa2284adb0b21354c50144551ba0d15428aa2288a0a21455114458590a2288aa2a810521445515408298aa2284ac3d0f3847a298e655f88710332d9f5bd4c8bc7753f607b609aeb7bc35b203e23300798010c767dafd84df1589ad271cf67c869bb8aa242a846c3b181353167dd4c025e737def432d0aa50aab62ce2b9aac59f12316a074e8de359a1d8a0aa1eac26705e03260d332d71ec6f8437a5b8b445114a5f7d0943521f12afbdf720248d81c785e4e34551445515408a5ca7f30ea37806b31be955610e19397dfe707fea945a2288ad27b68b83aceb16c0b584dbe8e727d6f44e8f2bbc0238e65df0b6c0d6cec58f602aeefa9ee5f51144585502a0c0c7dfe6f857bde102104e6e4c0a60a21c7b23b3047f5ce05145cdffb21c2337de4993ec0e7519e8910874581fec074d7f70a29a66f3030c0f5bdcf9a9caff3481e017ce5fadeb4566f107284f2a24087d485e90da86b41394f757d6f620ba4792160103013f8c2f5bd39da352a3d49087d087c07cc036c035cd2a501f40572f2751ae037a8a1fd05581178dbf5bd33e5b795316780ec84b13402f8deb1ec0781d35ddffb6f9970d6008e13a11908d8ef1ccbbe0f38c5f5bdf131e23417c6f4787f60e3b0c0762c7b12f00070a9eb7bcfca6ff301a3e5968b5ddf7b3474ff10e05cf97aa5eb7b4f3b96bd96fcb681dcf319b093eb7b2fc488631fe004c0919fbe044e767deffb0af72f8139536527c9ef8ed0b50f817b31c7194fa8f1de73316ef001d692fff33a967d4de8b6ff95659d752303fc01d81573f0d85ca16bef02b703972415e252cebb00fb021b02f386ae7d853925f312d7f75e94dfb2c01572cb8f4caf1dcbde49f21660c1d06b8e906b0127bbbef7519538ad23e5f46b7e7cfecd74c7b29fc0a8d06f737daf53eebf42068877b9be7795769d4a5a34e52807c7b2af05f696afbbbabe776be8da19407036fb65aeef1dda2021f438662dea09d7f736762cfb28e9a0fb5479ec18d7f7ce0d8d60ff0e9c18ee58bb3013d8dbf5bd9b23c46739e07a60ed08d11f0d1c248386e02cfa7d5ddfbb26149e2d021fe9ecbe03aec39c4112f02eb09aeb7bdf47d9272407758d0e757aef005b9733a997fc390af8870c38aad1098c04fee4fade8c0aeff600ab46384fb8beb7719df56257e0d290c0abc45489ef1571f6093996bd8a94f3ea11a2738594c9d05059e65cdf1b1b0aef54e0940861fdc2f5bd572bcc8a2f03768f10c6b3c09eaeeff9a1f2b8c8f5bda3b4eb54d2921dcd32d13e5e3ab2f981918e65bfe0fa9ee758f6912101f459c4c69586403a06385bbebe02dc08bc2f2a891d809de5da398e65bfe4fade63984d81c119ef0f036325ce8b02dbca2caf3f709d63d96f553b78cab1ecb5659613ccbea60063802745c80c0456913c5b09180e2c2723f528ac078c100174ab8ce48700af569ac19489e3c2c05d2121f994cca2beae20802e134119f018700ff09e081d0bd844667efd808381d51dcbdebac21ae08540201c7f2df1f81e08cf7cbc3aebc1c9c0dfba08e95b81d7e45d0b03c3a41c32c0e58e652f03bc1d31fc4d250f8399cfd752ce4f6354ce834438ed84391afa0f52ce875509f6f1d0e7a1c081f2f9e62ef1faa2c22cf5116079f9e90789dfa3c047c000606929a3f5a51ebde058f67adae52a6d3d139206301c18255fc74b63382ad4096fe2fadecb0d143cc14c68a2a8316603870357042a87d0bd39e98cfa00e34400dd2c0262b8eb7bf795093f3c3abed3f5bd1d2bc46305ccda58602df82fe08472a36951e30c072e964ef019e91c6acd84020e707defca0af1a838139259dabdd23102dc04ec53e9344851759e11120c7bbbbef754857b2d9905fd5a7e7a4066579d55caaee6ac2d417d388c926ab82875f1fa72eb21a2ae3b2d241c9e90ba547126e458f62fa4bc06c84fe7027f2b772cb3a83cf703ce9301c838609d7233a12ecfad2e83a8aaf7c9bd8380e7655013e4fb81aeeff915eedf10b85284e287223087e84c48497b26d434df71aeef8d96d132981df06101b465230550178648ba47b8be7779b9cecff5bdbca86890cee00a6016b04d390124cf5c239d35c036d2e8cb7536378604d0e1aeef1d52499de3fade1cd7f7aec7ace94c0c09a0288cae24806a74ceeb891a26104067894a66661575d3df423389b52a092049932f33c7605d61abd068be29489ccf97af93800d5cdfbbb6d282bceb7b45d7f70ec7aca110124095c29f5bea422080f6717def98720248c29fedfade1512ee9490004a930b4302e83fc0b6950490c4e949997dbe22b3a321284a0368b603d3ae23b5c9c0fadde0f3ea4ed7f76ea8d589873e2f8031041857e3995be47f5fcc027757f60afd7ea5eb7b91f645c922feee31d3f88f049df3cea26a1c02cc010e767def2fd566299875b2fea2721beefade5711d233073834a43e3ac5b1ec7e4d2cffb328ad950daf6524118af7bf64e65a8b03432aaff35cdfbb2e62f82f535a3b4d53e8fe0cf8bd7c7d1138c8f5bdd911e2f30d463d3d45bb4aa5ed859038a1bca7cbcf0b60acc29acdc808f7bc9de09977429fed32d70f96ffd330eb647166928f007744bcfd1dd7f7de8c593e4789101d20f1dbdef5bd91359e598c92d1c2d8c0ba2b627ac2eb3b436576d48c7ab81466fd0ee00ed7f71e8819c4c9923fd5383834cb3a356639df8151f7a54978adeec838db095cdffb8492935445499dbe4d6af82702a777e9d077c62cfc5ee258f6b7aeef5ddba43477620c006a35be298ef53f39f285eb7bef45083bbca764c12e7990a1646a7c73c2fd2157537258598d57e20c44426b2e6016b4b78da81edd9492a5e06d92c6383c8e5173f6c5182d8c6d42f96f197360d1b55e4c742cfb76e07715eafa9218d374806b2ba9e06af01f6aa8fc62b295fc9f1098fbc7e40a9a6434a4e84ca8d1026806b087eb7b0763f6d9040df43f8e65efd2a4347f1463d364a0867837e2fd612baf815db322d4613f9a30ee5147c81fc70873504800bd05ac13637d6ef5d0e75118c38d387f5e6820b44a93ca3f58eb9a83b1f84bc25311c20f846c121e4bb1fd7500cbd453ef647fd47b284abb0921112ca7873af4cd5ddfbb492af64b321bfa41e2718363d95b570867de14a3f545cc59539c673aabcc32b3098544b8332862f6ffc49991c549ebf06a8bd5655838c572c936a9ce0771aec783c3a755ae2d526f39c7aca351d21bec85ab6723f8e7da5d2a6d25841ccb5e10f8776806b465575580eb7b0f6216dce760168a6f93bd15ff1bc5c966d6d765df4a1a7c97e0991929bc776615011587590d12421dc03d8e65ff3c419aa60183ebfc5bbf49757e660a65302762fd9aab81651c956929d53b75e5a3348446ae091d4e69b3e191952ce05cdfbbddb1ecbd31bbfb0700773b96bd1d665de35accc639807b1dcb5eab86a556a3f8368530c223c9e593a846c4c7d7c09802af16938193808b301b6f9f742c7b07d7f7a2a8fe024bb8f980ce36713cfba5fc5fc8b1ec855cdf9b94200c2b42f84139bf9c72f87167cfd31ccb9e216d6bf93a825a4abb4ba5ad6642185f5960f4fe57d56828a329ed151900dc2d422810401381a3ba490081d9d85a2fef876654db250c63e3468ca4c5547c37115ef3030f8ab9762d9e4f10b7eee6b5d0e7a416799b54b9f64668d690b49c376b509ab7910dd071073f4b515a575294b61142c1c6b847a278e5958d9587840451301a7c1158d3f5bd67da39a365b3e7bda1ce60c504c11c1cf1bea909e2370663393605b3efe716c7b20faaf1d8a394d44ffb26e8dc7ee558f60b95d6021bc44394d49547c7ed941dcb5e942a168aaeef4da16458b0ab74e071c2efc0b8ef4993b1f27f51e2ef3723d42e15a5ad8450c0c0888daf5f0575c19f5cdff37a487e5f28ff3b307ec8fac4e89c766fc008b96b07fa04c63bc3675237fe250e332bddff2d70b97cddd1b1eccd63a4675ee01ae057c0ad29aef9d54ae3544a6b95ab0347c414101753db416bb0afa69fe461478c28ee4fc9943f2dae0a0d4cce118feb51d3bc3225ef268ad25642c80d5412b2a9b15a455f09782e54d9c36ab7bb1ccb1ed61332dbf5bda781c053c386c05551049163d95b62f68e34238eaf631c57061b6f4f712cbb9ac03c939269fa4d8e65af165100dd0404c7b9ff2d8aa78514f93ba535ba73a36c0f1041720e253573b53cbc07a3520639be248a20722c7b474aeea2d22cd389c05fe5eb62180394c111e2b33c6683f9dcda552aed288482e31ae6934abf64994a3ec4b1ecf380d78135e4e7cf65347e967c0fd62836ed21797e30c6812bc03ec053e2ec920af9732e468d3720d4b1355a10f918efd1819ba23fc86c659e32f77e41c925cc42c0d38e651f504e6889b5e3b6c04b94d6fbeea3e4c7ad598381af29ad81f5c1a81e2fae344390f27914f81366bde7ce08af1981590704e3a2e8119955940b7fa863d917638ebaef47496d9b2617613c782333ad971dcbdea1427cfa8b83d717319e3f5e010a284a0368a475dcb9180fd0b6a83dde752c7b0c3001e3ae6775512ff50fcf7a80fd6454fc8c747a4752b29adba41bfccca5dd014e712c7b33e97cd700d6950ee105cc26c8cf315685ab015b84543fd702c734ab3310cf009bc960621bccc1830f3a96bd7d572b38b1703c08e3a076106687fda972386030235e46ca3bbc46723fb04b143f660d48df5362853946063a8703073896fd1066217f8acc1a86615486608e77182165b2438df0273996bd09c65bf5ca186386371ccb7e16e320f64b8c69fa2f319e2782767029469db74dcae9ed144ff6b34500dbc01d8e65bb9875324fe2b012c6c37930537a4ed2faa276974a5bcd846463e55694765acf8371e07926c66fdad6a186e7630ebbdba18b5ae6684aae550600f73996bd6abb67baa47118e64ca360617f4de08fa2f23951660af360cca0f7737d6f0466636f33e3395d3aa0e0888a0d64e6b678997b2f1721f36648ed33027304c26918c38540004d9659c5b6691f9f1d337d0fc940e0e1501ddd1e63b27e36463d1c08a06781b583cdd611c3ff04e389faa250d9ad07fc59caf904e9f0fb63d6e176777def30d2b1c62c179f99c01e185f728169ba23dfcfc4a829f71001f49d94dbc6ad7004b9a233a1a495fe5d51651c20a3afd530077ccd9691d738cc816b77babe37abc2e8ed108cafb7402fbd68489d158733310be17176a31f221d445467a0d3295989bd5a236fbe038e732cfb7c604f8caf300763c83111e340f501cc11cb33ca84ff7497202756b9568e1b248e336bc473b6389fbd9bd21114cb51c66b80eb7b8fcb20610b8cf9f3cf31ce49914eef5d1975df29460d518914d78475f47d600bc7b27f853934704d11a01d52575e02f272b401a1fcdd375426d5c29f0a1ce558f63952ce1bcaac7080e4c90429e7db43c76584cbb2da3ea38f22def7a33685318a198d59dfda0a6310b490ccfe5c8ceaf1a62e03c23f4bdd7c53bb4d254d1a76a89da2288aa2d4622ecd02455114458590a2288aa24248511445515408298aa2282a8414455114458590a2288aa24248511445515408298aa2282a8414455114458590a2288aa24248511445515408298aa2282a8414455114458590a2288ad272fcff00338e2bf9fba1dcfd0000000049454e44ae426082, 32895, 'bc-logo-no-icon.png', 'image/png', NULL, NULL);
INSERT INTO `vendor` (`vendor_id`, `fname`, `lname`, `designation`, `secondary_email`, `telephone`, `company`, `company_url`, `companytype`, `company_info`, `tags`, `username`, `companyaddress`, `regionofincorp`, `countryofincorp`, `logoBytes`, `logolength`, `LogoName`, `logoType`, `telephoneCode`, `VendorSupport`) VALUES
('226db814-a6f3-4a8e-9846-140d92ffa12b', 'capSec', '', '', '', '', 'Capital Securities Shanghai', '', 'Research Report', '', NULL, 'capsec', '', NULL, NULL, NULL, NULL, NULL, NULL, NULL, NULL),
('22ee4f80-dd8d-42aa-a518-9b91b285e9e7', 'hiINVsEC', '', '', '', '', 'HI Investment & Securities', '', 'Research Report', '', NULL, 'hiinvsec', '', NULL, NULL, NULL, NULL, NULL, NULL, NULL, NULL),
('24e8cf45-15ac-420a-ab04-76fe12557219', 'AlMas', '', '', '', '', 'Al Masah Capital', '', 'Research Report', '', NULL, 'almas', '', NULL, NULL, NULL, NULL, NULL, NULL, NULL, NULL),
('2728b4b3-0932-42ed-af6c-fe15f0938ad6', 'WillBl', '', '', '', '', 'William Blair', '', 'Research Report', '', NULL, 'willbl', '', NULL, NULL, NULL, NULL, NULL, NULL, NULL, NULL),
('28899f06-e1bc-407d-b115-efec8e5c2afd', 'oXFObg', '', '', '', '', 'Oxford Business Group', '', 'Research Report', '', NULL, 'oxfobg', '', NULL, NULL, NULL, NULL, NULL, NULL, NULL, NULL),
('2939227b-09d1-45d3-a220-ba3b8d8cd387', 'SamSec', '', '', '', '', 'Samsung Securities', '', 'Research Report', '', NULL, 'samsec', '', NULL, NULL, NULL, NULL, NULL, NULL, NULL, NULL),
('2addfedb-590e-46ec-a7f2-cb4064da9be0', 'vtCap', '', '', '', '', 'VTB Capital', '', 'Research Report', '', NULL, 'vtcap', '', NULL, NULL, NULL, NULL, NULL, NULL, NULL, NULL),
('2d199e1c-2ea9-4588-b295-af545b221e2d', 'Srinivas', '', '', '', '', 'Srini Tech', '', 'Data Aggregator', '', '-SELECT-', 'srinivas', '', NULL, NULL, NULL, NULL, NULL, NULL, NULL, NULL),
('2ece0243-8a1a-4822-bf48-3fe4b37a4bda', 'rpatel@velatt.com', '', '', '', '', 'Vela Trading Technologies', '', 'Data Aggregator,Trading Application', '', '-SELECT-', 'rpatel@velatt.com', '', NULL, NULL, NULL, NULL, NULL, NULL, NULL, NULL),
('2f542a74-fda5-4d5d-b9e9-090794f879e0', 'IciciSe', '', '', '', '', 'ICICI Securities', '', 'Research Report', '', NULL, 'icicise', '', NULL, NULL, NULL, NULL, NULL, NULL, NULL, NULL),
('321a3b06-6279-4b00-a699-89acfb352e04', 'PrimEQ', '', '', '', '', 'Prime Equity Research', '', 'Research Report', '', NULL, 'primeq', '', NULL, NULL, NULL, NULL, NULL, NULL, NULL, NULL),
('35be1054-0fb1-41f3-a53b-ae8270824ca9', 'uobkh', '', '', '', '', 'UOB Kay Hian', '', 'Research Report', '', NULL, 'uobkh', '', NULL, NULL, NULL, NULL, NULL, NULL, NULL, NULL),
('37bf842e-e642-4c1a-b604-051960e8caec', 'ORAres', '', '', '', '', 'Oraca Research', '', 'Research Report', '', NULL, 'orares', '', NULL, NULL, NULL, NULL, NULL, NULL, NULL, NULL),
('380076fc-d7c7-46d4-91c6-3f764114d4fd', 'FundW', '', '', '', '', 'funds@work', '', 'Research Report', '', NULL, 'fundw', '', NULL, NULL, NULL, NULL, NULL, NULL, NULL, NULL),
('382d7c1e-9671-44fb-b1be-b320d74ad07e', 'ACFeRes', '', '', '', '', 'ACF Equity Research', '', 'Research Report', '', NULL, 'acferes', '', NULL, NULL, NULL, NULL, NULL, NULL, NULL, NULL),
('3e2ff88f-11d1-4513-8ea7-e0d076607a39', 'activetick', '', '', '', '', 'ActiveTick LLC', '', 'Data Aggregator', '', '-SELECT-', 'activetick', '', NULL, '', NULL, NULL, NULL, NULL, NULL, NULL),
('3ebd8b49-1c18-4e1e-879e-8bb3a4b7996d', 'RaymJa', '', '', '', '', 'Raymond James', '', 'Research Report', '', NULL, 'raymja', '', NULL, NULL, NULL, NULL, NULL, NULL, NULL, NULL),
('4323a997-2399-43d8-a694-4bf17246b8eb', 'EdisO', '', '', '', '', 'Edison Investment Research', '', 'Research Report', '', NULL, 'ediso', '', NULL, NULL, NULL, NULL, NULL, NULL, NULL, NULL),
('49313bf5-9931-4a3d-b949-ca57a2e47619', 'HyuResear', '', '', '', '', 'Hyundai Research', '', 'Research Report', '', NULL, 'hyuresear', '', NULL, NULL, NULL, NULL, NULL, NULL, NULL, NULL),
('4a1e70b1-622f-49fc-bd1b-084504d71928', 'AlarInv', '', '', '', '', 'Al Arabi Investment', '', 'Research Report', '', NULL, 'alarinv', '', NULL, NULL, NULL, NULL, NULL, NULL, NULL, NULL),
('4b081038-6b8b-47ed-b9cd-632eaf880297', 'KeplCh', '', '', '', '', 'Kepler Cheuvreux', '', 'Research Report', '', NULL, 'keplch', '', NULL, NULL, NULL, NULL, NULL, NULL, NULL, NULL),
('4b5a974a-5a5a-499d-b310-aade30732393', 'Dylan', 'Joyce', 'Institutional Sales', '', ' 1-6463461183', 'Eze Software Group', 'ezesoft.com', 'Trading Application,Analytics Application', 'Leading Buyside software vendor, see site.', '-SELECT-', 'dilon251', '', 3, '16', NULL, NULL, NULL, NULL, NULL, NULL),
('4e09f41a-5d1e-48bf-b989-4eaffd775f8b', 'BrickworkIR', '', '', '', '', 'Brickwork India', '', 'Research Report', '', NULL, 'brickworkir', '', NULL, NULL, NULL, NULL, NULL, NULL, NULL, NULL),
('4e13bdff-9c87-4649-85fc-4872e6f4f3ad', 'CharterER', '', '', '', '', 'Charter Equity Research', '', 'Research Report', '', NULL, 'charterer', '', NULL, NULL, NULL, NULL, NULL, NULL, NULL, NULL),
('4f9051c1-5a71-4da7-b43b-77716ff366d6', 'Needhc', '', '', '', '', 'Needham & Co', '', 'Research Report', '', NULL, 'needhc', '', NULL, NULL, NULL, NULL, NULL, NULL, NULL, NULL),
('4ff26a1e-a79d-41b9-98b9-0ef45e9e9738', 'IndiEq', '', '', '', '', 'Indigo Equity Research', '', 'Research Report', '', NULL, 'indieq', '', NULL, NULL, NULL, NULL, NULL, NULL, NULL, NULL),
('513364fa-ef2c-4566-a1fe-7c09e717e3df', 'ArancaR', '', '', '', '', 'Aranca', '', 'Research Report', '', NULL, 'arancar', '', NULL, NULL, NULL, NULL, NULL, NULL, NULL, NULL),
('54325d75-566e-4d3b-baa9-5f8c80ad5bcb', 'AlRaj', '', '', '', '', 'Al Rajhi Capital', '', 'Research Report', '', NULL, 'alraj', '', NULL, NULL, NULL, NULL, NULL, NULL, NULL, NULL),
('5553eb1e-036d-4b31-9e5b-f78392ff7ad9', 'AudiBa', '', '', '', '', 'Bank Audi', '', 'Research Report', '', NULL, 'audiba', '', NULL, NULL, NULL, NULL, NULL, NULL, NULL, NULL),
('5674d0d2-5296-49e5-bee5-350403c06c33', 'Sechdfc', '', '', '', '', 'HDFC Securities', '', 'Research Report', '', NULL, 'sechdfc', '', NULL, NULL, NULL, NULL, NULL, NULL, NULL, NULL),
('58ccedd8-2281-44e1-843a-388ef2af2347', 'AlbilCap', '', '', '', '', 'Albilad Capital', '', 'Research Report', '', NULL, 'albilcap', '', NULL, NULL, NULL, NULL, NULL, NULL, NULL, NULL),
('5924fe7d-f806-42c6-8e4e-cd4dd5f2d7db', 'MarkitIH', '', '', '', '', 'IHS MarkIT ', '', 'Research Report', '', NULL, 'markitih', '', NULL, NULL, NULL, NULL, NULL, NULL, NULL, NULL),
('5a7055b1-73a7-493a-bd25-386359bb09e2', 'BlomInBk', '', '', '', '', 'BlomInvest Bank', '', 'Research Report', '', NULL, 'blominbk', '', NULL, NULL, NULL, NULL, NULL, NULL, NULL, NULL),
('5bea3afe-8f71-4c47-913a-1bab5ffd9330', 'PrimSec', '', '', '', '', 'Prime Securities', '', 'Research Report', '', NULL, 'primsec', '', NULL, NULL, NULL, NULL, NULL, NULL, NULL, NULL),
('68c3cf8d-5df1-4e92-9e89-6bdf6a611967', 'ItaBB', '', '', '', '', 'Itau BBA', '', 'Research Report', '', NULL, 'itabb', '', NULL, NULL, NULL, NULL, NULL, NULL, NULL, NULL),
('6ae6894f-ca2f-45c7-ba54-a539dd068900', 'Farm_house', '', '', '', '', 'FarmHouse Equity Research', '', 'Research Report', '', NULL, 'farm_house', '', NULL, NULL, NULL, NULL, NULL, NULL, NULL, NULL),
('6cb9c351-26d6-47c5-8ba0-3ae068ecedb4', 'MAYbaEnS', '', '', '', '', 'Maybank Kim Eng Sec', '', 'Research Report', '', NULL, 'maybaens', '', NULL, NULL, NULL, NULL, NULL, NULL, NULL, NULL),
('6e22f8da-8e10-49f7-82ff-989eb977e2d6', 'Fcalin', '', '', '', '', 'FirstCall India Investment banking', '', 'Data Aggregator,Trading Application,Analytics Application,Research Report', '', NULL, 'fcalin', '', NULL, NULL, NULL, NULL, NULL, NULL, NULL, NULL),
('70b19447-caf7-46d1-ba39-3557dbfb51d3', 'ArqCap', '', '', '', '', 'Arqaam Capital', '', 'Research Report', '', NULL, 'arqcap', '', NULL, NULL, NULL, NULL, NULL, NULL, NULL, NULL),
('73cb7a95-91e7-44bc-bacb-fbf7ed7b23b3', 'Batakar', '', '', '', '', 'Batlivala & Karani Securities', '', 'Research Report', '', NULL, 'batakar', '', NULL, NULL, NULL, NULL, NULL, NULL, NULL, NULL),
('740eb9e3-ae71-45f3-92e4-8cd19b5a1bd7', 'bmoCAPm', '', '', '', '', 'BMO Capital Markets', '', 'Research Report', '', NULL, 'bmocapm', '', NULL, NULL, NULL, NULL, NULL, NULL, NULL, NULL),
('7486252b-cccd-41d9-bc1e-b6fa16b4d111', 'SaibRes', '', '', '', '', 'Saibus Research', '', 'Research Report', '', NULL, 'saibres', '', NULL, NULL, NULL, NULL, NULL, NULL, NULL, NULL),
('74891e4d-bf14-4a77-9073-ad9f882b8c62', 'CLSa39', '', '', '', '', 'CLSA', '', 'Research Report', '', NULL, 'clsa39', '', NULL, NULL, NULL, NULL, NULL, NULL, NULL, NULL),
('7576754f-09af-4226-ae5e-6000b8168851', 'IndCapF', '', '', '', '', 'India Capital', '', 'Research Report', '', NULL, 'indcapf', '', NULL, NULL, NULL, NULL, NULL, NULL, NULL, NULL),
('7c7e93db-8ff2-44bb-9907-cca757fee5d7', 'WilSH', '', '', '', '', 'Wilshire', '', 'Research Report', '', NULL, 'wilsh', '', NULL, NULL, NULL, NULL, NULL, NULL, NULL, NULL),
('7d411b93-605e-4890-8da3-e19e73905bd5', 'gaurav_vendor', '', 'Manager', '', ' 91-34267218', 'Polaris', 'www.polaris.com', 'Data Aggregator,Trading Application,Research Report', 'Intellect Products', 'null', 'gaurav_vendor', '', 3, '16', 0xffd8ffe000104a46494600010100000100010000ffdb008400090607141012151412141515141715151a1718181417161818171a161616191618171c212820181b281c1b1f24312525292b2e2e2e171f3438332d37282d2e2c010a0a0a0e0d0e1b10101b2d242026343437312c2f2c342c2c2f2c2c2d2c2c30342c2f2c2c2c2c342c372c2c2c2f2c2c2c2c2c2c2c2c2c2c2c2c2c2c2c2c2c2c2cffc0001108009c014203011100021101031101ffc4001c0001000203010101000000000000000000000507030406080102ffc4004d1000010302030209060a0609040300000001000203041105122106310713172241516164931471818291d22333537273a1a3b1b2c11532546392d124424352627483a2b334c2f0f11625e1ffc4001b01010003010101010000000000000000000003040502010607ffc40038110002020003050506060202030100000000010203041112213141516105131571911432336381b152a1c1d1e1f0222306f162c2d242ffda000c03010002110311003f00e217d49f3210040100401004010040101bd4d1060cceff00d2c3c65f2c458a8ab77dff00847e85d85d9d5f66e19e3f17b2596c5c93ff00da5f6d9c5969f02f26686a0fef5bf81738aa234a8c172fccc39f68598fb6574fe8b92e0bf7e6cb1d5401004010040100401004010040100401004010040100401004010040100401004010040795d7d49f32100401004010040100406d51c37d4ee597da18bd0bbb86f7f97f27d77fc67b156227ed572ff08eecf736bf45c79bd9c19f9ab9b31b0dc14b81c27731d52f79fe5d0adff22eda78ebbbbadffae3bbabe7fb74f32d6e047e22a3e95bf8157ed2f7e3e451ecff00719652cd2f84010040100401004010040100401004010040100401004010040100401004010040101e575f527cc84010040100401004065a78731ece9557178954433e3c0d8ec6eca9f68e2346e8adb27c97eef87af033d5cd61947a7f92a1d9f8673977f67d3f7fd8fa4ff92f6ac28afc3f0db12594b2e0bf0fff005e9ccd35b27c196f7023f1151f4adfc0b23b4bdf8f91afd9fee32ca59a5f08020080200802008020080200802008020080200802008020080200802008020080203caebea4f990802008020080203f51b09360a3b2c8d717296e459c2616cc55d1a6a59c9ff76f4e66ec8e11b6c37ffe6ab12a84b1b739cfdd5fdcbf73f41c6e229ec1c0aa29db64b8f5e327f68afd99a04ade4b2d88fcde52726db79b617a725bdc08fc4547d2b7f02c8ed2f7e3e46bf67fb8cb296697c2008020080200802008020080200802008020080200802008020080200802008020080f2bafa93e64200802008020002f0f526de48df898236dceff00fcd160e22d9632d55d7eeafee7fb7f27e8fd9b84abb0f052c5627e23e1c7a4575fc5fb234a47971b95b55551aa0a113e0b1b8cb71774aeb5ed7f92e097447e54a54080b7b811f88a8fa56fe0591da5efc7c8d7ecff00719652cd2f84010040100401004010040100401004010040100401004010040100401004010040101e575f527cc840101f2e87a2e80fa80cb4ef6b4dcefe8553195dd64345792cf79b7d8789c1616eeff12a4daf75249acf9bcdaddc3d790a99f31ece84c1e15510cb8bdecf3b6fb5e7da3766b6417babf57d5fe4b61895b31020080b7b811f88a8fa56fe0591da5efc7c8d7ecff7196492b34be014009402e805d0005002500ba01982019900cc101f500407cba000a03ea03e12805d01f501f0940332019900cc805d00ba03ea0080f99901f501e575f527cc84077fc13ecc1a89c5548df8188f36e3f5e5e8f4377f9eddab3f1d7e98e85bdfd8bf82a354b5bdc8b4769b0e153473c6c0d25f0bb2116b175aedd7aaf65974cf4589be0cd2b63aa0d223b839c4855d044e758bd80c6fd35bb3404f696e53e952e2ebeeed696e38c34f5d6995a576c7c93e2d35347a378c3239f6d1913f9f7ed3ceca07491e75a51c4c6387537fd68cf9e19caf715b8ed76a310e204385e1e071ee6b599b79863b7eb1774388d6fbc0b9de42a54435677dbbbeecb96cf4e5557bfec8eab67f078a8e0640cb1c8dd49b66717124bcf9cdfd96e8556db65649c9962bae308e94535c29e1fc4e2121feacad6483d2329ff734fb56c6067aa95d0c9c6c34db9f3391570a61016f7023f1151f4adfc0b23b4bdf8f91afd9fee325b859c1fca285cf02ef80f183e66e78f35b9dea050e06dd16e5cc97195eaaf35c0e1381fc4f89ad311d1b3b08f5d977b7eacc3d2aff006857aabd5c8a581b329e97c4b576cb07f2ca39a1b5dc5b767cf6f39bf58b798959587b3bbb148d2ba1ae0e2535c18e2029f108afa3650e89debd8b7fde1ab671b0d74be9b4c9c1d9a6d59f1316d5d73b14c45dc5f3b33db1423a3283941f3124bbd65ed105453b7cd8ba6eeb728fd0bdb03c31949047047fab1b40dd6b9dee71ed26e7d2b0acb1ce4e4f89b10828454514770938d79656bf2eb1c5f06ce9be53ce70f3bafe80d5b983abbba967bded31f176ebb325c0b6b61f0114142d611691c0c92fcf70fd5f40b37d0b27136f7b6e7c381a9457ddd791e7da4a6e31cc6340cce2d68f3b8803eb2b7e52c936cc359ca591daf2535dfb8f10fbaa978855d4b9ec36f33f2fe0aeb874427cd27f36af7c42aea3d86de65d585d3f150c519dec8d8dfe1681f92c59bd526cd58ac92466a99db1b1cf790d6b5a5ce2770681724fa178936f247ada4b3679d717aa9715ac7bdad2e73cbb237a446c6921be86b6e7b6fd6be86b8c68ad27c0c29ca5758f2267825c5388ae0c3a3276961eacc39cc3f511eba871f5eaab3e44d82b34d993e25eab0cd82bce1b3fe8e2ff0030dff8e45a1d9df11f97ea8a38ff0086bcce738138bfa5cceb6e82ded919fc958ed27feb4ba90767ed9b65ccb1cd5391e12b009abe9a38a00d2e1335c7338345831edfbdcade0ee8d53729722b62aa95914a256f2f05f5ac6b9c442034127e135b017feead158fa9bcb6941e0ad4b3cce4a868ccd23236019a47b58dbe82ee21a2e7aae55b94b4a6df02a453949451d83b82bae1d109ff0053f9b554f10aba96fd86de67658a61afa4c01f0c8007b23b380371774e0efe9dea9426acc5a92feec2e4e2ebc334ff00bb4e0782e86f89d3e9bb8d3f64f1f9ad0c6bff0044bfbc4a183cdda8bfd601b642eda1fe8157fe5e5fc054d87f8b1f344777c3979146ec2c01d88528b0f8e69fe1bbbf25b98a79532f23170db6d8a3d18be74de3caebea4f9926764f679f885436265c377c8fe8633a4f9cee03afb2ea0bee55435327a2976cb22cbdbcc67c8299b4344c707166525ad71e2e3e9e70fed1daf6ea4ef2166e16bef67de58ff97fb1a5889f770eeeb4743c1f5719a8202e043d8de2dc0820dd9cd075eb6d8fa557c54146d791361e4dd6b320762bfa1e275d47b98f3c7463a0036240f43c0ff4d4f88ff6510b3e8ffbfdde4347f85b287d4e876c316187d3c950c8f34af2c636cdbddc6e199eda968b9d3b6dd2abe1ebef66a0dec27ba7ddc5c92da426cd61830ba696b6b333eaa505d26999fa9b885bfe226d7b697ec6dd4f759df4d575ec8afee645543ba8bb27ef3fee444f077b433cf884e6a1ae6f1ec05b76b835bc5125b1b6fd195cef3917e952e2e984698a8bddfa9161ac9cad6e4b7fe867e1af0dcd0c3381ab1e58ef9af1704f98b6deb2f3b3a7949c798c7c338a9722a15ae648405bdc08fc4547d2b7f02c8ed2f7e3e46bf67fb8cb1e6883da5ae176b810475822c47b1672793cd179acd6479c2b217e1d5a5a3f5e9e605bda1ae0e693d85b6f6afa28b57559f3460c93a6df267a328aa5b346c9186ed7b5ae69ec70047d457ceca2e2da66f269acd140f08185f9257ccd1a35cee319e67f3b4eab3b30f42dfc259de54bd0c3c54345af2f33a4e06b02e3257d53c7363e647daf70e711e669b7afd8ab7685b94556b896701566dcd9deedfe39e454723da6d23fe0e3ebceebf387985dde85430b5779625c389771367775b6555c17603e55581ee178a0b3ddd45d7f836fb45fccc2b571b768af25bd99983ab5d99bdc8bc6bdd68a43d4c77e12b123bd1b32dccf356052b5951039e6cc6cd1171ea687b493a762fa4b5370925c99f3f5b4ac4df32f6ffe7f877ed2dfe093dd585ec977e136bda6afc46c61bb6345532b618660f91d7ca032417b34b8ea5b61a02b99e1ad8475496c3d8e22b94b4a7b49e501315c70c5b41c542da561e7cbce93b230741eb387b1a7ad68f67d3aa5adf0fb9431d6e98e85c4d7e06701cac7d5bc6afbc717cd079eef4b85bd43d6baed1bb36ab5f539c05592736709b5540ea0af91ace6e4944911ea6922465bcdbbd52af51356d49bfa94ae8baad7917f60f5eda982399bba4635de6b8d479c1d3d0b06c83849c5f037212d5152470bc36bbfa2c03f7f7f646ffe6af766fc47e453c7fc35e645701ecf85aa3d4c887b5cff00e4a5ed2dd1fa917677ff00a2db592698406863eeb52ce7aa194ffb1cbbabdf5e67167baca036263cd5f4a3f7d19fe139bf25bf8979552f23130cb3b627a397ce9bc729c28bad86547fa5f5cf1856b05f1e3f5fb32b62fe0cbfbc4a8f60f188a8aadb34d9b2063c7345cdc8b0d16b62aa9595e9899785b235cf39167f2a943fbef0ff00fd599e1f774347db6a22f69f846a4a8a49e18f8dcf246e6b6ecb0b9d353752d382b216293cb61c5b8cae50691c4f068cbe274df3a43ec8a42aee33e04bfbc4a583f8c8f412c0370f2ed1523e691b1c6d2e7bdc1ad03a49fb876f42fa794945393dc7cdc62e4f245ca648367685a2c249e43a8bd8c8fd2e6f62446d07ababa5cb1b29e2ede497e5fc9aff00e185afafdc83e585ff00b237c73ee29fc357e2fcbf921f11ff00c4e8f61f6f7f48ccf89d0889c199db690bf300e008fd516de3eb55f1384ee62a49e658c3e2bbd6d659137b4388d3e1ed755cade7b8323b81ce7005c5ad1d82ee3e8ec0a0aa13b5f76bcc9ac9c6b5ad92d246d900b80e176b85c5c5c10e6b87683621449b448d265655bc2f06c8e115307c61c435c652d2e1fdecb94daeb4e3d9b9adb2dbe467cbb4127b1185bc30bafad236dd3698eefe05ef86afc5f97f273e21ff0089df6d461e2ba8a58dbcecf1e68cff008859ec3ed0150a66ebb13e45eb61de56d1e715f467cf843c2dee047e22a3e95bf81647697bf1f235fb3fdc6594b34be541c34e119268aa5a3490647fcf6ead27b4b6e3d45afd9d6671707c0cbed0af26a674dc1162dc7517144f3a0716f6e4773987ef6faaaae3ebd366ae658c159aabcb915af0898d8acad91cd378e3f8361eb0d26eeedbb8923b2cb4b095777524f7bda67e2ecd763cb81daf0298ade39a989d5a448cf9aee6b8798100faea9f68d793532e602cce2e2739c2ce3be5357c534de3a7bb7b0c87f5cfa2c1bea9eb56303568af53defec57c6dbaa7a5702cce0fb01f21a3635c2d2bfe124eb0e70166faadb0f383d6b37157779636b72dc6861aaeeeb4b892d8fc9929677754329f631c54352ce697525b1e516cf3b6ce61e2a6a6185c486c8f6b4916b8077917d2ebe8ae9e88392e060d30539a8b2d4e48a9be5e7fb3f7565f8959c91a7ec15f36496cef077050d432764b2b9cc0eb0764b739a5a77341dc545763676c34b4892ac242b96a4ceaeb6a9b0c6f92436631a5ce3d400b955231726922cc9a8acd9e75c4eae6c4eb1cf0d2e9267d98c1d037359d4001bceede57d14231a6bcb823067295d666b893716c862ec01ad64cd68dc054b001e601fa281e270cf6b6bd3f826546252c967ebfc911b4380d6d306c958c78cc72b5ce91b26a01396e1c48e9fad4d55d54f656ff002c886daad8ed9963f0318be7a7929dc7589d99bf31f73f53affc4167768d794d4f99a180b33869e46bf0e127c1d337adf21f635a3fee5ef66aff002933ced07fe2918780d67fd5bbaf881ece34fe6baed27eeaf3fd0e7b3b74be85a8b2cd208088daf7e5a1aa3dde6ff8dca5a1676c7cd115df0e5e4523c1d36f89537cf71f646f2b6f17f06463e13e323d0abe7cdd38fe165f6c3651d6f887da34fe4ae607e32fafd8ab8cf82cabb83cc022afaa745366c82273f9a40370e6346a41d39cb4f1774aa86a8f333709546c9e522c7e4a687ae7f11beeacef10b7a1a1ec35107b6bc1fd251d14b3c665cecc96ccf0473a46335197a8a9f0d8cb2cb145e597f04388c2d70adc96f39ce0a597c4a2ec6ca7ecdc3f35631cff00d2caf825fed2f95846d15c6c46011e154cfadace6c8597b1df1b0ee601f28e36f681d77d1c4dcef9aaebddf7fe0a187a5530ef27bcad369f1e92be774d269d0c6df46306e68fbc9e924ad2a698d50d28cebae76cb3644a9888b5b833d9e6d244ec42a8e41c592c06e32c76d6470de491b87575dc5b271973b25dd436fee6a6129eed77923bfc77078abe0e2a5d585cc75c1d79ae0ed0f45c5c799c550aac9552d51de5db2b8d91c99b3435313f33222d2227716e0ddcc706b4e4f4023ee5cca325b5f13a8b4f62e079ff006ef0bf25ae9e302cd2ececeacafe70b76024b7d55bf85b35d49ff761878aaf458d102ac15cbf7831c4fca30f8ae79d15e277a96cbfec2d5818daf45cfaed377093d552e8545b7b85792d74ccb59ae7718cf9afe769d80ddbeaad7c2d9aea4ccac557a2c673eac15cb7b811f88a8fa56fe0591da5efc7c8d7ecff00719652cd2f9cfedde11e594534605de1b9e3ebcece7003ce2edf594f86b3bbb5321c457aeb68a3b6776864a213f15fdb4263df6ca491678ed0335be72dcba98d9967c198d55cebcf2e274bc176cb36b0cf24a2f1b63744dd3fb47b6c5c3b5ad3ed783d0ab63710ebca31dfbcb183a35e7296e39bc1714970caa73da0718ce363734eebd8b75ebb3803eaab36571ba19707932bd764a99b25b836c10d6d687c9ce64478c909d733afcc07ac976bda1a5438cb7bbab25bdec25c257de599be05f4b08da21b6ce4cb41547bbca3dac23f35361d7fb63e688aff00872f2283d9ac49b495514ee69736375c81604e84697f3adeba0ec838ae262516284d4996672bd07ecf2ff13166786cf9a347c421c99fba7e162291ec6329a4bbded6eaf68b6620745fad78fb3e4936e48f563a3269246af0c9b4366b68d875759f37cd06ec67a48cdeab7ad77d9f4edef1fd0e31f6e4b42fa9abc0ce0599f255bc68dbc717ce22ef70f30b0f59cbbed1bb24ab5f539c055be6fe85b4b24d339ce1070af2aa099805ded6f18cf9cce758769171eb2b185b345a990626bd75b453bc1ee2fe495d13c9b31e78b7fcd79001f307653e85b18baf5d4d72da64e12cd16aea757c38c977d2b7a9b31f698c7fdaaaf66ad927e5fa96bb45fba42ec06d9c786b256be27bcc8e69bb4b45800458dfcea6c56165734d3dc4585c4c6a8b4d1d5f2bd07ecf2ff13154f0d9f3459f108726753b1fb50dc49923d91ba30c786f38824f341e8ddbd55c450e9693659a6e56acd0dbf932e1d547f7447f110dfcd30ab3ba3e6310f2aa453dc190be274de797fe1916c637e04be9f7464e0fe32fef03d02b00dc384e1924b50347f7a760ff006bddf92bdd9eb3b7e853c73caafa9c8f02c3fa749fe59fff002c2ae768fc25e7fa32a767fc47e5faa2e958a6b9c870aefb61930eb7423ed587f256f03f1d7d7ec56c67c16573c118ff00ec5bf472fdc168e3fe099f81f8a5eab0cd93ce58eed6555731aca893335aecc006b5a335ad73940be84fb57d15587aea79c51816e22762ca4c8453901929e62c735c03496904073439b71d6d3a11d8578d66b23a8bc9e64de35b65575917153ca1d1dc12031adb91baf61a8e9b760505785aeb96a8ada4d6626c9ad2d9b54fc2157c6c6c6d9806b5a1a3e0d84d80b0d48d4d972f054b79b476b196a596668e07b5955441e2092c1eeccebb5af25dbaf7703aaeedc357634e4b71c5789b2bd899831ec7e7ae735d50e6b9cd040218d69b137b1ca05c5fef3d6baaa9854b289cdb74acdb222d4a424de03b575542c7329e40d6b9d9882c6bb5b017d47500a0b70f5daf39227ab113ad6513063db413d739aea8735ce682010c6b4d89bd8e502fafde5755530a96513cb6e959ef116a5212dee047e22a3e95bf81647697bf1f235fb3fdc6594b34be101cc49c1fe1ee249a7172493f0928d49bee0ed15958cb96cd457785a9f026b09c2a2a48c45033230126d727526e4dc924a86cb2563d527b496108c165122abb61e86791d2c90073de6ee39e4173d760e014b1c55b14a2991cb0d549e6d1218260505135cda78c461c6eed5ceb9b5b7b893e851d96cec79c9e6775d51ad65144928c90d7c42859511ba295b998f1670b9171d57162ba8c9c5ea5bce6515259339ee4f30efd9c78b2fbcac7b65df8bec43ec94fe11c9e61dfb38f165f793db2efc5f61ec94fe13f706c0e1ec735eda7b39ae0e69e325d082083fadd6178f177359361616a4f348c95fb11433c8e965873c8f37738c92ea7d0eb0f32f238ab62b4a7b0f6586ae4f36898c330e8e9a36c50b43236decd049de493a9d4ea54339ca6f54b792c60a2b25b8da5c9d1f084072e783bc3bf661e24bef2b5edb7fe2fb15fd929e448631b2d4b58e6baa22e31cd6e5692f78b0bdfa1c2fe751d77d95aca2f23b9d309fbcb323f93cc3bf671e2cbef293db2efc5f638f64a7f08e4f30efd9c78b2fbc9ed977e2fb0f64a7f093182e0705131cca76646b9d988cce75dd602f77127700a1b2d9d8f393cc96bae30594519f14c3a3a989d14cdcd1bad99b722f67070d4107780b984e5096a8ef3d9c14d6996e22b0cd8ca2a695b2c30e491b7caecf21b5c169d0b88dc4a9678ab671d327b08e387ae2f5456d27d404c47e3582415ac0ca86676b5d980cce6f3ac5b7e691d04fb5495db3ade7167165719aca48d6c1765a968de5f4f164739b949cef7736e0db9c4f480bab311658b29339ae8856f38a265424a6962f84c5571f153b33b2e0db339ba8ddab482bbaec956f54779c4e119aca447e13b214749209608723c022f9e43a1dfa39c4292cc4d962d327b0e21457079c513aa0262b9e48a9be5e7fb3f7568f894f9228f87d7cd8e48a9be5e7fb3f753c4a7c90f0faf9b1c91537cbcff0067eea7894f921e1f5f363922a6f979fecfdd4f129f243c3ebe6c72454df2f3fd9fba9e253e48787d7cd8e48a9be5e7fb3f753c4a7c90f0faf9b1c91537cbcff67eea7894f921e1f5f363922a6f979fecfdd4f129f243c3ebe6c72454df2f3fd9fba9e253e48787d7cd8e48a9be5e7fb3f753c4a7c90f0faf9b1c91537cbcff0067eea7894f921e1f5f3674fb23b2d1e1ac7b237bde1ee0e39f2dc102da580556fc43b9a6d1629a554b244fa80982008020080200802008020080200802008020080200802008020080200802008020080200802008020080200802008020080200802008020080200802008020080200802008020080200802008020080200802008020390add86e3247bfcb2a9b9dee7656c966b73126c07505c387536aaed9eee11877307924b3cb6ec30f27fdfaafc45e68ea49e39f261e8393fefd57e2268ea3c73e4c3d0727fdfaafc44d1d478e7c987a0e4ffbf55f889a3a8f1cf930f41c9ff7eabf1134751e39f261e8393fefd57e2268ea3c73e4c3d0727fdfaafc44d1d478e7c987a0e4ff00bf55f889a3a8f1cf930f41c9ff007eabf1134751e39f261e8393fefd57e2268ea3c73e4c3d0727fdfaafc44d1d478e7c987a0e4ffbf55f889a3a8f1cf930f41c9ff7eabf1134751e39f261e8393fefd57e2268ea3c73e4c3d0727fdfaafc44d1d478e7c987a0e4ff00bf55f889a3a8f1cf930f41c9ff007eabf1134751e39f261e8393fefd57e2268ea3c73e4c3d0727fdfaafc44d1d478e7c987a0e4ffbf55f889a3a8f1cf930f41c9ff7eabf1134751e39f261e8393fefd57e2268ea3c73e4c3d0727fdfaafc44d1d478e7c987a0e4ff00bf55f889a3a8f1cf930f41c9ff007eabf1134751e39f261e8393fefd57e2268ea3c73e4c3d0727fdfaafc44d1d478e7c987a0e4ffbf55f889a3a8f1cf930f41c9ff7eabf1134751e39f261e8393fefd57e2268ea3c73e4c3d0727fdfaafc44d1d478e7c987a0e4ff00bf55f889a3a8f1cf930f41c9ff007eabf1134751e39f261e8393fefd57e2268ea3c73e4c3d0727fdfaafc44d1d478e7c987a0e4ffbf55f889a3a8f1cf930f41c9ff7eabf1134751e39f261e8393fefd57e2268ea3c73e4c3d0dac3362b889592795d4bf23af95cfbb4f610bd50ea457f6bf7b5b8775059f14b69d5aecc60802008020080200802008020080200802008020080200802008020080200802008020080200802008020080200802008020080200802008020080e2ab78416c55de47c4389e3a38f3e716e7e5e765b7466fa95d8e0dcaaef33e19fa15258a4aceef23b5548b6101c6ed96dfc787c8211119a4ca1ce19f235a0eee758dcf6595cc3e0ddcb567922adf8a553cb2cd9a12708d28878cf20903b8cc8585ee06d97366078bb91d1b976b05172d3ad7f7ea73ed52d3ab43f2fea3afd9cc50d5d3c733a33117875d84925b6716ef20755f774aa96c344dc53ccb35cf5c54b2c892519d9ce6d9ed2bf0f646e65399f3b882038b72d85efa35d75630f42b5b4de44375aeb59a59925b3d899aaa78e6746622f04961372db388b5c81d5d4a3b61a26e29e791dd73d5152cb22454676101ad8957c74d1ba599c191b45dce37d35b0d06a493a586fbaea1094de98ef399494566f71af816350d6c7c6c0e2e6662db96b9ba8b13a11dabab2a956f4c8f2bb23359c491519d982b6a990b1d248e0d63412e27a0047b0eeaae56cd420b36c82d93da57e205ee14fc5c2d2407992e5ceeacb94746fd4d8d86bd1c464d9a3da3d9f0c1e98bb3549f0cb72f3cfd367a1d22eccb080d0c3b158ea1d33597bc32716fb8b0cd6074eb1aaee75b8a4df1398cd4b3cb81beb83a080200802022b08c67ca26a98b265f2791acbe6be6bb735ed6d3eb52cebd318cb3de4709ea935c8955112040100404560f8cf944b531e4cbc448197cd7cd76875ed6d3eb52d95e88c5e7bc8e13d4dae44aa889020080200802022b6ae57328aa5cc716b9b04a5ae6920821848208d4152d093b229f3447736ab935c8a6b67e6c4b100e820a895d94e77b9f50f046995adcc4936de6c34bea772d8b5514bd528af432aa95f6ad317f9929b61b5d2d4d6ba9db50ea5a6648632f6e6079a487bdd979ced4101b7b6ef3a8b0f868c2ad6e3a9b24bf112959a13c918700dac928ab5b136add574ae7b1a5cfcdb9d6199a1f72c2d2775ec6c7af4eadc3c6cab569d323caaf70b34eacd1931fc66ab10c50d2c53c90b04ce89991ce6819090e90869198f349173d4345e55557551ae4b379667b65b3b2ed11791132534916331b25938d91b574e1d25ac5dce8ec48ebb5bafd2a5528cb0cdc564b27b3d489a6b109379ed44c6d8ed74b515aea76d43a96999218dcf6e6079a487bdd979ced4101a0db779d4387c346156b71d4d92df8894acd09e48c380ed649455ad89b56eaba573d8d2e7e7dceb0ccd0fb961693b81b1b1ebd3ab70f1b2ad5a74c8f2bbe50b34ead4886dada4a88f102c9a50f9b34767eb617b1674740b747429a8941d39c56c22be335764ded3aadb635f4347109aadee95d50f39e291ece6716db3491949d413e95570ddcd963d31d9971f32ce21db5d6b396dccc18f62f50dc228646cf3091d24999e26787b80325839c0dddbba7a97b55707889a6965e5e47965935878c93799118a4f5e28a9aadf592e47b8c6c6b659038652fe73883ce712d3a9d777984d054f792ad456ce843376f76ac7225b68f68aa5f85d0cc26919239f2b5ee63dd1976473980bb2917d003e7ba869a20af9c72d84d6dd3ee232cf69f9da4c62a1b85e1ef6d44ed7bf8dcee13481ceb3b4cce06eef4af69ae0ef9a6965e479759354c1a6f322f179abd9494d56fac972c97631ad9640e6e4b80e71079ce362493aeef44b5aa5d92ad456ce84563b55719b96f3a3c7b6aaaff44524d1b9cd74a5ed96568e70c8e7306a3f54bad7b8b6eed55aac3d7ed128be1b913d97d9dc464b8ef67218f483c96070af96792504cd0ba4738308b11704f41ebdfbc2b952ff00635a124b73c8ad6bff0004f5e6def45d7b1d035947096c4d84be363dec68ca33b9a2e6dd1758b886dd8f6e66b52b282d99134a1252b5c7eb5f8c550a4a72453c66f2c8371b1b1776807468e93aee171137a9e48faac1d30eccc33c4dcbfce5b97e9fabe4b66f2c1c3e8994f1b628db958c1603f33d64ef27aca912c8f9abae9dd3764de6d9c263788c7fa4268f109e68200d8fc9831f2451beedbc8e73a3b5dc1da0b9b0d42d1ae0fb94ea49be3b9be9bcce9cd77ad58f25c09fd9ca30e8e66b2b5d534efd232242e962b8e7378f06e77e9b8b6dbd57ba5934dc727f93fa1354b63ca59a21b6270568a9ac77193de2ab200e3e4b3b9835905ed21d77baea6c4daf44564b6ae5f623a20b549eddfccd9da1740da879aeae735843789a78a4923205b573c4673c849dc770d57356a705ddc36f16f6fdf60b1c54b39cbe9ff463d8ac51a6b278209a59a9f8a648ce378c2e8dd9b2b980c8038b771d7f9af7115beed4a49279f0fe0f289a73718b6d75fe4c582514b5d3d7366a89c411d5c81ac64af6926c39a5f7bb6368b59adb0bb8df705ed928d70838c566d72feed15c65394b37b1324764277c5535b48f91f2c74e61746e91d99e1b2c79cb4b8ea40e8bae2f4a50858964de7bba1dd2da94a0de797ea696cd513b148dd593cd3b78c7bf8964533e26c51b5c5adb061177dc1b937e85d5d2543eee296cdf9acf339a977ab5b6f6fe466d848a464f88b5efcf209d83390066b47cd7380d2f6b5edd375e625a71834b665fa9ed09a94f3e646c8fa36ddb5988cd2d4dce730cb386b0dce8c8e1bb596ea37d6ea44ad7b6b824baa5f7646e55af7e4dbe99fe849ecc62b24d864ee748e7ba2152c6ca6ed7b83012c79dc43ac476e9d6a3bab51b92cb7e5b0eea9b954de7cf69f8d89c3e5962a7aca9a899ce110c91f1878bc818599e41be47bb57127ac0e84c4ce3194ab8456fdfc7e9d053194929c9bf231eccd0bb1488d64f34ede31efe25914cf89b131af73058308ccfb83726f7d17b749512eee296cdf9acf31545dab5c9bdbf919b60a37b26c45af7718f150d19ac066b334240d0122d7b74dd798a69c60d6cd87b4269cf3e673f835753ced70c42b6a20aecef0f067960111cc7288da2d1816b6fbab1642716bba8a71f24f3f3e24309c649ab24d4bd32f22c4c058f6c1189266d43adf1ad686878b9b1d09074b6b7d77aceb1ad4f259742e433d2b379f524170761004010117b530ba4a3a96301739d04a1ad02e492c20003a4a969695916f9a23b9375c92e470dc1060f3d34950678648839b1e5ced2dbd8bef6bf9d5dc7db09a8e97994f035ca19ea59117b57b23534b5c6aa08054c4e90c9932f19ab892e63d9bc8b936201e8e90a5a31309d5ddc9e4c8eec3ce166b8acd1b18261f5d5954d79a486929c39a5c1d4908d05890dcecce5c7ac683efe6c9d55d796a727e6ff007c8eab8d964f3d2a2bc91a7b41b3f5943891aaa785f334cce9585ad2f177925ec706eadd5c479acbbaaeaeda744de5b3238b2ab2bbb5c56660fd0b5d26291d44d4cf6dea29def2d692c6b6f19b66ddcd6e87b415d77b4c68708cb83fd4f1d56bb949ae28dbdacd91a8a6ae3550402a6274864c9978cb171bbd8f8f791726c40eaea5c518984eaeee4f2675761e70b35c5668cf82e1f5d5954d79a486929c39a5c1d4908d06a4373b33971eb1a0fbf9b275570cb5393f37fa3c8eab8d964f3d2a2bc91876ef02a99714e3238257c77839cd612dd036faf62f70d7423464dacf69e622a9caed496cd8743c2f61935443008227c8448e2431a5d6196d73650602c8c24f53c89b1b094e2945664063b8154bf09a189b04a6463e42f6061ccd04c9624746f1ed53d56c1622726d65ff004436d537446296d3ee338154bb06a285b04a6564d2173030e668266b123a06a3da12bba0b133936b2cbf6165537878c72dbff66b62d80553b0aa289b4f299192d4173030e6682f79048e8bdd750bab5889cb359648f2caa6e88c52da65da2c06a5f8661f1b6095d2338dced0c25cdbbb4cc3a1794dd057cdb6b267b755374c125b4cbb4381d4bf09a189b04ae918e7e760612e6febef1d1bd794db05889c9b591edb54dd118a5b489da432c3875052b9ce8e42673253d9c1cebccee2dce1d5bec0ef241d6da4d4e995d39ef5b36fd3690dbaa34c21c76ecfa9f38eaca16891f865334461bf08fa5bdb7004b83b424db5d352bccaab5e4ac7b78667ae5656b3705b3a16b6c5ed07e90a61316e4766735ed06e0385b71ea2083e959788a7ba9e93468b7bd86a20f6fb681f71434b774f2d9afcbbdad77f56fd048d49e86ebd20aa9397047d3763e06393c5dfb211ddd5ae3e4b8737b09fd93d9f6504023162f36323bfbceb747f846e03f995d4639233bb431d2c65dadeee0b92fdf9934ba281cbe23894f14b232a291d514ce20c4f82312102dab658c9bdefd2343f759857094538cb27c73d9e84129c936a51cd7434f6470b70ac9ea594eea4a77c4c6362706b1cf7875cc8636921961716ed27a4aeefb3fd6a0e5a9f3fe4e698653724b25c8fde14f928aaea98fa79deca89db2472471e7659c1ad21e41e658f5f403d97f269595c5a6b62da845b84e49a7b59af4224a0acab7cb4b34dc7c99e39a18c4a725ac2276b765b76ba1b7605d4b2b6b8a8c92cb7a7b3ea791ceb9c9b4de7c51b181c352ec4e4a89e131b1f4ad0c1a1c804ba46f70d38cb5dc40dd9ad736bae6c7054a845e793fd3ec7b053ef5c9ae06e6c7d1c91495c64639a1f59239848b66690db387585cdf25250c9ee4754c5a72cf99f8c128646e2588c8f6384720a5c8e2347e58b2bac7a6c744b269d3049ed59fdc422d5b36f73c88dd9f9e6c2d8ea47d2d44cc63de60921607b5ec738b807924716e049bdf4fce4b546f7de2925cd323adcaa5a1c5be591976730daa3fa478d6f152ceebb1c356b4ba2206577f5b29205fadabcba75ff00af4ed4bf73dae13ff3cf637fb18f65eb65a3a66530a09c4ec194d9ad10bdfafc219ef6ca779de47402bdba31b26e7ad65f9fa0aa4e11d3a5e7f97a9976670e9e3a0ac8e561e35d2d5ff548ce5cdd1cc1d2d71dcbcba7076c5c7764855192ae49efda4d6c852ba3a1a78e4696b9b0b5ae69d0836b105437c93b64d7326a9650499cfecf4f36171ba91f4b513358f7982485a1ed7b1ce2e01e491c5bae4defa7e73daa37bef1492e699056e552d0d37c9a3736368ea58fae74ec11c92cad7b742e66b1ee074ce1a79a48b5f295c622506a0a3b524774c669c9cb8981f8a3dcce2f10c3659a51704c5032685fae858e279b7ea76e5d2ad279d5624babc99e39bcb29c337e59a2476030a929694b256e4cd2c8f6c59b3714c71bb63bf4db7fa5478ab2339e6b96fe675878384727ff004748ab938401004010040100401004010040100401004010040101ce6d56c653e225ae973b5ed160f6100e5bdf29041045fef5628c4ce9d91dc41761e16ef219fc19b5e32c95b56f669cd320b69bb4208fa94cb1cd3cd4167e446f089ac9c99d6e118447490886019182f6e9373a9712779baa96592b25aa5bcb35c235a492d847603b271524af9b3c92cafbddf216922e4975ac06a7a7cca28c7235317da76e26b8d5928c57059fd37b7b8e8174668401004010040100401004010040100401004010040100401004010040100401004010040100401004010040100401004010040100401004010040100401004010040100401004010040100407ffd9, 11289, 'AXA.jpg', 'image/jpeg', NULL, NULL),
('7d8ef791-0b97-49b3-858b-1ef54c709a7e', 'ShareRES', '', '', '', '', 'SharedResearch', '', 'Research Report', '', NULL, 'shareres', '', NULL, NULL, NULL, NULL, NULL, NULL, NULL, NULL),
('7e82e33f-d292-437a-bae2-e3ab4da599b2', 'PharHol', '', '', '', '', 'Pharos holdings', '', 'Research Report', '', NULL, 'pharhol', '', NULL, NULL, NULL, NULL, NULL, NULL, NULL, NULL),
('868ab300-1a91-4f75-b4b2-0c7a394b2f72', 'Gaurav', '', 'Sell-side vendor manager', 'catchjamil@gmail.com', ' 91-9810451210', 'All-Vendor', 'WWW.com.test', 'Data Aggregator,Trading Application,Analytics Application,Research Report', 'We have offerings for all 4 vendors', '-SELECT-', 'vendorall', '', 3, '16', 0xffd8ffe000104a46494600010100000100010000ffdb00840009060714101015141114151415141415151515161418181414171617181615141716191d2820181a251c171421312126292b2e2e2e181f3338332c37282d2e2b010a0a0a0e0d0e1b10101a2c241f242c2c2c2c2c2c2c2c2c2c2c2c2c2c2c2c2c2c2c2c2c2c2c2c2c2c2c2c2c2c2c2c2c2c2c2c2c2c2c2c2c2c2c2c2c2c2c2c2c2cffc000110800a8012b03012200021101031101ffc4001b00000105010100000000000000000000000001020405060307ffc4004310000103020403050407060406030000000100021103210412314105065113226171813291a1b114234252c1d1f02433627282e14392b2f1073453a2c2d27383a3ffc4001a010002030101000000000000000000000000020103040506ffc4002d11000202010204050304030000000000000001021103042112222331133241517133618124b1c1d105e1f0ffda000c03010002110311003f008884b085df3ca50884a84050884b084050884a884050884a841342212c210450884a841342212a10142212a101434a428cc2637d52a1321a686148538a45240d29a9c534a9146b84a5084280a04210a0648542109474854210a074812a44a94740842140c854a122704a31d509d08857599e86c2213a1108b0a1b084e84422c286c2213a1108b0a1a884e84422c286a2139108b0a1a884e4422c286a13a108b0a1a84e41459144636a9ed8bb6032d9a45c93be8447aaea52bb85385415b2821cc8914ce6171773fa5b4f14155e29a95fcb2dcd8dc5ab5e88614d29e534ab8a1a185214e290a05a1a91294880a04a912a81d204a842563a4084254a3240842140e902542129209c1353820624a13922b2ca684480ca9781c13eb3b2b068249d80f15c6ae14d1229932436c77205a5278b1e2e0bdcb3c197071d6c734254a9ecae86a13908b0a1a84e422c286a13908b0a1a84e422c286a1393e85173dc1ad124e8a1badc951bd91cda24c7530aff877062d21ce827500e83c63527cd4fe17c18521260bfa9d078347e2ac853bf92e5ea758e5cb0ec7634ba151e6c8b7fd886338d0b76ebfaff6541c67863a4bd8dfe60deb7921a74dac2775aa70fd5970a8cb4acb8f2cb1bb89b32e18e58d49180fd5ec7dc9a569f8af0e0fbe8eebb1f359bab4cb4c1b10bb583511cab6ee79fd4e96585efdbdce4534a794d2b419686949094a1014225489528c902109528e902108503a408429380c1bab3f2b63a927403a94b2924ad8f18b93a446052a9bc4b851c3c09ccd9806d33d2ca12584d4d5a1a7070970b04e09a9c130a4c42e909084e2514f8ee2989a06a163a9b29e5cc2186a55a99601812208ce2da6a6540663f10faf943e9d421d7ccd7b33070cc5cd326de9aad09c553199a5956ab865cc29d39c80917249e9f0277553578ab1951b14aa30486c39a011321a2413312b9b271f1aefd7fa3ab153f012af4feffd172109c0221748e48d427244008841488015084280044a42900400e5ace5fe1fd9d3cc4779c24f83750dfc4ff659be1f433d563762e13e5bfc256fa91822d3f8755835d91a4a0bd4e9ff008fc49b737e9d81b48a328df54ecd7267a4031091d5446d3d06a7a681730ea919e22c4fbb54caf4f533f0dd3ea3ce5006c4c8bc8bdc6964da8e8dc0eb235f78528190f117063a6ba0f10b2bc6981a649d755a6af57da83e923d7cb4594e6480db5891a75f156e1938c934519a0a717164329a518339a9b49e97f3162ba398bbca49ab3ce4a0d3a38a485d08485164708c4274221459290d4a8428181094a4451362a8189c5622939eea75323328814d81d51c7306e5ef82d17705610a560cb4e66766ea848048cc18d0012477cef62b3ea2963dcd5a5e279170fdccee2313897bb2b6bb9e1b55ec1dad268043203dc0b1a0eb220ee36d55b05238a62452043a839b989bb1e1f77381d00b4c0f0d570293494e2e87d6f129ab04e0b9e64675aa8c7c45aa212a508b268b8e5ec335cd792d06ed1a69aaa4e358768c53081ab5df2ff75a2e5d6fd5bff987c950f31340c4d23fcc3de0ff0065cd93fd4fe51d58afd2fe1ff273488285d2b3954242484f4d280a185204e210022c8a142212a0a2c9a1210e61208682490600d49da13e8532f706b752602d661782b6981a976ee923e4b3e7ceb1afb9a74fa7795dfa233bc20c5764d8c9d7ac15a8abc4d8d0733858b846a45e340aa78ce0b24d40487b7f88de3a4a650ecc5dcf9cc4102493191b1966feeeab9f9f22cb523a7a6c4f1271fb939fc59ae23eadce8b8d0011a4c4ae3578bb8cc52ded2f823c344ac7b76a4f778c44f8f7e3c744a6a9fb34c0d3da733a837827a7c5dd566a349c1fc5aa4c646dff008e0ede3e2b8d6e32e16349a7c9f7e9b290eacfd7b3a7fe73fc5e17f68fb87451ea629d17a4d3e01cd3f74685c3eefc4f55288656e278ef76f4dc3a9067e63cd67388f13156d310088d3d4ec4fe4b438ec434ce7c3bbc4c036bcfb05dd565f12ca65e3b330416d8f511b1b85740a665bf0c6fd5367f8bfd4577731c3da041936208313637f05ace17c1c77aa3bbc4b9c4746f78c7aaedc4b8632a0833234ef111e306cb52d624d2ad8c72d13926ef7b30ee6a6c29389a795c5bd0c2e50b7a95ab4735c29d31a1a90b53e521536451c884279098e458508528080954d850ad5a2e54a609a92366f9eff92cf05a5e521edff4ede6b36adf49fe3f73568d7597e7f61fcd1447653024385f7d7fbaca3d6c3997f74ef36fcc2c7bd57a27c8fe4b35eba8be0e45090a256cb305177096109424b2fa2ff97ff74fb032edfc874baa2e65115699803bd075bdaca5e0f8bf66c2c651aafef0cceeeb5b272d812648d0fa2ce71de3799cdfa97b5cd32048326d6b6bb8f4f25cb72eb5fdceb28f4547ec582584ca2e900c448060ea2765d5752ce450d290a714d28b0a1a7cbfb789fd6e9c02655e2d52953731b458ecd273667662079308160774611ce731a5c00240b033f181f255c327136abb164f170c53bee77a42737834ec3f15c5eacf094e4b45c873088feb22d2557e36ab4625f870d21e035ed1172d2d1237bcdf548b3253a7ff006e58f0378ed7a7f5673a7c4c61710d963ea3a096868d65bd4902c0f55675798b1513f452d11bd50011313fbb3f34765505579682d3d910d741003bb2007acfc555e2b82d5af87c1e19ef786073cd671325b0333667cc8683e1d163cdccd36fd17f26dc0b8534956eff008138c71cc402056c3101cdd3b599009bc646fcd68b8734f661cc69121ba35df71b009ded0aab8b700352a61e90a8f752a349e43cb8497020526b9c3c1dea1ab4343352c38ca6e0b5b3b7b006bd150daad8d0aef73ab5d504453fff00333ef29c313585b29933a538247ea50d15c80e179f1171d7e687d3afd2d1d47e69686b15d88adae470b7fd33f9ae66b5576ad71ffeb5ddb46a0befe73f8fea520a558cc1f88e907a7e8a3623720d7c297eb4a7fa0cfbd556239729b8e675274883fe26d70b44595b4be90448d77df44946a3a5c0927ba7a58ec3e6a6ebb055940ee378a05d4e861b335a5ddfcf01d7370321f11e8a157e3f8c2c77ece2cd3988aa7336d249fabee902f74da585acde27da8cd90b5ec24919728692c104fde036d4f8aabe5ce0f5a8e2aab8e7c956854cc5c44b9e48813b9d48f329d242b6ce184e286ad40d7527b1ce373ab7ccb89b7b95857a795c44cc1226d7831b123e29786706a9469b0104dccdee035e409f317f54fc7e21a316ca594b8d5aaf1dd16024fb4eb74b095b6195412df6dcc1930b9c9d2df619896d99ff00c60e9fc4ef7ae415be36964a85a016c61ddf3778955187c5be93dae631afdbbc48cb988687001a7af82b219791b4533c5ce9361f0f985cdc9c71efaef2f7d36b010d88264c806e0b46c45d042b612b8d9564870c9a430270490829ec4a1c169b94f47f98f92cbb55df05c73dad7368d26c83773ea101c72988004c68165d5be9d1af471ea5971cc9fb977e73a1fecb17515d719e295dac3da50639845f2bc8317ea35f67e3eb441c48048ca48b8998f0955e8decd166b9732630a441492b759828be44a64a5052161a2e04d1d938c03de3ee86ff007545cd2d19d862f9c6de32b41c0dbf506ff68fe0b3fcdb52034c477874ebfafd4ae5c9f55fc9d58ae8af82384e95ce5282ba87287929929094d050145ab302f7e1cb9ae688cd12c1b6b2e37eba2aac04f64dcc649683311adc0f4103d16a387ffc9ff9fe675596c21ee37f942cb85f3c8d79d74e3f069b84d0ccc6902f783222ce98def7e8a737005a21995b0000d830001007d9b6965c383d5cb859d838cc6baae3c2b89baa55cae68009394cc916321d3bac795f3bf936e2f22f84496e0c92497f741702086ec601f64f4d3c529c237ef81eadff00d174c454c94eab8e80b9c7ad9c49f92c5bf8d56aaeee1c826435a6dd3bd3ed6daa41cd93b0520863fbd163dc31d0c64d133114b2d020dc87b75f0681b42e5cb98f73c1ce007068d044c9178db42a563dfdc3b81504fa01fdd407a0b5038d26005cd86b8d9d13001bc6dfaf05cdb5c9b1245e3ed661100df309045ff29b18b314a99fb391c5dd2044888f0d162b89f177d525ad395927badde7ef7e5a29034f5f8a536b835d59c2e7300491bc02448074d22e340a652c54b643a44b6e0922e4871b3b488eabce994099d41f3f929385c454a2e9a65c3ac8904788d1006f7065c5ed24ba3a1244c8b1208f33fab75c389a8fd3ed5801e84a81c0f15da863c00d3243808824349074f13befbc05618768ed9f23ec8f7ca8248ccc1c778be1a645f2eb33f77a1dfa2e9f4667df1bc5d9ff00a745cb8862fb2c2b9e6e1a4c0ea498027cc85921c431151c1e5e44cc35b66898b65363eb2a48b3667040ce5703173ec9dee3d8d6cb258ba2fed9f024768f82458dee2c47c96af977186ad32e70839b298d244dfc2c42c7f30e24b09800b9d56ae526f960b6484d1164383cb736606053734112606530d00b4102611c2283aa54cad706da492d04c022224102f1b6cbbf0d7975173cc82ea557790600063a6e9dcadfbe3fc87e61688be9c8cb25d5891389e1df4ea96b9c1c328886b446df640e9d145255af32fefbfa47ccaa8256ac0fa68cba85d46129094d2e4d95694d1d1a56b39481ecddfcff0080592056b794c7d51fe73f26acdaa7d33568d75099c787d53e7ee3ad17585795bbe343ea5f1bb5da7918582a8557a37b32cd6add1cdc912129256d30d177282e4d94c714a39aee04270fb092e89d550736b0e4b5cccf51652b01c29f5e9768eab5889b7d73c010e16ca3f963d4acdf31702a94848aaf736620d474dac2fe46ff00a8e5cbceefdceac6bc3497b136519946c1d0ecd81a0931b9326f7d57795d34ce5b5b8128694c2539a54d851a2a18d653c265cddecaefb2e2d049244903ca7d56730751a5bdd3201226089bf8ad770fa43e88d902e1db4fda72c861acd81b170ffb8ac985f5246cceba7135dc2c4e09de24ff00a829d86c0b006bc36e04c8ea6e4eb750b8230bb084364924dbd55b5080c00c97011b5bdf0b265f3b3562f247e0aee30d030d8988167f9686567797b04d701da39ad005ed7bcc00775a8c4e18d565664c174b01e9235831d141c2701ec8467e9f67589fe2f14a98cd5b45bb306da776b624c1f1832a2f1003b37003fc46fc40ba985c7c478950b18e963b407b41a790ba844b207349c9826c48981e42447c82c561d9bdff005afaad873709c1340bddbf3f1f2598e1f86758dac342e16bebaf9a74849311b54e6d043730378f6475956145b6cce11371bce61bed29705c1aa542e20d3177df388ef0eecc6a56b78670d6318d101ee01b265a4486c48131aa182dcade5aa5973ec2d1ee7056145bf5b53f94fbfa429630c184656c171bded606046daae34bf7d5012272ba3c120e5673037f6278168736c075a8dd972e5cc031cd697c174406f80ea14ec7617b7c31a721a5ce9275801c1c2d69984ee19c3851887b5d0234f19d64a9bd88adcb06510c7436c1db0102f62bcfb981a0556f855ad6dbfc3247ebaaf43a665fa6e34f94ac1f18c23aa54392c5b56ace907364ea474e89a1dc8c8b62c853cb84a605bea310e3d6f948f9aa8e058d6527cb89922006b1ce36209d01015c56ae1d40361c0d2c3bda64589cad0483b8b155bca201a8e9d9a3e7fd95d07d391449756272e37c41956a80dcd205c398e6efac910ab5e55e73588a8cf16bbe615038ad581f22326a175184a54c94b2ae29a1f2b69caf4f251efcb649709b48204158a056879778253aac2f7b5ae9711de04c408b49d2e7de566d5790d5a4ae32f78a576398e01cdbb48d42f3f7822c751aad5719e54a2e612d6b43a0dc3620ebb1eb07d3c163e8d30c6800401f3dcaaf49ea3eb2b63a424844a16db3151685c9ae29a4a50a2c6a367cb8d3f44111abbfd467e4a8f9b81347427bc3d15ff2d8fd9596ddff00ea2a939be3213afa2e64bea3f93a71fa6be114cc361e482572a6fee8f21f24b9d745339ad6e38a014ccc9654d851b6c21cb846c8321a4c5c1dce8b194771a43df6e9de2569f0bc32954c2b0ba9b497364922e666f2b218660a608000efba7d091aeeb1e17cecd99d74e26e7803a3084f427cf509fc3f16e73c35c3536b98f59d6dba8fcbe6706e8eae1f257784c30018604e5074b831759f2f9d9a317917c116b186552740e33e107f2542ce22ea86580340d0403a5a493f82bae2bfb9c4ff00598d24652a8b96b0ac782e7b831a2c65d13d1b7f23ee483b65f709adda03a4b4098f3107f5e09d8fa60d27c7fd56ff00a429ff00456d31dd0068df88d49d7651eb513d9ba35ed41b0e8075422594fccc3f64603d469e1aace61a32c46917d8dc4f9eab47ce00fd11834208f2124059cc346402e0f701e9ed0989f3dd590ec533ee6e305d9d36b59940245ecd17dc9521a017102c0869d2fbaa1ab520bada3ab5e4da1b1d3a759579c37bd94ee69b0fbe494a5877c509cbfce7e4542a466ad41e06fbeb6dbcd58e25b6699fb44fc0a814289151ce8b10ebf5bdbd22541240c4e2052c3768746b8dbd40027c4903d550d1e275aa1cc0e5d61a00ca011799bf40ae38c521f41737690605b57b7f24ee0981a79466033968764b9881691a147a10fbd12b8262bb46971106403d26267e2163f9831790901a0b9d56a06937810c24fc616fc516b0c3600307481266ff0000bcf78ed29aad68daad7b47852fcd4c489ec8978225d41ee223352a82da1cad3240db651b95310da6e79739ad0728ef380dc930ae1f47260d8d8d69620f8f7a0aa4e55c2b5ef76768301b04ec0933ef80ae8fd3914bfa9124f35625951cc2c7b5d19859c09db69f02a80abae69c2b1af6398d009064fb952ad181f219f50b9c0254890957d9450e95b6e5227e8c2ff6ccfbd618adbf27ff00cb09fbce3a8fbde2b36a5f27e4d1a55cff0082db889ee98d20dcc2f335e97c46edb69e916d6f2bcc92697bb2cd52ec390842d9663a269727d2198803524013a5ecabddc4593a93e8a570bc730d7a401d6ad31a1fbe1237b0e96e6eb86d41468369b9ed2e00930e04779c4ace71ec51767a6f753b9961cdf664c02363b2d83b1001021d7d84f9de0f82cdf3056fda1bed191203498361ade6df8ae6f136ece93492a45461783d47d36bb3d200b447d61b98d3d83690bab381548bd4a20ee333cffe0b4dc3aa9ecda209205e2769bea2c9bc4b8cd3c3b1d52a8cad64173c83178b000dcdc5809d3aab7c79957810338782541f6e96a06b5342609f635d2c81c12a66fde5288234a933b5f269aa9dc239cf0d8aa9d9537b83c8246605a5d00b8817d6da2bc38e8072ed7de1d2763371aa3c798783038e11f968369b8b65ad8919e08bf56823dcb38ee0150b9c454a705d9b4aa6cedacc57fc4f8cb30ec0fc538520486812449209ebe0a676fdd6c661e5be864dd229b8bb43b8a92a653e0e856a586ecdae6e6ed6498aa1a59376fb333a5d48c356c486106ab1c65e5a4d2ac406c7d5b63430ed4ee3c559d3c4c3a0df5b38d809dc8eaaa6bf32e1f0f51946a5468a9500cad3248cc61b2408649d2754addb1d6ca893890e7d0a94c99a8f6119c51abddccd2d0632dc6fe8a0613871a34c34ba25cd93d955bc0746ad17248529bcc343e90689a94fb581dcfb7305c4126d31062657718a6d401ececdcc3bccb6c750459407a922a62cb853110438171ecea10f8f6a5b96d37dceaababe1ab9a99a9d580599729c397890443866022c08373aab2a75dbecc4499000226fe52ba3de034cead20c5bdda68a0933fc6f86d6c4d06d2ccea65b97339945c3396db31198419beaaba9f2b562e2457a979868c3b831bd221f323c4ebe165b038b041ee110e063af48b271ad201222e4447ae89add11463f1fcad56ab9af75779a8c0436a0c3bf3539804b22a887380327c6c0429783e0f886566bc62ab96b5a1ae63a8b8b5dac5f3db51eef15a735222c0cf402c06f709ceb9f626c0de2078688b6067d9c3f101991d88aaeb9249a2e92207744b8c5fde2c547afc1b10e7977d22a35a6640c36ce70744e68111120031beb3a96389da403adbf2465b0eeff0057e828b26cc9d3e1556a344d773984491f47792f939c192eeba0005a354984c057a59e7124ddac03e8a5b966096dddb836d22574e46e20e34b23fd96c169800dcfb39a3ac7bcabda0eb9b0b926d6df7b267b6c2c5dee556230b8878aa7b420546546372e188c85d01af07344b61da0d5d7d156e238155a841351d9e4b8938624192090067b131add6b2bd43bb479447e0a3b716d325b96459c2ce823506c00509d12f733d5b83d62d6815ea80d6e5134645d991c6338b9b9bda740a3e13966ab33457aa2730b5023563dad921fb170779b42d6331066046fb0803c410b8bf194bb56b0bd82a9072b2466706dc96b35235f7782389d50197c672bd6a8d01d89af986633d8ea4ff568274ea123f941c1826bd590e6127b13040cb981971d61dfe6d2d7d1d3e3149d5ea61dae06a5364bd9f6b29f1cbe2343691d429431040d00d04c01bc4cc295392ecc8718bee8c8b3965d69ace3a096d03b44eaf304c1f7a7b3962077ab3c774007b1bf9919ee4fe4b5754d9a00241bea2e3ac7bbde9ed618111bd8b743bccda3c54f8b2f723c38fb23238ce542410dace6ccc3bb1766eb37781a782d1701c2ba8510d19df724934c812e3274360341e4a5d46e63768eefc3f52ba8a994081aefeb1f34b29c9f763462976447c4547bc1171ac1348dba7dabaf3aab4f2b88927bced5a46fe26ebd2c1971223537b2f3ce38f0d7b66049a91e8e17956607532aceae046944ae2eaed1ba4fa533efb7deb759868a7a58b6bc1ca7ed65b9d0ec240836dc7e4a6f0fc40657a753ecb1ec710db8765766904ee6078786e442c6e72f73a30c707e86e9fce749d9a055cd94c6820c06db7370263cf62b3e7999818d75573defa74832a3880dcefcad75bcff0014215690f2ec416ffc447cb0369406b9ae7c3e4bd824166902675f0d13799f9ca963309569369d46bdc693a5c5a5bdc7b4b9b6d34b7e0842671453c4cc4f0ac59a388a55040caf0649db477c095e91c679fe99696d00f24e605d3104901a45bcce9d3c508428a64b956c66b9c3993e9a289820b3387074169f63291ff77bd5c70fe7e2d6318ece5a5949a082d05b0c0d7446ad246badcf800210a288b668787f3a305301d4ea661958e7186e67089dbab89ff75e7bcc58f0fe286a6cdad46013b3320f77749f54212a5b97e58d10f98b145d8ca95007373d42e13ed00ed3d0b48f45a2e03c60d1e17569d30f0f2e7d40f8eeb07d58b47f135d7eae08429a2a5dc87438e97712c3e21c4ce5a0c7deeefab6b2a0f57171f728fccfc5dd571157239c299aeea81b98ea5ac6dc6e4065bd508534ac5be5363ca3cdfd960e936ab5ef2d7548749b82e26260df50ac2bf3a03541635e1820911de987c9f674bb7dde295091fa9a231548e557fe20d30e10da8e306620c5c48d3a0f8a834b9d21f45e4d52da2c7f68c27bd59d94b41dec2652a115b95b64fafce42a359d987344b898759cd7537b437d9d3316bbfa555f19e73fd90516b5f9986838bf39321af0e3de892658d06e7da4214a43cd544c4e371a5c2a36643e9d367ab1ed737ff25a4e5de60751ab89af7753757ef53cc04f6af63734c4922069b7c5509aaca62f9922773bf3817d1c949aea4f6d465c54370d331205c58037d642c4713c4c9c4c18153101e5a3437ac6fd6ee1eef72a1424869f7668b9338df658975471cc1d87a2c7b4ba33e46369ccf5047c4dfac3e33c79ece254ebc0268e5b07774825ce20386d1508fd4210a2b706f94e1c338c838eaaf75857a6691198d83b240cd636c800e965a0e65e6cab4b0cca34bb8e686b7b4241740f7dcc6be68421adc98be5646e07cfefa6d6537b190c60635d79b65b9bff000ab9c6f3a97b7b2706b4bdb6875e0bace066c6c3e695099c511096c47afcd870d4981d4c775f9c778cb8f7a644cc77be4153710e76a950b5cc6b5b94b5cdb4c168224ee4df59e9b590851149ab27236a5489bc27fe20d571caea54f3381830e0098bd8bada7c173c435c1e7335c0963dae20b483707ad8f740b210965caf61f1732dccdf11c63a9d6ecdcd901b05bddd5d0eb1f302fac48d149a55d847b1b9dddb12364a85608abd8fffd9, 7603, 'TT.jpg', 'image/jpeg', NULL, NULL),
('8a870afc-9024-4f44-bb97-c6dd9fa96153', 'HaitSec', '', '', '', '', 'Haitong Securities', '', 'Research Report', '', NULL, 'haitsec', '', NULL, NULL, NULL, NULL, NULL, NULL, NULL, NULL),
('8db0520d-0706-4255-a452-b1ff30cee2c5', 'emKAy13', '', '', '', '', 'EmKay', '', 'Research Report', '', NULL, 'emkay13', '', NULL, NULL, NULL, NULL, NULL, NULL, NULL, NULL),
('8f4b4b36-3dec-4b40-91c5-e71033b7a93d', 'BTGPaC', '', '', '', '', 'BTG Pactual', '', 'Research Report', '', NULL, 'btgpac', '', NULL, NULL, NULL, NULL, NULL, NULL, NULL, NULL),
('9015b673-ca6d-49ce-8602-091043b068ba', 'bcaRes', '', '', '', '', 'BCA Research', '', 'Research Report', '', NULL, 'bcares', '', NULL, NULL, NULL, NULL, NULL, NULL, NULL, NULL),
('91175e59-956e-4a33-93bf-39bbb9746773', 'CopAmb', '', '', '', '', 'Copal Amba', '', 'Research Report', '', NULL, 'copamb', '', NULL, NULL, NULL, NULL, NULL, NULL, NULL, NULL),
('9158a0d4-0d90-49ca-85e8-39aa89aaca6a', 'VontBe', '', '', '', '', 'vontobel', '', 'Research Report', '', NULL, 'vontbe', '', NULL, NULL, NULL, NULL, NULL, NULL, NULL, NULL);
INSERT INTO `vendor` (`vendor_id`, `fname`, `lname`, `designation`, `secondary_email`, `telephone`, `company`, `company_url`, `companytype`, `company_info`, `tags`, `username`, `companyaddress`, `regionofincorp`, `countryofincorp`, `logoBytes`, `logolength`, `LogoName`, `logoType`, `telephoneCode`, `VendorSupport`) VALUES
('93baffc5-70a6-4a52-a80a-96774c09e7f3', 'Mario', 'Chuman', 'General Manager', 'mario.chuman@icloud.com', ' 1-2123821822', 'CMA, Inc.', 'www.cma.net', 'Trading Application', 'CMA Inc., a brazilian technology company providing products and services oriented to electronic order routing.', '-SELECT-', 'mariony', '', 3, '16', 0x89504e470d0a1a0a0000000d4948445200000064000000270803000000cef01da40000000467414d410000afc837058ae90000001974455874536f6674776172650041646f626520496d616765526561647971c9653c00000180504c5445e32e24e54d3300396cd06f51ebebecd3a490e2001adadbdcd3d4d5f6f6f68c93b3a5a7ab2e4772e3e4e5da8a6ececfd0e4b9a6fffffffbe5da48567cee8866c1c3c4868997f9eae1e67958f7d7c8b9bbbdd44933f1f1f2888fafacadafe6c9bab1b2b5b4b5b8f3a789e86444f4b89d646a85cb9883999ba3d6cac4d7b7a893959cf19979e3111df8f8f8c8bcb6003c70e21c1eeeded6c5c6c8d1c6c1fbfbfbf7cab6e23e2bfdf1eb969cb9bcbdbfe9ad94b79a8d0040729096b4afb0b571758ac8b6aee7d5cce29477e8b39b6f7081c8c9cbc7c8c9c97d61596182fcfcfce7c1b0eacec0b7b8bbcccdcefef5f0f8c1a9c0c0c17478918c8f99d55d401c4270fff8f4224270c8aea2cacccff2a081cacbcce2091c9fa1ab143f6e4f5b7ffad1be8f92a1c1a69af5ad90ed815fef906eeee8e6fffdfdd8bfb30c406fc9c6c57e8197f3f4f4d5d6d7d0d1d3efeeefe6e7e8d8d9dae8e9eae0e1e2dddddefcdecfef8e6ceee6e3ded9d7c0b6b1353e68e69d80decfc7fffbf8fffcfbfdfdfdeb714fc4978aa0000007da4944415478dabc57fd5bda4a16060d906c48e3a0418829920b88823198465cb445ab26568cca551729e227b6b625842fbbdbdddeb5fffa9d992480bbfadb3e3bcf23ce396772de99f331738ea7f5fadd7f8fbfe0f1ee7f23795df5bc1b7b6e5c548217f2b392d360e5e259810c255f9e95bcf6fc75ecedc890c72a93a99de37a86a6d3e9eb9dd4655096652c90e5e0656ae71ab263e9ccf14e6ab23226bf1d4a36d2f5344d67ea6128397524ce780a228f7db90cc7e371b3cb314c4be098be5814af3fc06fe4b1d30fd786c8f7846abb13a0f47edf10c5e3cb2f485249a58d788161f4a6c9b475c2148df8b7c9b7632f80c8a7a94c9c17c5033266b4f8628ba35956147931bd51a9a48e79252e9a0151ec1886a9c74cb2282a6238751adcc814b822df2169a5132f744431c0c678a518fe70213f0322cb97754665f8ae4a990a4505744a22754ab50a01b59729b62d566c5b045920889ad625cc026131f18ec5d069465020419449a2cb9184556009ab5fec09fdf4a46bb421885cf9d6d903ed723394bc1b8fdcdd96de00f0b8154902f5ebfcd2cfe9e9f79ba1d02aa81200043a0000fd53687af9c7f2f4f4fcd23c09e9a60e7f5a0c38daf27d06c02a3781dada700e33009183750b00a1b0dfc8fbf1c879b321e0f54700d8cebb23f1497904c034a1befeee80bb1b80b48990d9deaac79f7b80b36e81823fd7417914449e2c4a00a8e52d0f46c87bd1ff7c22e76f80d69c7f307c481506097906cc061700aa2260905b4867e10c746ae878758ce280c8c138dc22f8c738fe6a311b3a7cc8da5a1a1d6d25e175f58d53e87b84f49bcbf2266ef73886423a41ab9f409cbfa1b9de863f52bd22bb20f269c61204c18ad8df6dc1b9d0393bc16a0d4bb03e351c8d9e2894b02c5ceae29e2c5b5693e035167da32fe4102f89e6bd4253109aedf0106483636b35ddb1cb491c126c21f606291ac7129fbbef574a0d46353b64ec8a68b192e60ee0bfd8aeade0ab86880256931ab341e460ed5155d569c7e5737d48a8bd03350a2dd6d883736ae016efaaaa9aa42afd1aa24a70c123db41dfcccfd83113450473807e1ff9a06c838491a941d6fe2cbf64218a6101f80e41d0bc3df4fd11f489091e066ebfd391c701c5a9f077db652296a448e89fb56183043944ad3a66fea5502e4874d106690dace3fff51945577640df912880516001f0d93d5f7e15b3da5812af609014a656161db7db3b40207f786d107d7ba0d4f300410ef34310b40e1df6008c9cef16b1022496f42f31886dad8fce82354d7541a8859510b285928471ed68c8429024427340041daba2e0d60661ed4fa0286e57b144f81d83d09870c374c2de1a02219c6535a8d533756e9be2b0d382d99077c83b55c77b0235ea8f413af973572815352cd8bb4620b2d84423e18228980c68f0ef004f1974925cc9d19164cf603644d66ceabbc5117891ceac4032e22c6a400ec1095852472017744dd775e5c401b9a13548d6f8585533e2554551b4320d1dbfb8f9ca49a318ba177c4ec0bde2684e878b6a3103a672ce5de45952748ed6d1d032d85c8684861b1a13350a91bdaa24f5592ce96af024e7d1a81d199e35e8762fe538e0aea9587851f53d6427a4a8e3ab8f9224285891547fc627db07439fd8ee116c10e01814a9f9086e1d1049b17da221fb25076abc87a089ef33a05e8f44971b1bff1a892e5b018eaef32b901c0672680032882eb485c8d4776727e74738aa87d165e7c955ce16478679f2a810f62eb731c8ea207c60f6dcfe479e9c2dfa9f8c08ba19d0e8d97912541071e8a8f09607190f4a25bc8ef4611070e76a581982b4fa76c6ef3ec58087ad76b144ac8cde5d8ebd723783bb2b94f71ca139316783dc3b874dfc7b08a237b1b57ec02d7a7d6bc964f236efde1caa7d77d975973c5993288a9a768e321e8004d5d7a4286224e15c40202b14c53a61be0679bfb9218c164b2cbaddd6f40e22a66cc9cc1b2c716f61f89e14584d537cb65917e7144dab1af41cdad2cc590d4920c8995235d6cfed7b5ad79439f73d39d0b4032e0373c75b2bf2554dd36e9cf3faa01ad648c9839731dd446771322937159d0eade15dcfdc979b5090b5b76f2de1c37e1fd96f4280bb15caf7e8e991346c83b2772092ace1cbe8bef13dd77bb9bc9d5389cd66408f4e35d0de3c8da9a4b68584fbe06a2a9273effea923d5876f134f2412859e8d8cbba24456a2876f3caa56e22a0a595f7e3440b27f8725103b7cb17e91f310fcc41cb96f513c2bbbc3a8fb9c1891789f542b6edd459597b36e32e4a71eec3a6e6d31678ff386a535fc399f096e5d16e2ee063e7a9c71051f2ecf60e4679ed65d76056909668c599ed81a1f8fbcf26d126dc2e877adee8fb3f585d9d2c27aa9b4df357e4e94be6ac4fbd2cd42a934b1be509a5d58df2c2fcfcededfcccece9eb104f1134ef6efd767f7df6feefcf3b95a38cca36ab963968b26598e93262f9a2647d7027cf898ebd468ce34155869f33c49168a6487a7d94e014afa3aadc3fabb6092f13269c6e02a31d632c5f0e54b553d2aac610ad708d06ec152600ff40e0882ff3d58d9e009a20adf719641367cd4251060ad761156f5df38ab5d6dc31a52052403da2c78ecb4841efd7c55eff627062f920c27b449890b040c831ff627bc6174ba1c1108a80a698abc11c6fd890cfb131e762e014532db56996161f7f16d52965f6a8270d7843aad7026138fd58f8f473aadb776a7759cced0713a8cfaa98a3cecb43ea436ae8fe9583193098ff4604390677b46f9a25279be67942f4e4f5f92544e5fea19ff1fddef9f020c006c213871e25504620000000049454e44ae426082, 2516, '100.png', 'image/png', NULL, NULL),
('93dd55c8-a47c-4688-8b8c-2643c2808ebf', 'Plila', '', '', '', '', 'Prabhudas Lilladhar Pvt Ltd', '', 'Research Report', '', NULL, 'plila', '', NULL, NULL, NULL, NULL, NULL, NULL, NULL, NULL),
('94757a66-d023-41b1-9820-67df53e67849', 'Lcris', '', '', '', '', 'Crisil', '', 'Research Report', '', NULL, 'lcris', '', NULL, NULL, NULL, NULL, NULL, NULL, NULL, NULL),
('961d5859-6690-49fa-8b2d-db8461049a7d', 'Andrew Sabourin', '', '', '', '', 'Exchange Data International', '', 'Data Aggregator', '', '-SELECT-', 'andrew sabourin', '', NULL, '', NULL, NULL, NULL, NULL, NULL, NULL),
('9ab53ef5-40ce-4ea7-930c-f518363404a3', 'ClevRes', '', '', '', '', 'Cleveland Research', '', 'Research Report', '', NULL, 'clevres', '', NULL, NULL, NULL, NULL, NULL, NULL, NULL, NULL),
('9bd38112-cf97-4cc9-8149-bb7cf31d269b', 'BerenCapM', '', '', '', '', 'Berenberg Capital Markets', '', 'Research Report', '', NULL, 'berencapm', '', NULL, NULL, NULL, NULL, NULL, NULL, NULL, NULL);
INSERT INTO `vendor` (`vendor_id`, `fname`, `lname`, `designation`, `secondary_email`, `telephone`, `company`, `company_url`, `companytype`, `company_info`, `tags`, `username`, `companyaddress`, `regionofincorp`, `countryofincorp`, `logoBytes`, `logolength`, `LogoName`, `logoType`, `telephoneCode`, `VendorSupport`) VALUES
('9e756dd3-bd8c-40bc-beea-87c2bb781c1d', 'dattadeepali', '', 'AVP', 'a@b.com', '91-9999999999', 'MyCompany', 'WWW.A.COM', 'Data Aggregator', 'HR Consultancy biz', 'null', 'dattadeepali', '', 2, '32', 0xffd8ffe000104a46494600010200006400640000ffec00114475636b79000100040000003c0000ffee000e41646f62650064c000000001ffdb0084000604040405040605050609060506090b080606080b0c0a0a0b0a0a0c100c0c0c0c0c0c100c0e0f100f0e0c1313141413131c1b1b1b1c1f1f1f1f1f1f1f1f1f1f010707070d0c0d181010181a1511151a1f1f1f1f1f1f1f1f1f1f1f1f1f1f1f1f1f1f1f1f1f1f1f1f1f1f1f1f1f1f1f1f1f1f1f1f1f1f1f1f1f1f1f1f1f1f1f1f1fffc0001108011b01c103011100021101031101ffc400c60000020203010100000000000000000000050603040102070008010002030101000000000000000000000001020003040506100002020103030204030504040908050d01020304110012052113063122415114076132237181914215a1526216b1d13324f0c1e172829253d334a2d2439374941708b2c2e273b3c34425f16383a36454844555261100010302040208050400060300020301010011022103314112045161f0718191a1221305b1c1d1e132f1425214627282922315a233064353b2d2e216ffda000c03010002110311003f0048f36f29af4bc916bba4cad5eb88ec226ddae262b2a10c181f6fec073f86aa2e69922c31cfc3f542c7dcbbe1635fa89c811e24630c5bf793d197a94e98f4231d48f9626944bad27fb85626187b129da4ec61146a46548382b83eba8c8323fc57dd1e056b95e50d992c063faab5a3c30f9e11940fd98d465004d09e79e2cc8adfadb58023307cc67e7a144596dfe78f143ea641fb6027fd1a944482b23cd7c47e321c7fecefff009ba9451954b9e6be110c66499f099c67e9246f5fd8874a3492810a90fb81f6e88eb3a7fee737fdd69b40e0832dd3cfbedcfc2d463ffed271ff00e4b50c0700a2dffcf5f6e1dbff00170e4fceacff00f75a1a07052ab77f33fb73921ae57041c1cd69bd7ff55a9a0700a2b96398f0fad4a3bf65e18a94cc122b0d049b4b30240c08f23201f51a489813a433a8c5543e59f6dd9958dda9bd3aa1304b919e871fa5a6f4e3c0295560f95781048ddeed611c818c2cd14c159558ab15263eb86520fe3a71b724388d3a90d5565a8f27fb76dd7fa854f964acbff99a9fd73fc7c1175eff00327dbaebff00e90a7f882241ff00d4d0363fc3e086ae6bdfe62fb727ff00f214bf8b8ff8b53faedfb7c1075b2f927dbb4208e4690ffa4c3fe2d4feb3fedf04c0e6b5febdf6e2432b7f51a072a4bfea1f4cfc74dfd723f69ee2812b0bcc7db70b91c85003ff00bd3febd2fa15fc7c147a2b7c6f2de02ef20af7e933000b6d973819fdba26c91fb4f7280f0579e7f11b1b228a7af2bb1f622c858938f8007492806a845d6ed4f8458fdf1205f992c07fa75569b68b965a1e2f8318261419ff009ffebd1ff8d062b48f8ef1f90bf6e38df692af82c70c3d41eba245b518ac49c6f0118dcf1a20f8125c7fc7a0d6f928c549171fc2290cb121c7a60bff00af508b6a070a3b1c7f8fbaefb11200ad9058b800e70bf1fc75008648d4ad4d1f1f1ea918c9c0c96f5fe3a804102eb66e3383e9fa29ff0097a8d6d462b0b4381c90224c8f80df9eba9ff1a8c57bb7e3e8ed16c40f85dc9efcf5cedfe3a3a21c1404ad5a8f020e0c2991fe17d06828c56a6a78f202ed0a00bea763f4fecd16860a31cd4c9ca78704502cd7f4f4f77fab570b259dbc10d4b3fd5bc3fe166023f00e7fe2d1f465fc4f722eb1fd5bc47e162039ebf91fff003743d197f1f051d02b3e47f6ed2796392dd40f1b6d6530ca769ce31fecf463b691c23e0949015f51e3f2958e181246910c9db15df2514805b1b3d324694da6cbc11c42a27cd7c02bcad5acdb8609623db9124ad3a1423a61c34436fefd59fd6933e9a7528f5647223c4ba44d5a2062986e89a388b23a9eb9520608fd9aa4db6351e08b2dacd6a7da25e99d83a926038fdf91a1a726f050843a90e22fd44b54e989eb4dbbb720ac42b04628df9947a3291a69db312c635ea402c4838f4b11d634889e504c718afd4aa82cc7d3d001a91b6487112dd4832d24b7c656b6b565add9b2d1f7a38de109ba304a97048008054e74c2cc88711937521ac02ce1d456794e3e3482496a4d8b32ad7858419ccac0955fde149d48d8912469341c13e210ab3e67e355e59a2921b1beb0dd394adb951738dccc0e00cf4cead1b3bad481af2559b91cc8751c9e6dc0c72488f4b9049228bea24434f0cb0ffda9058613fc5e9a3fd2bbfc4a1ea47885eb1e63c743620ab2f15cb4766d32a5481e8ec925676d8a2256705c96200dbf1d11b4b9fc51d638d169c8798d5e3d15eff0dcbd3576648dacd3ec067400b283248a0b0046468c76770e014d60e68ad6f34e25ab42cb5ec8df1ab00cb1823233d7f534c76377827120ac45e4f14fdafa7e3aecc6791a1804712b7724450ef1a6d63b9d5183151d40ea7a681d95ce5de14d63b555b5e50cf5d8c1c45eb0cd31a8891c6096b206e684609fd455f732fa81d4e8ff0046e72c1f1187149eac78a0f47ca792bd7add2a3e3b7e7bb4b26d5606359530fdbda51baefdfd02fafaf4e874b3d94e201a37584a6f4454954b96f3ab3c65c7a5c8f0566adc8c299209a64475de372e46c3ea0e8c76370870dde9a370154fff008970ff00fea9ff00f795ff00bbd1ff00afb9cbbd1d438a7ff15f12e03c87cbf9ee7b94a51de4e3ab7170d3e2f920d0d6337231b2acd77a16448bb5b71b7f31f98d67079a171dba03de9938efb39e0505ce421b7c1c6d1cd75acd5ab689efd4867e2a697e858a3905219e3de983e9b7a9d4d5d87ec94024e270e7c503f2ef0bfb57e237a5bbc9f8d4fc9d3f22e460e2f8ee3f8e330fe9d1a54469a5808625eccb2c9bd236fcc3f2fa1c8d45918c78921871f8a15e57f6f3c3b86fb291f92c5c63bf333fd3d48ae4c6782657fae991a79ab9728923c3184642300fa6a396aa685644bd3ae891a139823cfaed1fe8d22bd11e06852e4798ad4af5c5e3eacddc335c6dbb6311c4f20cef68d7dc502f561eba8192c9d915ade2fc6c9c9588e6bb2d4e215ab56abc94d146dddb574218022c0f3ac91ec669731b1f6019da4fb6734866701f957a74754b9df1181fc779e9e3e494dbe0a49c58abd9c0295e6ed0dcc64de1a500b2ec4755e819973aaed80e4f4e9f04c4c9ebd3e9d46a573561f3d5e8ad4039d129512f1ee14f2d3de4fad8299a342df2204e5b74ff00471198c10aa8eb23aa9f5200009fc0c2a394d36bed573eebc5fd3dbad2dbe50a34b012163aa93402d465e6dcdbdbb07718f607383db59002c002304a6458967e9ddf16cd740e7fc7eb4ff6aeddcad752ed79ea34fc70580c72482b3afea3c6ec5e1f7230ce08ff00175d73e36c46424f9f47afd5591913423a72a7d17060b24a7b7182d23fb630bea59ba003f1ceba2ec833aef76fc7fc77bfe3d5e4e2eb9892b5b8e48c21d85838627a74fce59bf69d5dedd7a62ccb4c88f3038f4c92cc07aa6ce378af128ec529abf11c6c0f1514acff00a512651666dc332abaef230ce5bdcc3a6ac96eae9779cbbd2fa71e0acd5e17c1619330f13c685afb47080c71c7dade7fdebb85d4fe7fe5eee73fcba9fdabdfce55e67a772a8ede07f6f5f3fafc955e2785f0de26d0a7478faab4adcc26bc5d16489c0dddb52928740235627a0e858fcb425babb2a99ca9cdbe0adf4a2710b9c5cf00a5ced3fea51587a5cbcad234c36a8ad23ef6fcd12aaf6b3ffecc607f775d31ee13b474cbcd1a675c38e7dbde90da070a7c12b786c038bf35a95f9ca90bd78266af7a1b987aeaa4943231c846d99dca5bdb9c1235d2bb3d76de123f8b86c552621d884cdc13f023c329a4a94bfaa2525fe9b2d86ac48e5f338512c6ca665206dcc965bb072bd07b4eb1de9dcf509f369279fe347e5dde6f14f1b70676fbf0cebd582290c1c25ae21aa4878fae7b355ad5ea0d5838b2833c98d91af77bbde4936105a1756411a8e87404ee098235167605f0fdbd983e05ddca021c400fe1f4ff002abdc2f30d6d51de28abb9e436455c4309963a895876a212ecee954618dd9c93f874d66dc82225c934e39bf04f68077019333598da2c32e47c8eb9a017a2d0e8ad396a9a81a7588c45c870cc9bc118daec09df807a617a119ce91065af1b2d1650adf4bf50d24dfd5465150592dfa186538ff67dbdfdbf6e7767ae74d3d54ad1a9d3ad0ec5af237228b7caaa86c37e9a0023718da37485577265ff002edfdba48ba2c0e2a0b976336a4daabdb5f6a6c5555dbfb1401a66273500654790b11bc010a2b033439566d8a7f593a338fca3e67e1a7b4eeea14718d41239952b3a2108e434277a64fb8007a2a7c36fbce0674a0f34820accd6e8346ebb6212307127be2e830ddb39503775c7e4c11f1d563562e8b0e086c5c9244278622a628a23db62a8dba432286705813d4671f869f3013088415a68e4e52c6e5246cafb49f98ee6ad0e20e0e67e4a3d514e3678bf5a46ed65157db2ba2338391b57b9d307f98fafcbd75549c51d093156e3e529b4416731b4ddbcbc8db102a3e4483aae199502fb7e3d47cf51eaea3242e5e7e2c08ef462071c6b3bd0ae8f1b9b0a7b42b0658951a389583bb47265940c13eed762d6a2041cf9c57962fdb861459b408e1f0f1e60a09cc7297af55e3e3b12779cab493b048d5da632c83748c88a4b18f6fafc3afe3ad36e223291195313c327280107f2811a64852a3e7f21e8b8f46f9fecd36b8e96e299b9a3dc7f21512955856cd38b9b59e3fe8726f8cac12118b2591a2cd472b956799d84d210c9b76e759ee179b57407d5f2cebd8cc285d28199151971e9cf3c1747afcb71696aaac5d9252bb7d0804aa24985ef36c0886052ff00defce70463e1c8249892eae02accb4b838b9f91864577859acc12dabb5c0496482190b2d79091fa916d62591ba75e9823491bb3806078e79f1eb4da22711c971e9395fb8de17c84af70b72f56db3b8b12c6f2d777231b94aed685f18caf407f1f5d7609db6e07f1239807ee9009470c3c14ebf73bcaf96b15e8489070d0499efdd58a5ea3b6e02176ef342aed81dd45dd19c38fcba91d9d8803304cbb47d9fe7829ea13c138f8ffdc7f10e35b92a764db124d3d56faa547b5034cb02c4cc8e55269121901792464dd2125fdd903596feda7301b4e7981d390cb0501d24b9afd79f3460791705cd1892b5a8ecb5261dfb51c72296330c48fb9e3477c888282c3e1f2d63940c031cf98faa71c5aaa873d25be528d9ad0df9a82b4954c3146d21458e2ee064d8acaae36b0255ba3363208e9a362ec21272c714641c0094fc8aac9fd438844b76a6823ba9dc8888c45165491b022a61bf375c7407f66766df711691f203a4e75f8a5970aa8abf3d4b87e66c4d727682963ad14865dd22985937d768dd629250709dbb5fa414961eef461704e02a1fafa785555215c2855a7f35e1d2a18bea119965927b36e18edb19a02d376ead792c389966fd4463bf1129ced65ebb98483bb866e58f16c1bc4a49db12187e9d32ee4afe45e43527bb63968ecfd7f90aabc552fc21ea408f69cb3d88e1661db9608b7467e0d249bc6ed9bdac84a029411eb73f707e039b0621c57baa7e35ebfd52d73b7a4bf57858a399e54a1c7255984b286513acb33beccb1e9b5d46757dbbd684a4498d4fc82620a65af0ca2a42708a4c600f72fae074f5d03bbb44e28c4679a653e43c64be329c13c4bc71789aa9b4922cc007113c9376cb46ccd34a8ddc40de87a1c617590de87a9ab56ae4ddc3b10d041c7bd6fcbf9870bc8f133d6b425a7541dbde825499ec45f4dd8616177c43fde24da6608f9da3686f8eab13844bb89766157f01873c92cec904b74eaf9240e4f9fa8fc9536163eae34e41392e62e4ab0c52da963948882468d2048e1ae36a26fc0666f8635a237ed87ae54c7e98ba69452ff293456792bd6a278e38ecd99a64524642cb2338071d320369e1bab71881c391534951f666ff00b54d4feedae3e053315d13c9fca79ef16fb896794e16c431cb25186bd9af6944b04f0ba0cc72c4d80eb9008f91d72f6fb0bb7a3aa0ddec9e77222857acfdf0fb93616fdb79f8d493918d6b5abb1d6447eeaa3a24c8fbb6ad8586431eefee0031d01d5c7d9b70ec5bfdd1405db672f8ad29fdf3f3badcbf23ca89b8b927e49e099a196356820b35a015a2b5563697f4e5ed0c31ea0fc46a4bd9b723215ff1451172071c953b7f72fcc2f7883f8a720b52df1d3408bf553866b4cc971adad8ef34bb4c8d2bb296db823a7aea7fd3ee623f10dfe68fd5017a0658d54504137d3c5d07b90153b970703afc7559f6adc00fa7ff0028fd5582e47a056a8d8bf42ec56e9b88ecc59dad98dc10ea51d595b72b2ba332b291820e349ff5bb867d3e31faa86e40d3eaacdbe579db8f54cd282294a66a888218d2272548d889b5405eda855c61546074d0ff00aedc62627be3f5504e0030c3b541cd7917934dc4deac5d1c5e7b1de90c707742dc944b6a38e4fcd1c733ae5d57a7cb4b1f6ddc82da4b75c7ea80b9077cfb5247d0db20911f403af55ff5ead3edfb81fb0f87d50f523c561f8fb831ba1600fa1e9f3fdba3ff005fb8fe1250dc8f15678ffea34a7334308ccb0cf59cba871dab313412fafc7648707e07ae97fa1b8c34491f523c51f97cbbcae248628a38965aaf1cb1db100efbcb04661ad2cce49591a08898e3cafe5243eed2c761b803f09f7204c0a7bade593b7102a4b56ad3ac606816b5787b6b157914996b460b31ed484b160d9392704038d60b9b0dd93ffae5fede9da8c676f107c5733e2a2a55f9f86cd8a124747baae8a246fd021810fbbd5d55be07e1ad73f6fdc983084ddbf8e28fa911890ba9dce590daf1d922904c047c8314c9da712a8c3052ad8246b142c4adc089c74ca9423ad125ca6bee51967648218b646d00b1b256511d69220f2d80cf21c9476c7c71d011f1d42072403a9ebff4b965a35abc1f5769ea99e656764466ec3300cc245f71900e836e3d0e7e0037822ca4e2a0e2a5bb2a6dfacaeb5a49227569599a44b0a87a2295c2e42e4fe653b977671a3103ad217ccf4e9e284f331271d7d2bc68212638e49a3894a40256c87ec8217d9919fdb91f86a5e0f24d0c171af21366cf9b72b5e316276b175a14af031eebb4930558e20c18076270bd08cfc35becc41b60f2484ae87c8f85f06df6edf928f8e1fd666e60d5cd3b12a3b03c83d3304323cf3545c888ed90ab443e033a31b980c7a3a5d04623e3d09e5e2b6afe2fe315b93e162e30cf7a39d2b2db4b1249124d525b360a5ddd1f6ddfbd1a76d1e3dabec57f47e904f1268934f03e19f8fea8f792707c170f4f85b3c6c52c56e4b52c762632ce55a2657640cb29704f4f6953f97d777aea9ba5e3f656dbf15585e6ed49ee3d36f5c9f9eb0366ad476bb46dc3094a659aa5898c9f4d337be333053f520f6d71db1d31fe9d5c234ece1f348487afc7e4a4e028d39786e72ccf101353884abb9a50cacd5fea324236d25953d319f4c8eba84067280727929f91adc5a716278d8a16af1cc5c6e7c332a360386643b4b6d7f9e7a751a86316a220970f9a13cb84ad0c12c5941234a806e2dbd13698e6192dfed15b39181f21d34928801344ba07cc722eb5090c41cc5e84ff00da2e961072c8ba61952b4bc4422b42edc9f64d89238ddddc299a28d59e3d98dac8599707a0ea74e22f1a0ab2426aef82d1acd11c6edfa761c8a8ef347de62e2165c06c04f518ee14f829ce74008e0d5e9faa3cdd12e46971b178e2588526fab482bd9285877556c004bca36fb9067d401f81e87564a234d3164a0d4ba4caf7dcf31382e4e618c80727d3b9aa6710c3ad58a4faf7c8c12c7a7b47a9ebe9a800511ce6add21c5de6821899a35da2c448aa4b6e55919707dbd96f636ccab6e539ebab24aa89ad7e692fc6a232f19cc4dda6b162135042471e794641277cbedafbe30376c5cb67e18f8eb7bf04da46272ebf92a5e4e9f4de49ca578476a286cc88b120d8aa01f4083f263fbbf0f4d18b1039a8cdd4871771523fd46eaeff001fc1745bcdd48331417c628fd679909ac4b1b51a37127bf0cd3884b56ee62564dcc9b8463abe0e40f4cea488114b2c5760e36ad291209e4a4b15c8e962cc4b6a561077166984986901772b147b97076fcbd7584888a51387c5cf87d15a67acb5ad99c1ab67b68e611ef311691022904e417ea5bae55587ecd2102aa55d0a7b4b2298e401e37043c6dee5607e041e874a4274bfcc786f8adce505e96a042a5bbb5e2631452b33677c8130723fc247e3a7f5640325608df07c27db5b1e0f5e56e3e98bcb59bb923d5a8f61e75eec6ae5a457dd20d8db57e20ab3fbba8be57dba0fa2aa568be3f1faae49e2bfd6780f285a7318e00e9b39296660211557df2590e482422a975c7b98fb7058e356ce30b9074ee415d2af790f197ebaf2bc2ca25ab724ec45139559629a25db89a21865cc6ab2fa7c719ce758e56abc11896a1413909e35fa75dc49490c8589eace7a927f139d3422a4aa87716dc08f3ba967943485688ab037ccfdb1286528cbd8080b83e9df3d9c64bfc06af86a10a22406c1fa74a23fc6c7e267c96d5ee4cf069c659e1be968402c42f3cb24b5ebc2f330693b693b899e38d4b260239c290599f5166cdd553048c0f8f7f57ceaad5bb7e13279362cd8e1c24fc557a55e38fe863817b77f382c86585556ba22bac920ce4f4c0dc5a323dae9256c3bb36747f1ae6b9cfdd0b9c6721e4c6ff1932cb5ac574ca47622b10c2f133c2d042228a058a28fb7fa6a01054875386c036c96aab047851172c0d1aedf0f711fbc2e866558714dbf6bb9ae3b88e6a6b5c9db8eaf1e634401ce58d8eeab4520400b111a2c9b9ba05dc33f0d4385157721a80437cd6ff11ca72576dcd72a2f0514d5ed41226e7b8d54228fa3862d9d19990fe9c802c6cc0b305cea44a8410282be1e0906ef3be3563eaddfc661176cbd874b50dcb31471b4ceef195aca3b7fa3bc2851852147b475d10fd1fea8681c4f837c1fc52f6d27d73a72c9911d54e8e95da6f5e6ad2f93c50df7a762593857558798838399d120b8ad89a759048aadb7298f5c37c35af6b106317c1e58c4c865904b2320498e2dc8e7cd744e32ef193989a1bf034bfd4125b93436e19fdd3555899ec5881a0cbf6fdfddde0baafc40502938907870233e7f0c9572b723d6e942bfdc0e2e856f20496cf33159e27925b56966fa5eeccd6ec90cb1c692c48544a0bb6dda76b6093ebad52dbca463f89d516c4e5f644dba905bfdabde29cff11cad2f1df1fa52f196f3142be4351eb7bfe96b720f7143c0e935300d795decb6f1db94e43e57696dcc242464750e15e4d8d0e387119298459aa69e3da79e34e4b9ddf6a6657fe9ea0f1e2c5afa1db9dbf4fdd3dac6ef763b78c6eebf3d75eba22e7ccd5eba225816644782fe9cfc1734b66bd636a27e3e5ab62cb156d8f6c47344304111ec3ba464f705fc35cfde998bb6b49931d6081fe4241eb7c1e8ea690c7927c6e27c49e0ddc971f429c813bbca98e3aaa23857b9da64ecba88636936ed9914bc8bed7075e7e7b9dc89b427390fdbf956547c454b6313e518853d2183377f4edc1563c578f5ee45d6df09c6d6ab306376988e997a75999fb53bcd0f61560917dff508bde4000ea08cbff62f44346e5c91181f3348e7162fe618693e593f25256eb87c7a76e091bc62b46fc1d3a57f83e2ecf32d725ab5237ad1fd695a30992d3b03220b52f726458e17203edc7c88ebeee67d794a17262d88091a9d3e62d1029e50c0932182af4b8c3e2fc78e03931ab203e7b4b8fa5e4d6e9f1f1c71548a421218db2b1960ace9eac14abb306404843ed07a6ba7edd727736d094cf998d78f98b78679e283798b614e9c52f263b881ba2670c4609c7c700e35a6ac88e78263b1c7d1305db35e092cc51aa091c0cb29ed8384da4ecc3659d9bd3f28d7245ebcf184e421224b756ace95a522063895e9ff00a5b5166772dc67762221cb541d0ed16274907cd3949c47f100e64b6d5124902c01d4ce229573b8c3098c3071fbfe273e9aac5fba220995445f0fca4ecdf60cae3b0b32bd28422e0dc11201ff00d7030d5abbff00749c51b921cb0d7682b66822c8ed1a31914ed646059df70601880849181b7d0eae9ee25aa67596009a644330c39f3d4aab1b181b56ded0d529c23e67631902652d5a802cce430f4f02eb4e539135f8df1db948f6b69e45a25c1185fac3853f3047aeb2eead4bd4319f9bcb073cdaab8139c0ce52b61a064748e0324e55eea4b0a483d18061907a675c8f4eac8a2bc1c35791e52bd1b1318a39cb00ea9bc970859475202824756d66dd4a56edca40390883cd911e278fe32d719f5af3cc92c11a4b6ab8922859bb818c614ca31129dbed95c956c1e8359afde9c6e08b020e189c31c31eac528917549f89a5c3d2358dd335a86cba4671b1240d2b33048c92e360605a4ced24e06ae85f3749908b06e9f618a1091231eb5c9fc99bff00fa5e6dc1ea679ba827d7b9aedd881f4a21b2093555d075ea0e7ae576b64fa8ceec75f867aeacd21dd172c987c2aa5ee4f954a153df72c6d82b877e8a3ae7049e8aa993b47c3a0ebaa7717236a1a8fe22a52c65c31c17549fc3a1a9766aeb7ed94a322c91a582ac4c23b71a462b27eaf79fbd95751db51ed383d75c31ee2671d5a431e1c6b9e0c33cf82b7ccd8bf7fdfb02a17790a10c96a2af3178a3ed820b2b323e7df1b320d8cd1be558af4ceb45a8c8b6a1d3e886ae2a1979830208da4711b74d8ac769cfe19d5c2d824944dc6a2828dd8c99dda5eda19dd8c872c5410016da3a9f6fc07ecd19dbc28f45049f02982fd6a559b908db902ab4ae43572e8db7b3217c4cfb73e9b33b146758e132403a6a4138f0c9473d3a53c7eba5ca9421ab66682693bd5cc09355902ee8da53203bdd7dbbbf4c1d9eab9c1eba909cb542240f339eee98a8e59fa74e082f2f63fddbf7447d7fc4357da8d49e651256f272063cb972b9f69209ea0f4c74d30b4e19475936ce739ebeb927f0f9e97463445d1a6adc5637bdf90f6e2fd427f92373ed9ce47b626e9884fea36463d75904e7a84748af46e679e0126a9103a74ebf054796e3e3e339182749b7456d6685158ab306aa0166ca7401c4c0843ee5f8eadb374cc4830a11e3fa28e7a74f1429edf4ce4631f8eb57a793267504d68ed233f023e3f2d38b61dd2b955b80838db3648bd2cb1d758c7ea46e214567915019667591635ebd3dbee6dabd33abb70651801101c9cebdc33fa394a25c094d517dbfe3a4e4ab505b53c92456e287950a6212ac7345dc1b6261fa521380aa4c9904b1c05c1e74fdcf4824c401a7cb8e3f31dcdda8e9976f4afea9184bfeee239010f14d2c6c003ea9b41fedd74ed9d41c660142327a14a8d06796799946d5b05d4b0f936b41e095c27eab6216bb5b0417481c138c9192a7fe2d6331a1a6699eac9ce8719c74941669666fa9109b8f1e7b6822dcf1aa9728caa0ba7b9f77b41c918d737717cc64000316fba27554bd16392e2ebd2e3e5b2b604cc96228d424919d914a8cc3b8a0ef0e597a7b47b46ef8f4586e35de11029a4f78e1c930d59a0d7ad0577cff007baff1d6d8c0b3a84a5ae0ad2af135d7d00df819f4cb9d5d7605d070a3e478ba5cedca95254924944881057c09991986e890b0600bfa0241c1eba5d4611243619a858a21c5f8b7034b9e48e1e3240b660a863bd1d99c2a4d7ed9a5157892c842dbb634a3ba33d1b1ecc36b04b753947f2142410c30035125bba9f15591c09f0af4ec5b794af1714f4e4e349fa5b35bea0656751913c909dab69639d47e8ff3afae71edc6acd9ca527d5889365c01ca99ab01e0b9af3d3b497e41d7a74fdfaebc2344a4a1a31d4600c9d390500ce9b3eda78f709cf7901afcc5aad15748d8434ec4d242d666951910a34786db01fd5700e4e02e0ee38c3bfdc4ed41e20f580edfae0888bd023b2f88f129e3307215fc79a6e6e00b12f0ef3596faa04c2b24dba39b3682249dceed711c6a5f05481ac50dddc3718cc0b66aec298d30a70f339a2412ad701d3b16bcac35ebcf2d7ab219eb4362c4704c7077c68e155b23a1c81ae95a9990d4431609e18550f6de07e53fd9ab414ca872e5c509723032bf1ff10d1d4a32bbc070fe113f8858b1caf2514177eb6b3df9cad8efd4ac5e545861090c8ac67552ecebbf6fb72a367bb9db8bd745e118c490c5b0691efc929071f9a93ee071fe335aa5c6e2abd48ac0e682892a3b95fa696824a208e3930563865246ec7b98f5f41a4d85eb93235bb6838f1d4cfda11110304abb4fcffb0eb66a47b13a7dc5119f2d94384626a41b728188e8df123f0d777da2e98d92037e472e41517635aa594e3e36625d227500606c5fddf0d7523b9981977055e98ab2a51b20c712a0c008100c607c31a02fc9dda3dc97d30d9ad9e18180735a075ce4064c927f667423b896aa08f729a4713de8e7155b90bf4e315e1ae04224dfdc0e3a1c6ddbb437c7587dc7dd61b68c6538bea321488c9b890b5ec7dba77e4446583624fd0ab907173cbc77276f34635e2a4af0588e494ac9baccc2112007d22463ef91b007e3a53eeb194adb43ff0064498f9780d5c71e01573dbcadccc4e3135afc11d97ed9f2a103d66a738701a9144b086770aeedb37c636a98a267491b08e3183acb6fff00a3b4647541b4fe4e050531ae2e58c711c121b5207efe087bfdb5b3cb718b7b8cb1c7dba0d13d98ac2a5b41b83ba2a34661ee2991a27c36ddbd3a9f4cd87dfe36a728ce1a640b353e3a9a8e3bd09da2e2bdc7ec8055fb7fca5de2a1e413e816a3d78ed5f123cc1aa5490c9da9e6c232b06ec3ed488bbe7036e4eb4cfde6ddb998989d4ed161f94a8f11e6e62b261cd010912c3a37158ff23f3edc8d9e2abd4af349c6605990588e2815650d2c4c1a79216f7a0ce3195f460a75b23be84ec42e336b76a1c8b1c1f3ece0a8bb745afc8973daaba78873ab04f665a956b8ad7abf1b309acc636cd7177c4c4ac8c822db8632160bf2270714ddf71b71b91b7a5e528ca748cb08e3dbc00af82b6d34e3aa2e471fd73466c7dbee404f2d6fa9e25ec8ae6d42924d6e0ef411b32bcaa6686308aaea54994a0f8fe53bb540f7ab47cde9c99f49a02c4e5491f073da9b44b8bf510a3b9e13ca40b6ff004a94f5e8507e4e7b314d3889abc6e62654ee2c6fdddc8db51946e0a58123523eed64804c0894e62001c5c8718134c2af47aa3104e07e0a093edf727155e3edd9fe9f56bf27523bb1c93d8b31ac5525559058958c5b3681222b0899d83328c6987bb59329404252302d4ce4ff0088f33be2cec181423191e3e1d071543cb68cd4b89e0a9d98560b300be92a2b975eb6772b063ea19583023a1075cedc5d8dcbc650fc74c7e7fa762ba069545b827b438c87ea4b197073b8e495ce54ff00d5c6b9d700d4558116af6e682659a191a29a3394910e083e9d0eaa95b70c6a11a2275390f208a9d6ed5a962ab096ecf5c85e9fddfe61eec2a9e99d6099b5acd3cfd3bb995d0b5b1b9286b6681cdba3f00332ab41c9f2ff0040942df20f3c514864581ceec219982b6f619cef73ed27e3a689b6e088b65dad837cd0dc6ccda70640c80766fdaecefc5ff6e4b9df90b06e77983d4869e5c1ff00f79aecd82740ea0b9a50819f77afc356814c142511e16292569205432b4831db0012c7e58f8ea9bd2111ab001184253223104c8e0d8a778f9bf2aa8f023f252c320b6aa8491ed9046116424afe42a3017d0fae33ae3c636260b41c697f1c3afa3ae8def6cbb6c812318995c10af552587e272e2a19b93b9656ecf76669ece511e528aa7f4db60e88140fcbf2d6ab7188d3a2831efaae6de063331388247751517e4e466cc9d4afe562b9c0d5d18351032cd5ae2d8bbbb63f4df20f4e874245b0462130c7c9f282792ca3cbdc7912579c7fdac6db918b7f790b6efc3d758ee8b50d3092d9636d76ec6461126231e1d333caaaaf25cdf356ad59166f92a836cbed501c41970cc100c01bce19875271a5b7e9c40946279727a74015d3d94de63545e2fdba43f606c24712c141c8d857aa1d5b7029110dfbc6b65b81c3995cf7056ccdb97af5f89d1005542b3dc3d7a74f4d016f2475045d3c87ca2d779d6dcb33b213392a84b0f7101bdbd58e4e09ebd758ee5ab16cbc837057d9dbdcbae6117615a787d10fb93dc939c06e587b4c9076e32d9c0540fd01f42727dc7d7e7a6b1a4dbf28d35e9d30e0addeed3d1969244ba853bf3f88cd0cb9c846b967241232133f2f96b688977e0b14a41527e4a1642c189cf4db9ebe9a260c1990d6a957e6afd19bbdc7da92aca6331c8f13819424121863046541ebf1d592b719e23049afa91e8789f2fe6adf0ab60d9af4a396196a72533192383d1a39d70dbb77a6c39ce70a08ceb2ddb96adc2468f2a371e5f5ef545ddec0039c87657ad92ccf6a48e92c63da4c92ab60fa11b73ad42b2e4c15c09431b2655dc72777a8ebd74e07045d588ae4f5998a1db2e0a96fdfa86156507347b8ce63c8978daf1437a4a30496418a659197b723023b8aaa73b8fa7fc9d7583713b5ae4f1d52d3c32e0ba9b3f69bb7a226e21194b4ea3cfc71a371e5541aacf652949c8fd53092694492c79625e42cd82ec5bdd28dccdd41f69273d7574a4350869cbe597f872eb548da7fc1eaea18fe3d6599f29feed2df855f24cf2730d66c594dbf90fa8e9eb9d1f4c690b20921bc548471f02804746fed63ab2e03a94895333bac81812a4750c0e0820e4107f0d56016aa625a8a3e5785bbe440d8b37c2caf2a776ddab89bf744b857912593bb208d5fda4027d42fcb5589c6c8611ec03e81aaabb975b8bf2e9fa20fcf53b7c5f3762692fcfc8589e989a7b17c96b01c481447312f27bbb6aae06ecaab007a83ab2c112801a4443e58762aecce520e78f61e9825cb53b5a95a621558e0155c9fde35a80015d8ac4759e4c8c8014fcbe7fb344b2054fc7f112dd9e48e3b94e9b4383beed94a8adb8e3d8ce7ddf8e3d355dc901913d8eaab9784002d22fc03a67e13ede47caf9271f46bdab36b8dfe9f0dab36e10ab30ef978c45591cb7e999b0327f93731f96b15edd98c0961ab5507555e5d392a2eef4c21abf73b7465b09235a706e3b5c97dcb9e80fb7235b07e47b16d0d88514b660452ccc081f05ea74d5449087dfb2b342c807e9923271d7a1ce812d928eabd3e26b4910b0d282c251188503190e558e074c0276f43e80753f2d65bdb89465a74e4ef964ba3b3f6f85db7a8cff701a43ea34916c19cb53201c9e062b94e9f6bea2bb337eb18cfa328fd30db55801bbdd9f774d4b576664d20307f1cf87521b9dbd98dbd76c927d4d27388f2bd0feeabf9a8f90cd4dd99bfe0345d739c714eff00702a4f379585891e491ebc0891c51bc8c589700008ac724f4035dbf678c6568b96f37c953b8931afc52f45c27336033d3a76acc6b857786ad89555ba10ac52360a71f3d760c2db7e71540b94c3c5432f1dc90b32d77a932da894c9345d89c491a200ccce9dbdcaa14e492318d2c2d419f584dead3f451655c29de8467d54b0e9f87b74636a2d8fc548c8e4112a7cdcdc7d58a285a09164790e642fd42819e9edf4ceb36ebdb2d6e231d65b4eac39b72e4b66cf7f3b1ab4c5ddb1e4fcd6f1f92cbdce485696be394580cd1b1eeecfa599678c2efc83ef41bb70208e9a5b5ed508c200cbff005bb64fa810701ce8d9aa771b9376e4a64313f6fa2395bee4f2b5818a9c5c7d08a557102c1de1d996591de56883cae08264388d8322e06d518d64ff00fe7ad483ca665c5daa00600f97963f91cca41b82323d3e5c941079b5fad6e19a3346434fe9051865ee76e0b546368eb4e9b5d58b8eeb92ac4a92df97d316dcf66b73811a88d5a9ce66333e68fe38500a5436287aa4d1886ad17b8af38b5c5d2afc6ad4e3850a4cf27d2979b661599e12559ced789a4dc2551b98aa96248eabb8f638dd3acccea39d3a8fedc0b336152ca7a81998f7f4e9928386f379383b3c85da50284e4cef4a4f76635b7f74bb3c9dc124f331cfe712ab8ea09652575d496c1edc20643ca0d587c980ea659f736bd53578d7b7bd0f3cfbfd4f22cb14365392bb56e4a9c8ce6e39349a4611ccf88bbb1c9de60d951edc0d25cd8094a27501a632018b7e4d862c43515b65e11d26bd8c3bb245f91f2ab12b48d054a91462a56a91473da9ed9fa782d9b8f0bbcce1a5495f6ab2b7a200abd339c56bdaa22359b9d529534c6a63a41a0a118be72a956ca60d0021fa7c28aecdf71f93304d4a086bc5c2b54928bf1b2dafaa62b3232b482d4ead36551ca260e15703e1aa8fff003d03a6529bdcd425a87970cb48a5713c4d531bc0e470cebcbc10887cd057e2cf1238aaff00d2ed471c1ccd5179f36e3af8480c6ee5fe95d5554bb203bd87518f6eaf9fb43dd373d4f3c5cc0b47ca4e2f86b1c01fc477a02ee5554fcc3909393abc45db4aab24a2e36d8595a35559c222291bb3b51147ae7e7d75947b76994844e1a7b4972fda494c269ca8787f2eb1455a78d6ad84af5a4314d346a49b318786304120bbafc3d07c48d73a760ea20481a9c8e58a6172828cfd3c7bf92decf8af31152b163b4047522696e9df1eeae63281a39549cac83baa7675383f81c2c6cb9fc872a1aa267c951e2e8f2b2555e411a28eb19268d5ec388e21b1556598b36155559923dd9cee381f1d1bdedcfe4320e5b077e43ecaddbef676e4080f8e383e1c716cfe684f2097aa4ab05c48c1902490cd06c9124aec77c66295721a2623231f1e87d08d343da5de4278717c70c38a32dfca51d263100d282a22efa4173e57af1e7920d4b82e47c8bc82c51e2abbd8bd6da568e1ca2818cc8e599f6aa85504e49d6d3b395bb40c8c7c5648cdf05270ff006f3c8f97868cbc6d4fa96e476b578166844a2372e1669118829193137b9bfe31a33b2204ea9c469e52eec113238b1f0fafd9414fc7eda70cfcd3a11c7ec1292597b9d9693b4b398bfda769a40515f182c31a69ece44883877e7d6dd6d56559967d3a74c51ebde33cbd2a0f6edcd57f4acc6f66316613612db2863034248732aa9cba8538ea738d6386c4193465fb48149369eec3815b6e6f2e907507ff00905c268fab27ae7c190cde07d49018fd47ba4e870a436e3d31f8e9c7b5cc440714eb59eedf3399967224f7d511e3fc6398e56b46d4ebb4bde90475a10c8af21deb1b344ac559911dd43b0185cf5f438596ccc2759c69d7f4ee49ea139156b8df0de7d911d563d8f665a7146f3c4acf62193b6eaa0919c37c7d3e5aae7b43472307c2581ec53591963d5f55761e0ac4b76c56b53d7458a326c3f7d3b288369daf28f683bcaae0fa37ae34a7687104530a4be8ad1748047f20c7ab155bc8e94f4ed59a930aef2cca1e758d965747195552d136d0c98ced6f4f5f8e96cfb5c888912a0c3166ed1e2b4cfdc2521389844fa8c4be2e283096588073aa82b559a6aa91156796568a08e24059ddf70550a00c92c7e1abe3b120922510d5cd638cf32984f8d720519a3459701bb6239237691a32c244882925dd0a10cabd73d3540dbc980d43c73ec44dde45624f1bbe8492a8400c55c4919572818bc719cfbe4411b6e55ea31fb3405835a8ee289b9c97ab7053cd53ea5258635313cac934d1c520837f6bb855f1ec77f6afcff78cc3b39388b8cb29638f04f1ba412c0f0cb038e685b485b91ea30026422aed5cbe433631ea74f0f6c908924fc72c9597b786e700064389cfacfca802a7370d2f248e2a20778b62ef7658d4c9212228559ba19242a762fc707e03569d9c833c807e47b4f5059ccf93f4e9cd5597c3f9b4215cc29197688caf3c4235b2a07fbabbfa2ce4b0013e3f3c0387f40bb8902dca5871c30556a7a007a76f863c953b5e2dcb55e62bf0d6eb495f95b09032d36da197ea143a093190a554e5c7f2f5cfa1d38da3c1c4a2471ae58a9ae8fd3a75a95f8db9e3166a72bc77235c4f69fb95e5e3ec890cb147267748a1518c2d2c5821c60b0c11a0761eb3c49a478c4d0b7c5b864a5ca8690a1eafba073d83300b2176657791e46604b34846ecf4f98cead87b6cc07d42bc936a0299046eb786f266b417a49aa434dfb7258b125950b55264ee44d68aa36cee0230137904856dadd34876be667ffc4d5b16e3d0e084a4449958b5e0dca24f219e6a95a3af12c9c84b2da052a77b698459288e14ce1d4c5b37020f52bd715c76e087071a0f29ab62dd59a68cc900b7c141c4f8bf2135c9203245c759afc8a71f143c8ccd1abf239c342a638e65ee4781bb3d06475eba377621879b50317a47f6f1c704f6f71381047ed96a6e63c10cbc6aa20a0b3c36a187708acd6cb210c77168dde38dca9cfa9504e9a3ed7232337f8fc1d5b2de4bd216888e98bb506aa9ad79ab3c38faae5c245db89ec162659e464894052e77108ede8bd1555998e1541240d49ec088b93e1f75984d91d87c4f9caf1ce9b2b88a8588ebcd277982b7761368c80b46a447143869778575c85dbbb205276d161e7c43fe3c29c7bbe8a7a9dbd454f638278a935d69a092015d6e47da777692abcab0ad85cc6b8432b6cc49b1c90decf69d28d9b96d4716fc73e18e3d4eac376b51d38f30b79384fe9e8f73ebabc1778e7aef256759ccf1d8915a68a303b2f13301175cb6d07a37e223b332a39224e30a367fb909cf10450fe896798e4179091beb007336f591e348e1ce5b713b61118ddbbd5b193ad367dac8fdd872fbaae22301a62aa78ff81f23cc2d86a3342b2d7ced8a47909214062f2b46ae904677055794a867f68ce34d736c218935e5f7f83a694e88e58fb71cb4618abc3dc60fd912ad9adb9a10cd3777bd1a0815510b069701be1f1d55e85b6fca5dc0fc25f04bea1e5dff000e3e083723e0b341cad48a7b31fd0d9acfc858e4845636c14a3fcf65a170b2346c36f6587494b2853d7568dac1bf22f83531e18e3c7827d65d9abd7f6553c8b8c4e265e1ecc3cc8e4acb548acd278e19e06af5fd6be0ca7d7f3745fcb8f5d0b5b18c8499c56b41539a520104101a4efcfc152326d48a2c011c4bec001000603f1d5bff005805448b950ddaa668bc45e3e12b733c95b1c75099249ee935e49a6ad5d4c29048620e9bcd83650a2e5709ef27046683b4889690644f654d7e0d5ee523735164427fb6972068eb4fcad55b8c1a59e050cc8886b3daaf860e5f7d88e2255648e303afb9b0755fa31c7cd4ea405c902c4201e35c0d7be69d9b971f8c5bf722e3f8bb10c7de679e4655958a77616ed441d55dd4fe6603e63576e36700e2b2a3914c3b95b66f4a12d5196990cc383de38fc10fe59a14bb2c704f25bae8f859e78fb52315014931f7260bd4607bcf4f97a6a5af6f836047775f04f737176e5672d479b9e431e4aa7d5cbf2fecff009343fa10e6aad4bbc71de56be37e55cbda9ee414287d15296e5b9a66120489a709157a911124f2cb23a61bf2c6aac5be1ac7b6b1ea418024eaf971c93dc2e4530ee1d3826cafe79c5d4a96ecf37cef1d5275b023df05f5b11cb1190ad595551a62acd1aabb282db461895ced592da925a3191ff4f7a0d2155a54f2cf1fa1e4dcd4f27944090dff00a792349af20aa0d4a9591cc4cb21c99fbf924742b1fb7f291a69ede52801a0b8e45f13f064da24705c2fee10edf9972c0dd7be59e19fea66916490fd4411cddb6752e0987b9daf5fe5d76b6b21e9468d9771f9e2aa90e8ccaef8572bc5a705c8d0e56745ad66d71d2ad790643882d83338da8f8edc4d93f874ebab77712d031c7cff0000974024d2adda9b3ef0f9278a727c0d2afc3dfa166616a5b02a53823643ecedb3c9222af6b6ed002ab7ea03ee1ed53ac1b0b77212266240367d3f444da8c4500ecfb2838ff21f119393f20b7c84b422e36ec1c6496e8d755804f147c72c7620862287b8ab63ff00431b2b87c1ce06e1c9dcecb711b56a10d667194da45cb13378925e9e5fdc5e2d9648b035000e54a74ef57e8790f892acff0053c870f33cd71be8a606388d5f1b65ff00c3758b69b11b75156505fd7f37a6a9dc6d3704c408dd611f362d2bd94b17d3fe31453d2891488e551dbd0d52cf8cf91cf4f86adc5dbe4b8e6b2976486a453355d9045561790b477191d626b334e1609a52c80ae7f2ee1aeaef76a2e5ed6233d220e5b5798c880c62f5d310f288635e2c808b8c235eae9c19304777c4d6c735246dc5cf5ac58896c55696846668daa913859acfb5a213b3166ab1e5a41bc0da40d5b645ef42dead60f99bf2fe5e5a0a82d8091a0a14863e7916f28d3903975b0ae61d47f77a7f0c6e028c7c149c3ac86f19047c74559e591638442c44b5c7e8aafb770270e48e995397d8faba8ebd5866ff003c55b28e90ec02e6d5c44f6a112a47242d24292473c9d98594c80159655f724641f7b0eaa3246ba7701d2c0e44d039eeccf00934ba7fe66d414e7e55187112d7146482b98538d923b96ac49f4f5e58fb41fb31d6590941b836c4567c67a70b6d03734906e83ac3beb1a6206a93bfe464d5c9cb0c13c2207e51f0ec0df5cfc545e372f8753f14af1d18e8f23e49119a1b75792156b4af3caa86430d8b2b66068e211e222c02b618e439c355bd3b89dc266670b32669435498034788d32793f9b314cb03e98d3c65d5e0d9fea953cad6818684915c59e192c722b5a786b2c6b2aadbe9224516c440fb8611171f2c6ba36f77e9110944fe3038bb5307353da52e877c02e91c2372b42b557b1c55986d719c7d3acec167af2c6204118ee633fa73043dd888eb8c6460eb977b751266c3124e471fa2b22703974e9f0566ed4bf2c93d5abc4d8ad29a125392b485dd228a774469554aa6d6322752ec777c4fb7421ba62010ec414080d4a3be3c78f1297ec405b99b9c4bd39274ad4a0a53f1706f2d0c2cd13c0e93445d773cc5242f860c0b67a0cae88ef98b80753be58fd192b51bac73e680792195794146d44f41f8f8a2a3052915dd9228c9642d2e4097733b1dea30df0e9aba3ee0222b12492e4d3c3b957a1c5321d1d04e3791abc3f902720ee26978eb426300475566864ce377afaafae35a27bf8ce1a402c63cb3445b2439a26ae12cf92d2f1ae2e78f82e427e378b34aca5ded58151a1ab2bdc4b10c7dbf64920c87b01d976fc0646a8bbb9848c89fdcfc330d5ae1c9340b607f5eb43bc4b98e3cd4e2f89e2e84d679681cb298a49244b76b7335791ebf68c988720ac6b2ec1b49c7b98e9ef6f754c9ae96e54e39b578b3f721e98218f771e5c7a5566679a8c12709caf7a2b62f0bf624b2b2acc59a031fbc38c9dfbb7eff00e6ce7f1d2cf7f0156228d46e3d6800641c2a71d5a925779e1b123c69ff0088f63742c70b8ff8f447bac44aa0f2c130b28e71f66a370b6129d1b93b549a3b372e44efd909dd4ed473c4627f606eb8575cb1dcd9dbaabfbae5c8a7578e3f14b286938b72a74e8ca7e3fcc5996c4c166092d99e69e44b13a4118b9389bf281b639c142239d48e99f693aae7b985187e3119472187571154e04893a8b63dfc56bce7344d5978d944d077562324b2b3bcb3a24416bbcb2617790a4924fab1f41b40021bc8020907b1983e2c9341903a6afe3faa13ccf2d5afddb169ac1433b9768c063b7a0e990067d3575af708c2801a0e49e703224a9eaa51936cef2b4cb008a79162eea1111915771913ac64960bbbe048f8ea0f711a5b49af52acdb6a9354f2b6a689bb95b8bba16d6faf0c2b24a03440329af848937a45d580182ad96249d633b9189e87bfecac8dbd38176e9dfe2b5b576b3c565cd3b50c53376925ef10b1a2820d743d90a17fbc0618e3a9393a48eed98374e69fd20f8d7b314326b4d21b528c33598bb31c6a1b088b223a2281f05588281ab23be87034eac543194425696f6cbf344f218ad445e395248dd590c618b29538c32e08c7cf5abfbf11111638f2faa4d0569e3d7a98fadaf0c166f5db35dbb0f55a48a6863895e4b0635d93ee2d18ea42860010a46e3a7b9ee3aa4fa70eafafeaab369aaec893f9837325aaa71f67948a398720d142d6679639e3c768a76918c5513aaf671fcdf9c1c6a885f8d3483ab0c061df8f34f212c090387d1096e62c7302c9a3525b3c95ba10d479a9d79e778e0523ea2448e2ddb7bdd1377f2ab151f9b57c37b18901a4444be5539777c51b8cee5abd33423929a363c7456bb95c57ac5230f0c8a65469a57127b9bfbce53a7c57e7ab21ee1100f94f98be5c025d0e187c543428c770c15ab092c5ab2cc9045144c5dd906f60abbba9dbe9f3d13ee90d468580e4a181c4a6dabcc5d9f89abc0af017ee7197634924a70c570f7e340c565a68bbfe9cc9240d2cac8addc2a4fe51ace777e6d61f5bd30cf8f16c0704a2dd0b9a1f0ea535bfb957a268cdbaf3d68da32ef1a9b10e1a23d946ac0bb34050c6c922fb896cfe538db48b910c1be1e3c792631d40e4fd5d3b7bb0556fd9e6ecf93f113355692f43ca0af0d7555fa693907b093d8469164d892cb35840e370c7b47c3574779011906351cb0661dca46852c58a1638f68a1b75ad5591e33b12c5731310ae626cab95230ebb483d41d5f2f721a680f784441f0217aa5ea9c472c6468cda581d8344e36ab7429957470e8ea4ee8dd7aab007e1a49fb8190663dff6efe488b7574f3c5739f7179ee36ccd4299b9c3c8a8ab196aa4a578735a5844934e9618ca24ccace7713975235985fb60be9aff009b3ea6cb2c9909806850d4f319a4969f1b53898459e29d9aa2c4f336d14c348bdcdb6364fd954621989f891eba5fed00e4bd7abc294474b07e9f041bfcc2b253b50b334bdf9a1b334eca7bbdc8c480eefd4c1de672cd91eb8d5b2de070d166e7f64fa4b321acf527695d8c88630d21f62e4e180c0f77f8b4f1f70218378a436c92e8bf88f30f5ee3271f1d78aed649aec5c9dc50bf4cab176e5766ddb1d76b0dab22380c4903a9d2dedefa9f90f2f5fdbe0a461a6a33a22ff51e629722e0b82a95274b75a3b7425a2ddd8520b96244690496662b2f7257752b32b85f54553d7559dcc25531f16eacbe0a4ad1343d3ad951e538df33b915bf1f1c445c7470fea4d52a3c31a153759760679a5f63db6de54b050514fb405c986ec02ecfdbf6e0fcf150e552e95bca9a6abca271bc93ac97388ab0f1b22d5911d23fa753fa4f201b5a48cb1572b95cfa123aeac86f589619f129f4d2aabe688a70cac253dd0405dca31b300e7a7e3a9ff6327341de97427ef094f32f28a925482c477787e3d9525839b99e5a8fdf4511d72bb6472b18a8ae8ab8098e9eb8344f7209768c4f4faa59038b3f4ec54bca79cf27e03996a5ca3432f2436d89b908d6266b31c95e4af096731a9648629648a35d8bb7d3076ae00dcbd1a9d67a5735220caa7154df8de7929f1fcdd7af93c14352c47561551f4901125e826b0a63ed8ee6ceeb6e625fb8a3a9f68696f645c30f3638fd7b140012941ed46d265a391b716673dc5192c724f44d59fdf9f00ac100158ed41f37ff00ae3fd5acff00dfb9c078a3e9f35d6b93f15abe41e5f3c529e4e69e3ad4d6bd3e2a2899b6cb24ab2d89e7b03b10c70aa8fcecbb8b0c118275b3db77b3b368e9200d599e5c3124f2556e20ed87739ecedc556a9f6d78a9228b7f31723822b11413f38f0578b8b94cb75aab435a595833c8a8a64ee2978fa1c903aeb7ff00db5ec78e01fcd83d470ee2aaf403b06e7434af1f929382fb674390e505736ee56e38d68e559125e3ae4b348f6fb121864a864ae61856297bc59832360e08f593f78ba06a7892f85464f57abf0e29ff00ae0166f0f0c4f4756783fb450dc12476b9835644ba6a76ec548e09553e89e54768524b2371b3b5429946515cf438c25cf79b839d1f8e7c586490da06829d39f8245f29a36780e5ec70e6cc769e9589613652211ac8004656d8db8ae437e5ceba16b793b908c81677e087a61c82382042dbedcfb7775e9b131fe8d5a6fcc9c7e09a508f045bc4f8f9f9de769f0a6e43416f31449e4884a37852cb184503dce4606481f33acbbedf4ecda95d6d5a06141f2c9016812c0237c2f81f2577c423f25b732d2a6eed3bc1f4ab24bf430c124925a424c6189784a4719c6ef5dc358af7befa7b836434a541901a8900470e6e4e5c13c6ceac074cfbbc4a9aef84b554e26c9e4eacb479586e5cfa8150f721a556b45703bc5fcd3c90ce3f4958a86e9dcf5216cfbe48fa8f069c0c62cf1632948c285bf1121f910edfb529dbb8a7c4f4ec4179c82cf1b3d38b31daaf66aa5ca73f6153b95ac7be1664cbf6df6fe65dc707e27d75d4b5bb94ed0c0484a51966d206b907ee4a6db14112c36e2c238c6588ff0066bab8dc95053b8261088a2b2242e5d192227b7d7318f875f8681ba5de9dc8681cd5a5a968c114f32451c129e8c22dc71d36e1171b8beef6807e0758a7ee7104c23a4cc7678f26af62eb5af66bb2b71bb378da9bd6a7066688c753f94723c1433f10618cbbcb5ca052669123dc8aa0f5c10d92d9230081aaad7baca726106e00d09f0c39d56cbfff00cefa41e5722400f23179088eb7a9ff000b07ec53f3fbe0e17c691f0ad135e3babb76ce059470c87076b6d2086c743ae66eeefab7a5314a47e6172e764d99181ab115eb008f04e5079c716d4ae9e3a95e80327ffa22379e193e9c132195643b4ef33194ef98e653b9fae5b5cc95b2ff007fb74e29091c4f77dfedca888d4fb994ff00cc36b909ab58ad158a66b34a1229ac779e712991bb6d5136ac798c3757c2a91b4f500da2ee8091c0d56963ee678fff005589a21762e2d25e27b15876d9a0878c9663222bb4accfbd27caf51ea54fa6e33d3990e429194402062d8a58f2be629f3fe516f97a12325299ab88a3b4544a3b71471be155a4180ea4800fa69c4480989071354b9ccac824bacaa33de9467a75218ff66af803a475250ba5d6fbc5c0c7e290f8e5617e130f12bc7c76deb5697f556348172865c61910ee739c67a2e403a495993bb231638b250f06e578ce17c9aa7297de5861a21a402b449296723b7b1d5a4830a6377c306c86dbd08ce8c812304072288f9e794703e47cbd2b542368ecac4d15cb322a426544dab5b28af2e59155816cfe5dabfcb9d2c213156464415438b8fb3c5dc9076e676318d84313f9fe78c6aa9bb85033ba39e25cd4dc5cb7a5b3f52a6c18e3edd5561085883b32c8370f73b98d776c6daa1bfbd8d3ca3545d6947c82cf1b4b928ad2d6e18dc1142b37194a18de5da1da48e555311c4bdd1fa80e57dc3695623559048fdc5461566af5b7cfe8a2e3f9ba7678c4861af1d8e7459eecd7ae455e689eb765a16acccc1a69948d9857185ebb719d3ca328f5251a4f0c50ce429dfb76de4fa0ad1a3058f14e348220c00ced440003fde3a57a07459b008bf12d73876b33c714362196a43567818b0ee40d3c2f2c6e401ed748cae475070c3d34b02e69c516c5d355fb95ed962f59e2332495ecb47daee089a73321126cdd210700abfb71bb18cea8358b353a7256355ff776fd7eea35e46e6e6eed5496bdab71496aa4934b246b5e23bb0b919791d8e589c03b71e8dd0890d4e85599d451f2fcac76feaa782a4ddb924984ddb5164be5a48c77428233211bb07f2e40d0d2700ea3473e9f2499e531a3f99da969d730c1377a605df748ed2895da4907a2b36efc89ed0a07a9c93aa25e2e55120c39aa9e21e496fc6afd8b13544b34ee5796b59dc19df63c6e15513b91c4c0cbb0b89558607419d3cadea0c130966cae715e5fc50bdc149720b5056e1f64b3370f156a6f34a658e478a45c9592051174dcdb998b1f6821434adc83e7c3921060cd4f9f8ba1fc2795cf072b4ef5f82bb2d7123bc95a086b4cd63666195da11099bb73aa3f6e5251bae475d2dc848c1b3e9d1d4d40614e9821d6f9503858f8b8ec4f764b32259bf6ad312c5e33232c50a869076fb961e5790e199dbd00fcd646d977141150dc04924f4e9e0bdc27230f196b8fbf2c02cac52cc762bec601d114ba12ae9b955bda2446427f3291d340c6551c594a1533f92c362bf1f43919b90b352b132dd9a19e38e779923ec568e267595520af00daab8ebb9fa2e4698daae014048c0b7d3c114b3e7d18f218395a901d9fd43fa8586b51c0f380b2b8af14215422b415e4204872cd21ddd36aeab16a55ea4088e629d31f9a9ea79f76786fe9df51c8550b7cf69eaac52a9ab34a92b56066708928c164fd393248fca3393fd7340d9222403d407c7a7d507f22f216bf0dc92a5796a8e6a446e42393dd046b55f3153aadebb72892ca4ed25d400a157ab081188c128d2f42fd31423908e4fabb2ae47fb56c74f99d087e20a74e5f6ffee5d6f11f1f9b8e5e3a4b925e9649ed4ecd1c62277d90af6461b7fe8c7b8f73a6fe98db93a93b24f5a80f14abc05ce3f87e622b2eb61f8d856c420a98c58104d0495d5fafe96f55903107db91a6b966520c806cd49cabddb0acc38f7e3f8ee2e3485d6546322895cc824b53148f324acc48c855c615460754890f887387dba948989c0aac23b519b514b034122c65bb72868dc0250afb5b07a8208f9e94105882ea16caaac78c73afc2f353724e92132d49ea06ad22453466c281dc8da459132a07c57e3a730a304ce1ebd3b11fb1e5dcacde57c773b1f073dd9a9f1f5fb67908e59acc94eb4cf2c97124aeb02c61d64d9df45c28f4393aadc007cc3f26c73e1d7cb1559312cf970a053d2f32f26a5e477efdaf10b21b960b3345522b95e67af4e7fa8dccf2a4e26d8922abccc99c6dc9f981722df9469cc63dea036c55fe7d30ef4ade536bc9fcaf95a7c89e239132d9a416a230b173bd5eb330ef40c6352c8b195ee15f697dcfd37e353d58441790a62e4513388bf0e9f442848cdc5d40b82a3bb8381f12a75669f31ec50e28ef80f9b5af0fe6db938ea4775268857b103b946111912466898642c9fa780482350db2734c1952f30e728f3be457797a35e6ac97dfbd34361e37612b7e7dbdb54558fd36af5c7c49d48c08c509628cd5b97f90e1eb2dcf12b1cb71b2fd14342449e78226b1c7536a48ecd1c64c83d5ba3285208dd8ceaa94a31246a8b851c0cc8e9861f74bb378cf93d6a525db1c6cf1d2aa76dab2f1ed5460e23f77cb2eea01c63a8c6a7af6cc844486a38052241c167b9f87f66abd3cd171c1741f37f24e4b89e7e7ab5c41353bd56a35ba96ea4172191abc931898acc0f55dede9f3d76fdaecc256892642425975049709045076bfc92f0f3ce7b653c2d21371ddb5a377fa7563660582533451c72904f6d5895d872369dbe9aea1dada0f59d727a1c9566a19878a9a0f3ee5bf502c3c7d66154d4e3e4868c712d28e494cb3fd2c6adda569cb1123b23363a02bd7206cec815333573cfaf9050cc8ab0cf8f7a291fddef2286d5eec434a286f6cff0077586758a060a5647857bfd1a6dc7b8cd963ea08dab85ffaedb988794a9d55ebeac9282780fbf14bbcff00213f31c849c9d96dd2ddb334ae90a1d880ecda880b13b634500649381d4e7275aad5ab56edc402433e5f7404a66448085fd344e54248718ceed9ff002eac10880e4f87dd0d7256f89b93d0e56a5ce3ac14bd55d64aafd9121ee0f4f6b6e0dea7e1aaef58b572d4a133e590634cbbd0d4635644387e639ca144d1a57e66e3269a255a86179e0924edc91883b6c1d584a93b868bf9f39c640228dcec76d33aa6dadb1662ce0ea77c8815c9117651190ed52ff98b9992680b59553567b090563542a46f3471d796af6b67fb3314691f64fa0f864ea1f6fdb333bbc439ad5899093be2ee75292b92c07d157e53929af7667b7322ccaa6011089a2585216d8902460011a463da17e1fb75a6dedadc22044bc6a5f1d4f89e6fc5037093821f343165312ae371ddd1bf6e7d34f18c317f0504a5c16f0f6fbaefdd520a15f47fece9a32845807f051e4d855178fc6b9b8923b9c746b76b4c1b6c4033b27700121da36b75c632a7f03ac37cede72d129e921ab8618742b7ed37b7ac9044627f2a4aa06a604e21890007070a2d078ff9636234e37f4f6fea46216025192155fe2db7d060ff006eabd1b5632373cd917a8e6383e6af8fbb5f0f1108089fc801498c8498b911cb03c493551f3fc5f252713c0473c6d1cd9e44bb3fb57a584c05fd8aa31ae5ef7442e11120c74c7e6b2caf4ae4e539625be0cc3900a2ab9842c05590ede8410495f87a6b16249424193951f25e26ac7e3925f492ebf0cd698fd3aa472c52196292a48c1804976b066396ddd064fc0f36f6da72f5047cbaf4e3d4757523a410c8e4be55c0cb4797af5f9789e59ec5b9780b3224c8f567792765959366c871bc11662fd470fee1edc0c7fd49eb89d269102428c45298d7869c28980abd317ede3d7cf0a20dccf315792a2e94eda5c47af4ebcdc6c75cee7e662991ed72632a0013207fd6fcefbb6b0f5d5d62c4a05cc48264482f85b6a43b3f8e03151c361d7fe6e9d892fca38ab950da9aca76849624451d0e7a96dcb8e98c1d776c4c1000ab4557a6ae97603faaa063a11d71e9ab4b33a8e98b82b3f49cbd3b22c25268dd88b8f1779637d876129d7f9881bc0ca7e71d5754de8ea898b6a0d861d3ab3c12b5174fa9e514395e42b7191723552b3185a40bf573bb7203b4ecf3190ac56abaec66133a093b817aebce47672844ccc64fd83c95c3389ff0e0ceaf000c31c7b7a6687798df8e637a090ab4a24456b50b17dff94ee776085a523f3923d75bf6d0d262d93f4fa2534183777c90f7e16c71bc7272154acb3b6d3347382eaee7dc55d7d08c8c6dc75d5fea4664839f04c62c9ab8bbfc358e4f9c855ebf21c7dde52c4dc8a3ab0966af2c28d0c3046c02b2f791f72c9d1549c75ea39b3b13898338d1061d6f89ec6aa1a44b11f656e5bd4d6f54b961abc93b959b9caf123c82cd3eab5abc6245cbed1d764840563b8600e950b7216e400353e5c98d351c7ad416c6547c7a0ea756604fad8608ac4d158edb4a7962a0b0b30b0021aecfb10bf6fdded380bbba7a74b48119795da23cbc8e65110e2074e9925de47c625a9c4bed9186d8e2ef363258a9519c9f4d6cb5772e65430455b8b914152a49070491d7d7e3a4170275652a4f0d2bd1a46acd344aa9b90162c92a380af8dca080738f5d55391263d7e08305b59f2de138cb4d4b93b7591962463b44d868c16cc6a9dbfcb92bdb85ba6324fe140b3394b5444a9f1e98948471f974f9948be67cc703cbcfc64fc67701a7c7d887050601492629b88ea4b862c4fe3fb46b76cec5cb719097ef983f0493638f78f9a4683b5271f89642d2bfe54001231f1d7564dab0c12805695d55275288ee1b3b8631d403a525c3224174dfc673f14b7b8ab0d7eb71b271bc2c75d65d92d63df86f4ce902cb5919a2678e4569655562c9b97f331c60bf68f9a8663561434d232388190e35523019347a63d7d6af7f9e78d13719613917e35294e274a9c577e01b21accf661923c0893eaef22f6c27b4a37ea63a9193fa3216e434ea94f39732c0ff00a638f3c3827602448f2bf52e7b3d8b32d659ec36fb32cb3493cbd3dd249b59db3f8b1275db842025a47e2006485cd55690c4f8241520fc34d1910e83229e13cc43c2f97f15ca4b276ab56b0ad34ac9dc290b65646550aedbb631c151b87aaf5d51beb3ead995b02a478e49807c4a37c173d4b8ff0018a341b978bbb2d592092bf6ed29e3ecb89560b281236859e37904d2ce8c65c61507b7ae6bb6b5de94b4ca98171e6c1c62e06423866517901911f03d3357bc9bcae85cf137a09ca7d64eb050af1a98ac23b4f5245366726451118a628d2ac8713b3be1c05c8d55b6db4e171cc59cc8e20d0fe231c460c3ca0040124569d2bdbcd23f22ad1f2365bd54c8c49c9e84b1d7547e203250aa185d82e0e7d7a68921dd3ba2bc05dafc5f35c75fb307d4c14ac4534d0ed0dbd6370d80ac403e9e991fb46aabb132b72112c6410201c93c54fb85e3d52f0b96ed9e5dab208e7a6952d42b69dbd5ea8919618d5976a4c2c2ff002e63f736ed7167edd78c74c469d47178f97adaa788d3c7cd40c8bb8a81d5d314abe41ca57e4eff00d457b3f5ad1d011dab8b0bd78e49bea5e426386525902c72a21f4cb066eb9dcdd2db5936e3a48d3e6c28726cba928116a7d92dcf1b479651ff0058657f87c75b1812a00715d1cfdc4e1a1bddbfead25ee39acc572791a8ba5894a1736623b9904525bdcbb1a2c2421028c7563c43edc4d4c1b10da8767fb737ac9d08c08cdfbfa76552c41e55c4ff0048a5c24d72ed3ad563a9665bd1aef792dc324b3d98f60915b0ef2a2a317c6620c40046dd52da4f59b80449f306e458038722f4cfbde532713dead729e6fe3fc92f348f7390a4be41c843cc4ed1aef34a4ae58ad341dc4ee83bfdb20d817b71e57fb955bd95d8ca32d313a018ff00981cf0a370e67b412300d4f0e58512e72dc92f213cbc8ac7d85bd72e5a1016de504f377361701436ddd8c81d75d0b10d2349ab003b8200321c0972c1403d7e3aba88ad49dad8c75fc34102e9dfc6fcdf89e2788352c2dc9e7b35a4a6ea6bd59d2bf70be268a495d1e689432ffb93811336e62d93ae66e7652b9371a717c487e45b3ff1e203064c25c508f20f26a3787251d28a588f232505b2f2ac3186adc6d44862511c65c45dd994cbda43b102aaae40e96edf69381899379449b1c6478e6c28e6a5c953521fd3f1ff0087efd3b28e9b7eea063e4f00504ffb9c5d475ffd249f2d777d9adc8db91009f37c825ba588aa548848aa7dad8c904635d5f4664fe27b955ae3c42f4914840628ea18641c743fd9a6f46472286b068ebd0c40ab1757c9c60e3427665831ee44dc1c53478c72fc771555e599a48da69366155ce428539c263e3d35c6f7df6bbbba85b8462e23291f871ed5d5f69dfdbb0666459f4fcdf0ec42b999a19f92b76e098cb04ac5d1f0deac016fcdeec6ece33addedfb79dbb10b72890621be987258bdc2f4677e441f29fa2b7e07e43178ff0096717cb4d33c1560908bb3469dc7ec4a8d1c8154863d43632bd7e5a1eebb23b8dbcad69724532a82e1530934810704c1e29e77e374bc222f1e9e29b89bc25629c8c4ed30166cd5b103f2255235955a1dd126d472db7aa0e8c1b9bbdf69bf73786f03ae2df89a7963289d18b79bcc5c8c692c9a03121b9bfd15ae4bce386bd270151790998f131f2347fab985c3ac9678faf5e3e4b6e1656df652493a93328ebeb85d2edbdb2f5bf567a1bd4d12d2f9467297a7c079587f024b61541c019163e3ddfa2bdc2795f8ac7ca49372335775afc6d4aefcdd842f34d66b0ed4b34513432ccddecfe6e927452c0ae71b6d6dae42c00018ea9ce423fc6322e2342d4ee583796652234e2d5c19f3af8246f26b552cf3b7acd64af0d79640228a9babc20045552a563801240cb7e9afbb3d35bedc488c417e9deacb113a00c3ad49e1dcc41c5730d2589bb552c53bd56c3ec121db3d495230bed6642d2ec5de982067aed2754efec9bb6fca1cc65122bc243be8f43f165aa2c241d3670be594eb71bc2569b9f9626af6a8c961ea8b51cf1d5ab56513d3923502001dfb70ab42dfac0ef9baf51cadd6c65295c946dfe426cfa58ca521a640fe5c6444bf1c209a34cfe1f4c7e2af45e6d05bf1ebbf5bcd0879ae4a346e3ef76ed46685b60cd30915448902a1fd249eb65e4ddbe4ebd465bbed328dfb621026cdb7d41c79e3466ce4f898ca916609bd48e789eac7a6652dfdc0b756f47c6dba7234b5ddee059cc662eeb2bc6924db07a771d19f1ebd7af5d48db9424d20c748a70c481d8288b8218714a9df7f87ae08dc075d30018a1552d392b8b709b6cdf4c5d44847c013d73f87cf1d7497612d2741f332d3b3f48dd8facfe9b876e1f4e2d56c2a8a41171cb5d5fb2b207ded03332863261828727fbfe8148da3f6eb9739dd24d4839e2cd9b7571c57a5b5b7db0b625a04a05cc5cc75195584bfcd80891a4626a546f1c313b18446909ede268ce24fa8328dc99539da133edc6df88d5b66ece4c092fc0e1a5b1eb7cf158bdc2cd9889688c3433b86d5eaeaac71c34fed6d398643b9b9a579ad06766c4b2121989ebbc827afc75d2b521a7b9700394221ff0068a738c9519fdbabf141158d48de377a75209d54006455de2c71e4666675b26540832029003f4ce47f36dce7f0fc7593726f0fc1b481db974e8175fdb6ded247fe57f50cc360cde6e799677e406254b78652e6d200edc1dd5dfd43e72d900900e7d46976c7ca0977793752cdeeb6e31bcd10079438e05aa1b00796087adb98ca9f53666ed2b2e76392ca32325031dbbb1e9ada2390aae7176a63923f525f1a30b6c92d2837690b97ee4a23b0b5657923b08820671b3b637b381bf3d3d358e7ea0c83b499b070298f3ec541f5448170e41c1f1e35e9e28dd46819e8b72895aa89a77ff33c91cdb1ab71e368a92c7b253db671bfdd18666c2e475ea8c44d812d1147fdd2cc6156fd153a9ff1333fc717d547cbaf1a05041249d8a86f7629cd24933790f627d86bd150bf49347b257d8ee4bfb9373361323ddeea2523a4e9724fe1ce598eaf855184886694b963f951f2ae7cb8250b7c97292a42b62d4edbe08bba9de72a4edf882d8f5d74ed5b8b96c895b75138a87fa97263d6ed8f68ff00b693ff003b4fa43602a89771558fea5cafc6ed9393d7f5e4f4ff00ada863124b51936a2ad5bb3564ab298de496c0aaa5a69dc9756132a9db9272c54f5f90f4f8eb1445ed4353319e59865d4ba369e99d0e67e93bca8d2d6327ac88356a00c46325995963b558468914bb6cf716261b4af6bd857693b97f3619bdc7e3a966a64e4e9a63c5ebfa0a23eeb6e108c0c6318cbcce22d8797490c4ea18b48f9a557419463ddf000107ae7235b3118e2b8e02955e4f5dc72c739c9d58431ae4a470a29ea1a9f54bf585bb0148247cf1fcdf1fe1acb7b5fa7e4fc96dd90b3ea8f59f472f9e7dd9a947d0196355851524a9281bd8e5645126d91b07f39da3a7f0f86abff943f99da71eea38eae856c8ff0058ca3e40c6ccf135d435b4cd7f2a0a7fb7f6aaaea7e8aba9246d793a01f826b444d49e2df35c7ed55c803f2925b3d3a69dc3b1518aca452e7e2300e3f7ea7a9982835132789cbe349cd714f6aacf6254b31adb5b72c238fdacfb599a308927b10e7dd26ddc3dc0af4d65dd42e984844b794b33eae9e2a9b82441a86e4efdff00658823e193c03677cb737f530496a396321d830990a47213d62555476e9f98f5fe5d49ca477031f4f4cbab2f1e9c52e8b9eabe4d4fbf3f920dca248d7e6c6e2a64391f2c1e9ad16ff1775a28c14308631afa8f5cf53ff16892c1351d7984a01c16c7ed3a8484196d4e4aeaae9615cd8674ecc8cc7b4bee19dcbb18e07f37cc74fc759efc6448313e5abf1f8f777ae96c6760448b83ce74e924f945462349a0fddc63e5a62a79d43bbb7ab7d2626dac24fd41367ab460231dbb7d3f67c349b7a0c4fe54ea6e7547dd27094e24697d0353112f36a39c5a268d80a0606a10e7899c91b5cfee63ad9a9730b60b3512089a516eac92a947080657dc5481eaadd7e47f97f1d67dc6a20682057a74cd6ed8dcb113237a2640c4b316f33751ec3fb7162ac3b2b4a6588475e531d7c1d9b6308b191320c82327a647c759b43062e43cbaf1f29e982e98bf6cc89818427a2df2881a4fa91ae783e72ab70399e546ef08268e3cb03477285edd7c9df1b7b7da4e47b4faf5f9f5ac40d1c134f37396479ad12dcdb69689db897ff8dd869b75d5134f293c0d4d78d69ce11914431b087bb3344b82308ce0a8c7c3a6b75a70189ab0ef65e7771284aec8c3f1d45ba9e8a2025f8230c9e800d39905490b1f4f264314200f983a02710810b3b4b100a953f0cea0238a98269e3f94a30f8bbd392c1111e3eed59b86ecb13372162667ad7720769bb4863fd4760e9dbdaa3d3386e5b7bda80ce2753e11188ede1cdca98e5d2b974c503eea7c87f66ac609f4aeb3cc703c2f25e4b359e64ce9c652a75beaac2cf1d4af024d34aad33ccedb9e6503f42ba2132b74c800eba7edfb9b96ed9d06a65ccbd380f8e492e873d38f13e3e0abd9f04f1415cd34b2f5b9869e4a8d04b74cf344906e76b6d0431183ea0c28f24b51ec2ec0a3dd96035be1ee17417778f51ee77e34d401ea550b75afcbf56f14da3ed1f855eb33aa4d738ca72d7aaf45ab5d86dc68678e425d9a442c54b22800939ea4617d327fda5f1525c825f1097d214fa04b56bc07c5a2ab6ec46bc85d82b4c6b24b56f564ef2d7824b1348ab2c60ad92b1857aac076f3b817f4d6987b8de910f2626b5d54ab36387f8b3e4a1b552dded1efeae58f14a9f717c76b78b73a782ab726b4f4c29b56589512c93224c0a2606d458e445ea4fb831f8e07436dbab976d0992ce4e67abe296301a88e4324b35edd851b44ce075e9b8fa6adf5244bea3de9b407c03237e1f46a72de4fc671176ed9af52fc8616920c3b862a4a2fbced50580cb60e07c358f7fbcbb676f72ec7cd2845ea4b2118827804c5c1783b5bf06ff345cb7636ab3db92bd69632bf415ebcd232ee60e63b124b5c85dc308bd4a93ae76ebdf676b71e8c712d173abf394a23b62049cf13814f1b1a9c914e8e7e88927dbb46e087911e46e2d29214e520814c4d22f18d464b8d0bb91b7ea59e3edabe0263de53ae0679ff00f4576178586066e604d5b5ea11047f818b918e4f9a9fd7891d787cfa3a4cf2a8a6e35b8e6af3ccd5792a10f23596520ca90da1bd22959422bb263f30500fae07a6bd06df773b90627cd09ca05b0262d51cabc524ad441a668325f9c120bb125baa9eb9d69f525abf2344344464b636ac0013b8d8db8c7af4c9d017a752e9844225462936c565ac87ee16c43195ee7b029c0ddd33ee25b3f971f8eb05ef70b8246d8770054e157edca8d8f62ebd8f688cad42e4a516999796263afca016ad1eaf27a400ae2ad4d0aac124df5465ad082d29554cba3671db1d4af5e9eefda359e1eeb78dc10234ce5418d08fe473e40546056a9fb0edc4257633d56ed879600c81fe031041a132a1c63c147cc49247c4f0b1994c8105b233907066565ce3a7a1d5d6446f994e6012587738a772e3eeacfa3330069423fd51121db54c1c3707e3d6acf112352b73d3b3c47d472064966223b22fc9564b05690ef341ec091ac7d412a5f3eed513b711a8010712a50546976f351f8bf62a4b86738f87c51b93c2780ac1d471f71e6e3e7314d0cd2ce44916d7713da9635da10a26f8fe8fa9251197736b3ea8caad0f3701f0af7ea61897a2494ab49171953c694ebaa0fc370de32399a1c65aab2dcff305c6fa28e6967ad66b71a5e48e0793b3b54cf315dc57aaed03d33ab276e94111e9c6b404193547504c2219f8d1fe6939ae453c827aa9f4b04bb5e3ae25797b6a7a84123fb9b1f33d75b46ced31d5104f532594dabd3e0114f16a7c7729e4bc7d0e5dacbd2b760579be91d566632fb53ab86e9bd86ee99c671d74b7f69085a26318380f5e480b8f893d68e78a788f8f5df1da17ada4d2de3492fd8fd5b2aae5a59634493b51b2243ec5c98dbba0fafb759b73a6339698c4076c390e78f6376ab054e3f0fa78bf666aff0023e0d5bb5768f19ddfea71490fd3dbb124a23786c48033b8edac42181598123f5772316503a692d9b6d1328c74d5e95a76e27b988aa52e1ea5feb865f0cf2412d0f1d97c7a4bb4284aacb7a2e3ebdd92dcbee45afdefa97848dbdc9021ca7a0cf4031ad11db47d4a88fe24fe3cd9b1e78a604b172687977f4296d2797121dcca18b02376063d7d35a7fa76dc060abd6724d3c0707c6dce3637b715f79ecd8105692b282ef2ab29114119ca3a146fd6964c08fa6dc9ce71deb308c8b461867f3e1c866a093e255b3e2fc5cf6e0af5eb5a97ebd6dbbcb4e632fd33528448d0c1dc5d928b0fec47988f5057f151080c447cad8867d54ad72cc77a67a032353d47e18f621fc953e1a83cfc9fd399f8e836d582835891164ba620f398a7c2ccd0408d9ee15f7395f553ab23b78c836902722eedfb7987c4f0e0f9a06648a1f83bf6510df2baf52972f66952aad521a8c61dad334ccec0e4c84b81b49dd8c0d5b636f6e401689a3e08926258e4a856dd35d82191a628658e390420cb2ed660bfa71e46f7c7e55f89e9a63b5b4204e98d704ba8b3ba7983c57c7278fe8be9ec41c94a5e096692695aa577894b48c6c2954deb1fb983831f73d8a76f5d6268c64ed1d22b854f675f85533390df2fa63ca9de84f21c47149e39c8727056b95790a93a574a4f2168c451cc20799bb8ab2b493b3f4503602a76e7d0591b312445a044eaedc9d8654e8ca4f0704d28ab8a9c3d286ff1d7b8d6bfcb71150cbc84e2dcd0a8b46dc503c0162254c75d6700b7a970c0f4c688b303212022204b0a64c4bf6b77280124f2c7825989de37255c8d84e4ab119c8fc35a7fa96c8c079907608cf015a85aaf72c5ead6e7ab552269de067db1c531652e0a659ec6557b117e56f733fb50eaabdb7b62548c3975fd389cb2a9435f9b1a74e3d0a6ae47c4385a6827ad4e6b8e979b8a6ac27b4a4eeda0dc6fd30ecd16464c63e9c961fb0e28689345a3178ea76f0c7e3e6e49b490e49a3e4df4efa76a13ccf8e719c75aed5882cd6afc48966e59e47959acd749234a8bb80edc766d3b6c748d8246aca73b836b45b8c25e60205c011a606afd60716ad52ea268fd3a53b904e724e28d5e364a7c6a71d2da81ed5964b36a652dde961d91acccc022f6723e39c8ce3575adac2a2401aff103207e7d49886c1cbf4e083095b6005c9e831d49f8eb40dada7fc634e4819174ff00078c78e7f4386d4d46c41752bccdd25971348fc5cd7219a42f989d3741bc2d6dbb148593275ce206a2c20413fc453cc0533cff00763929a9f8d39fda9f455f88e07859f8d9a4b35264963e3e3b14af24d204b96ad5192cb230398b65478ff2c386f69ee31eb86bd180900231fc988d22804807e35e74e1cec11c06aa9e9e1c737cb2ade3d46843c870d4f94a09c859e7ac577ec6fb111af45dd9118185e23ddb0def5eac3b607f7b1a7b96ed91394748107fda0b9e15c867cfa920ca98a5997904b47ea23aeb521750eb5a3323247900ed56959e4603fc4c4eb58dac231112227fd211d55a227c2446df29144d564bcac1ddab26e058471b39388d9647d98dfdb460cf8daa4123497ecdb0308c5b90e9da6831280d4704e27c37c5161e464aeeb2d8af357962e3bbd2a4a8b2539258e9346e7b88f6ec2e36b33488b840fbf71d73b5e0f119d748e2ceecde51c284d59936821cbd2b9f43e0ea949e1942df072b5468aaf91ce78d965e3a59a5038e164b096268d8bbed640666ee967445f9e7368b9189631061e6f3691e66e8d4a150c4b3f725eb96b829780e426e3f8985d2b58a9429f2b249644e63960b0cf61d565587bb2c95f7a663f6afb483818bc6d889c449aae48d31e54c1e99f340333d5df8a565770ab9724ffced68f46dbfe23b90aa76f01e1bc6b91a9ca9e6390860b1dbc4113c92c6f0429b1e6ba18298ce036c556381ee2ca7dbacbba1a08d117af01d8148832fd5164f18e3a4354dde2a1a46c5e96b730bde941a1c547fecf90d8f2b326efd4fd67ca3f6c607b8eeace6c4168b8f2c6b2fe3878635e497500c0bd7afa7c909f25e1fc5f897a1ce5092a5be26b7190182b113cab7f936967855a749846555843df9530176aecc7bba981327898b48c8e43ca181fb0e65121a8f8f34b5e65678e32714b4b8fa34164e36a5c9fe8a364df35a8c3c824dcf27e461ed0318d5d62018eaad48a81f45613c3e7f325018a64126700f51f0fc357c6113978253c574ba9c478bbf8d7192f031d1e73c8d52d08ea4d0c99b56c9a924c92c131851c548a791620090705c6e39d98cca5ac8234c78b0a0f367ccfd3ad640800f1e04a336b80f1116e05e038dad72946cbf4139fa5bd25eeec5bae9ad1cf246b6be8e51dadb3310aa77a918f7556ee4ff0077c19b83d0b6ae289880cfaabd7f223aa9db9a5a81383e27ca2b55ad528dcafccf26ad2ada5af72ad6e29ad18e0815e5ee6c79233dd67dc0aa08fe67569129c1cb8d31e0c4c9be1f344635c3ad285ab2d6ed58b2f1c10773d62ad1c7040b81b7f4e28c0451d3e1f1ebad9188006295ce4aaf6a3ff86758b484dacaec1cd8f3493cb7e9bc52c490dc9e9c1dd823b552b9976cb318f6c76d9448ea7763664afe1ac9edc6c0b44dd0fe6e7c392b2eca4254ad383a06f6fee8c22c72b667b16608466d3a58e3ec476238184c596288badb48cbfeabc6ae002cae71b86ba8fb32d102a70acbab31e5e4edc42a8890e5fe9f8a31259fbc559ebc323d88ca49326d8ac7172af71f7d975b4119d57037b2f7b1b40c2e318d5206c8bd3ffe5d54a7c1494a6402dff8e2815bf20fba1c6c166c5abbcb55af5268b8bb1349da016d440cc91b314cb4fb06e328cbb29eae5586748b3b320000126b8e5f4e5872504a438777c79a5ee579ae43986af6796bb66ecb0ee85269dd5e411860fb77119201738cfa7a7a6b6c6dd9b70023122a7e48133e48787810ee1dcc0ce7a21e9a8d001abe0857346e978df9745cacd2d4e3b90adc8710b0d89d915629ebb4abdd87018a3f71a3cb2a2e5f1f0d63bbbbd91b62329031b8e2ac449a92ec1812688475302073c0e0acf1be37e6556441c771dc8c12ce23e46015d1537f610aa49853f9d5672a233efc3e36fbb497f79b19d272074f94bb6788ea2d8e14c688033c8e35cfa7c96bc5d0f37e4c3f2dc6c3c9d9376cf7a5bb10004962a2b9591892a3f4959d771f68ea9fe1d35db9b0b6744cc4688b316a0965feaa7338f34e65325be5f454bc822e4459d9cd09c72f9736fbfb0c9b8e08c952571b48dbb7a63d35ab6d2b12b5136fff005d74b74e29499b9250dff754973bdf6ab0c9c0ff005eacf23675ea41a5c42215788e46cc0d24346e4ab83b5d216208cfcf554ef588911326ed8a6f4a7c3e288d5f1cf26ae4b41c6f201fa2c83b1fca7048dadd3e03592f6f36172939c74e5518f585bec47796a46568481018d322ce18f1ea59b547c8a2685a682f46a0bf643420024e73d3a0618f81e8069633d8b483c6b8d461dff756c6fefe7a48323e6f2b0cf860c7903402828abf2f2cb1701c1b7e791df911219954bee59d323aeec6093ac3bcbba2f35a24434c7e7f259662e4a52377f37af4e8caff0088069aa729c934e2bd8e24564a6c2fd5e217fdede6ee8faab09228ff0067d1063764eb14f71708acb1e2974568fd9d28b7f20e46ff0003cfdee378fb930adc64cd5e9e5c0748ce1c85282351b89ea5000deb8d57ea4e59a862c1912b7e2a53c6bfcd2fce44f3a8373ff0d299deabc48909559563943fd43a2b393b3b4e2407a619ff00b57051ca100f5e9d3978a4a82d4c645c471609553fa69e99fd9a73b9bb86b2a18c6b452dfb766bbcfd848d1e395fb4cb1aee0558e36951bb3d3e1a78eeee1fdc704c2d8a513ddcf0be678ca3c53f1afc918649ea4b104351ab5496ceedd294a3359951fb43777638dba360f5e9aaa5bd32a13d7cf97e2148da969cfb8fd530c3f6cb947e329aadcb304735a637a84c95fb71c33348b3cca1262ad2346e83aa296c3e7f328d57fdf3a9debd3923e85c97cf1c7e7d2ab3c87d94bf1f1d0bf19c8436ad33b9b55258a344da32216888f6eedbd1f77ee274c7dca6cc247a76211dacb348dcff0088790f075659f91e39618576aa4c628c2ee76da7f1c1f86469a3beb84fe65495a6c55bf05abc8f2bc6f903b5cb55178a8609a08e9fb611249de6ee4c8030c0fa7519ca7afe6ce06a4f71360e5fb92e96fa7c11be5fc74d6f284e321e5ad95992bd99e494b4d61bb56acc7f9a38543388ea1ec9600a3fcd41217fb32209ece5cfee8693122bd32cfa60a3f19f08b1e437f90839eb964dca2625fa85ac668183c624921eed954712a22fb86cc6195c6e1d19e3bcb96c00e58572fa2536dc8e9db8a44f23df479bbb4955dd2acaf0892ed748a79154e048c9eec6f1ee5ebf948d37f66eb626a9b48eb5270d047739ba5526b55f8b8ec8466bd241bd51f6971f907425874c9001f88d41babb86a2447a9410190f146f93e1bc8addee46b477feb78d825829d879584f664cc91a056ab2b44ee629e7da049b06ece0f462163b99b120e3d411231d5deaff0027e3941798b9c7d8e7edc5717e8e4a5627a0932bd579d2a01916464c562550a37aedc74527491dd5c0d8b5787d14f4cc8e23c7afa7c509a5e29fee62dd9b68b02d45b165218ab9988eed9eea6c670db335015775da49ff000e8ff7eeb1f31e9d8a7a3ca9d39f14b9216afcaa471ac72d69e15b958bc11a48629eb7d4462451b80601806c1233f86ad9eeaebbea21903002aaf7822f23c9f90c7c5579acd749e195d978e8d4cd20863671188d4a86f8fafc33d3493dc5cd3e693d736fa2262d853bfc4267bde277aa5ce240e5279abd9a7dbb522a57336c9acfd2c55ea47df7fd297728c3e1176b1ea4ec10ee664bbfebdde28607163dedd3ac2adc5708fe43ccd7a8796b76fc7278e4342cad7fa9994d6b1f4adbd504f1c51ee24acdf948207e6f6e963b89c412e5cf03f346502cd8f7a19e75c1af8ff291c15e49e4ab3425d3eba048a543bdb29d1111828233b47439ce9e1bdbb2fdc6880801d0fcd2bcb6a64ad130d9966752762750a1481e9f0ce88dcddaf98a82019742fb5fe1d5fcd29da4b3c8d9ad3f1ac238a28dab88556dab15655649191418dbbbe80e47e3a59ee660d09e28cadc8c5874f151f89f8d70fceceb0f7af0e3d3eae4ac6210310914b1ef4dd22a43dc78f3b9a2c8cbae40dbd67f6eeb93a8b9e83b12fa61db2e9cd5fe27ede519a955bd67917824b22f2a854ae1a39a1778ea6f32bc71a26d8813993de595415ea42cb7536624f7942310464df3e9d335cfac4966bbcb5650a1e091e1954a264346e55860647423e07569dccc97123de9f4e642ad6f90960bf3ac5b144529316117a6d6f6e3a7c3491dc5d67d66bcd0101c113bebc0c5e32bc9c5781b92aa915cdfa0cc267701d9eb2d6ef633b9b064c818249f8a0dc5c7d3aa9feafd159a062d5ecfff00b3f6f827be5fed978e54e3209a3e4675b76a7a900692d5675964b3295615c7d145f52eeadbf0a4600ce483a9fd997134c2a55660788273e8f5ef5ca6fd6e5aa402f3155a335bb15a93bac7be6159b6bca8bb72d18c852e3dbbb2bea34f1dccc96d45fad3988e0a3e3ed5978ec166525222c87b71f43b9067f2fc8e353d6b83f71ef281884e7f6d7853e497393ab6eccea95699b4a2aac418b2c91c637e6297d8a2424f41f8b28d2caf48667bca1288ca9d8e9e78ef0ef19b1e47c7f1d6684c8d72bda75ad04ced1c93d631b4ae66670c9d91bfd99276b2646ee9a4fec5cc8b77fd735230a258f30e2bc5e879ed3f1d8e3bdd9b46a549eb453c51c904f6a54d92c724896bbc1a1954ec3b70df2f4d4f5ee104bd3aca1187f215cb05cbeef3314f3b49c72cb56a3050b04d325970c146f265486b8396ea06ce9f8e9fd499c49ef29c442dbeb2cf66ab094866326e231d70540f87c34a2e1ad4f795183ae83f6d3c7b86e765a35f968a5bc6dcd78cca249228a38e9430148e4ed942caed6f7ee56077055f4ce44ae4c7e24a1a06ac11ee17edb78b8e32b5fe585c7ee5fbd0b4362c4559e6ad04e2a280422ee35887964da0138c1c2e3486f4a801481ce23cbd4817f97b89abc2d916dae0711cd389aa2bdab0a57965a2b561898d78e41db8cfeab05eb21257a2aea1bb3251062dcbc173f92c5e8e4304cf2452c64a3c4db9595d490c181c1054f420e9cc89cd3800d512eeb7f7dbfeaea8d4a69e8cbb472f278750f36e2b97b9197b341639232b260e01900c296553f98faeb47b75add5cb52100f17ae1c15b3106738a1bc659f01a50f0eeb13adde060b74f8f4590346e971a667dee5c14da6cc9fcadf0f4d6e3b3df4b5797f26270c9be890cadbe22888b7917841b9c9a0a90d5a3cbfd47d6c95e31f51289609600d2ee9181dbdf624290324eab8ec77b231f29f2e1875fc93136855c6599c957f25e47c1b9ca5460b11ce1386896b7161a46fd4a851230f60efeb6310ae586723a7f28d35bda6f6122446a4f0083dac1d2fb709f6f96240616c176ffd349ea76ff8b5acc37e4068f1c8202565f15aaf0bf6ed001d9209c807bf2e7d3fe769346fc9fc4f705253b2454864cf579df078f987e5e63625baf0d61be49bbfdc6ab0ac01a4efb3957f6822743dd5eb8fcc75ca9fb5ef8c3469f2ea97ed66d45e8d97f87f13d88ca5649ac838e6ae721e55e11c8c51c77167774bb172bdc59111d6c404b43002bb73026e6c13ee19f4d51b7f66deda26508fec30c0b69389ff003226eda3432192d2af3de0f5f92979080d9af7e5ab6b8c32c32a12b5acd97b4ee15d8fea0924236fa63f986a4fda77a6d0818ea8ea8caa3f744088ec608c6e5b77120807274bedd5cb125c4aab14726e6289314404e033ec8d9510c846f60a00c938e9aec5bb7bfb7661069167c9f3c2b5ea55eab18b8af35171f0f84f1d3f7aaac092eec0776ee303f252e5b1fbb4b76d6f6e794c64dd4c9f55989c62e8e2794d15565fab5eabf1232067d7fb35cdb9ed3766448c2543cd6ab5bd8c048031a8cd94e39a8e491dd5df0400ac474ea064939d543db2ec6118e9cf82ba7bc84a529be2187802502e4bc9f826768ac4b3f7f0d196303328c7c55ba8206b4c7d9b7322fa282a2add1d5f6bdd2dda0c246a18d01ea38d5b21cf14a3e74b02d2e18d67df0b3df75700a83ba588fa103d356fa338ff00ec044f4c7e6b977efc6e5d9ce1f8ca4e8170dcf731c4fd4ff4fb3d98ee044b51c90c162390444b26e8ec472a654b1c1033d4e87a6ec167931150ea4bf66e7253cd7edcbf556ecb772c4842a97723049550aa3f70c6ab108c78a864494c3171fe416b81abccdfe78d2a13dd9abc4d32cf3597927a8607931046f3c90c9157fa6009dbed381b72758ee6e611bde9462653d3aa8dc4664e357ea4ce48a80dc557e5fc4aff000562b77ed56b8b3dab1593e8d9e46ee529522915d0a82acccfed43eefe2326c6e6375da32891106bfe2766ee424e1779f0bfb57c5f8fc3fd4391896c73b61da52640192a8724ac71af51bf1f99be7e9e9aaa774b32d966d355382f1c5a312312cec4fafc75989256b0005e4a24a8c280a7f94e80926214a948abec03d9f13eb8ce9c2ae412c7dc1f18e52ef096cf1c5a49e350f1552728e5581652bf1053231aba12ad70544e2e28be629269a8f28b629bec7ad3a4f59fa9dad1b874e8d9ddb5947e6f5f8eba7a22455622485b43e5be45496bfd2df68c57565897b513021c4cae1f721eeef16a5dddcdd9dd93d40c11b78d025d6f884c9c1d8fb81c971b6f9fa3cd9ad34f685091608fb5627996ac5145187822548a2edca91a0675456f76011bb592fee2ddb9699035ee45cb6aa014fb7243aff88f90f214f90f247bd52e55512b3dd81645134f597fde2358e38536322a862ecaaaf90c18e58891dddb138db024f8e547c33fba13d58902bcfa74e2807d5d8ad7a8d8af26d9e048258d8a870aea32a76b8653823e235aa22922466528c19561c97226bcb11b52ed9a5fa899833772498060247933dc761bdb196e8493ea49d3fa51a0e098c8babd0795f91d5e4a4e4eb723345c848bb24b0b8cecdc8fb0020aa82f0a1200eb8ebea74be9000f353d4299f8ff001ef206e2df99e37caa392ac51831c902df57eda493b2a888c2a42f7125da36e324fc3584ee6d8b82128487fb71eb7e05179014229cfec84f21e37ca71fcad6b7c85a5bb2f262e4bf56a657ded14587903c814cb1b1900495328fd769f6eadb77a33812011863ccfc788354a5f03d3a772572aac8cb80ea7a631d35a8db0ec422091574725f27f25b0a639f98b8f134525764ef48018a5dc6446c11b83ef39cfa8e9e80694d98312d52547c070446dd3e6e29a2e5af72d044b678886e4dc946a268ead39ac3558ab84af19547ee47b59225c2e58139dfaa8ce2646201918cb4b712cf9f246346c81e9d3357ec783f3d779110f25c957fea492c95acc2a924f389bace6389614ff782ab233ca632442bf9f1d06b30dedbd1a8464c70ca9c4be15a0fe470503b6a347ef7e7f6f04a57abfd3c461930d2c16278646421d0b46ca8c51bd1972bd0fc46b75a0244360402948625d5be2fc8f9fa15be978fe427a50333b76eb911166700316640aedf946371f6ff002e3272d2b60d48745d88522792f91ff50169793b093aa4b1abc2e201b6c16698058822e1da4627a7afec1a53660684268ce403029afc76b7965b8b8daf53c923a6b6ac431c75ec4e4c5199dd8c5b998488d333c3b96b805fd1ba67586f6e6dc0cbcb23a477b63d81ff002c12994a5211677e9ddd1925ddad3af07c5f31f5113c7cb3da5102c9dc9e26abda2df519fcaefdf0c0649c753ebad8240ca516346f1e08924a1dca122fdbc8fcd2b8f5f8163a68db0c1072af59f3cf339ab3539b9799aa491185e0db0aa98caed29ed8c1c6de9eba616c3d1fbca8599888f7052c5e65e5fc8dd582e79258823b6f0c762dd8958c51246e0ac9b547b44780dfa60138d29808c4c845f90cd43522987209979afb71cbdf9feb6f790c97f99baeb155a9660c5cda76056b509b2d2d68834a7ac71c8883a9c671ae547dca03f65332ee3b0b798f5907250ca9a8902add29f164af638682955faaa770721c65facf252b9da6819fb53ac52878199d936c8a769c9cae0f439037dbb826588690351d8e14009c552ac62589cb7519071f88d6830086a6aa256fcabc8aed88ae5ae52dd8b15cbfd3ccf349dd8cc841728e18152e402d8f5f8e94400c94d4530705cb798f95f24f13f935ba7ca18d62a9f4d1aacb20dcef97313d4511c6cdee7cb49970111bae31eeaf46c87d2f1ceb41f1c7bb890ac81917c30e1f63df92a8de09cb73dcb17e5bc88dc8a2a3c7c83939434cccdc9066ad5a14b3240cc3b85c756539ce10938d512df4611f2c4bea9067fe389763d33526659f4e1824b951a3af4c1055834c08c63a86507a119d74e31049ec4814f4f97e668ba3d1bf6a9c9197edb579a484af7428936942b8de234dd8f5da33e835340e08824231e1b2f92f23cb353abe43778a844335bbd6d2dcd18582b96b1231c491a962eecdee603731627d7597757216a1ab4b97000e6704c253ab62983fca1e53c5c2dca2f3bc9d226e8a704d07d424f62b4e249ccb1b452e19e7b11ec8e3df89243b8b0e99cf2de464748009d249ae0471e43125a81244c99cd0f4e284727e1b5ebbdc5fea9f53c8a52b3cb448555d5a0aaecb6639e65793fde83c72fe5dc84afe6f76435ade4a4c74345c44f6e0406fc70c58d70a22048e28576ec7f77fd3ab3529da98feeca2b792d62541ff00728fd7ff00bd975ddf681ff1cbfcdf2085c29284409e8808cebaac02acbb2c841d0951e87aea440e0a54075ed89f9420ea345804351013278a70bc77248ff5d034a91391108dd90ee6db9ced1e981fc71ae4fbdef2eeded43d2204a5293b806800e39bb78aebfb36c617a533304802399cdd08e6a8c55394b35a352b0c2dfa6bbb2c10a865c965fcdb5be5ebad7edd74dcb119cbf290af07c0f63ac7ee16059bd2847f1183f52e8bc3787f8adcf24bb5c70763fa2495f8a31d89279a59299bd404edbcc4f16d32bee716a4568536e0c78618e1ee77db8b7b70758f5b55cc879b44db30700c34069c9e92a2ce60cd98e7cfa863c3245a0fb69e0d63968e25ff0076acb0dfab520b73cb5e6e466ab0ac91f211967911eb856320788aabf4fd3da0e734fde3750b6cdaa4f094b4804404a44181cc4b2693b7f27445acb53f1427c43c23899bc6e8d8e5381bcfc85d4b4d0cd28b4aaf66baca4aceb03058a8fe985c05fa977ddb3da35bf7fee3746e0c6ddc8e88697c2919360f8dcabfff00ac47f2aa489892017e99753627b96f0fdbff0013b7e557f81172c3ad44492952825d92c8644492c461a482c33761df66d20480025c7b5b5d1da6f6ecf6d0bb20c499f76a6071fdc03d29c32587777a50234d4102bc3a75244f20abc451e72cd7a1626b5c5547553336dee908aa670adb234cabef5562801e871ae85b3231721a47a0e6aeb33338b960eba553fb7be347c9b9de34719656a41318e87276269cc706da896044c62f6abee7dccf6328cbed4f76bcd5df76bfe85b96b1a887944015f318bd72a3347ccf5345aa3686a6c634faf69ee4db73c6f848695a7ad66198c7c2bd9a512d85df3da8d2526c22827311ece022e7a9c74c6b8f6f7f765279090ff94470fc6274d0f3ae2b60e9f449bc2787f01c8f19c659e4ebbf15209aa9bf2dd9e5ae6dc7611dca44f36cad99d942c42121e31bbb996033dbdd7ba5fb4651b67d4d425a74807498b54b79bcb8cb55254d345804413d307eaec0957cdf8f8b8e869f1f18c474aef315e3f7773d915c541eff00e6e83d74c6f1b8448e32b76c9ed0ead116247364a831e83afaea09668a9a09844720907034846aa25cf04c547cebc8a0a94a8258fa8ad52e57b752a4fb9d164ac5cc48aa19709be5ddb57f980231ac7776364ce570863a6409eb673d6c1590122d1157664cbf6968725cff0098f8fd6b50a4b438cb363939a424072582bb9940cf4692baedf68c9cf5d21f4e3ab49a90072618377f15a4ed6e0889c83449e5d55188c0b3e2be949a42f375ebe9d3f13ac325a61829da4de1507a039cfecf8e8322eabcb380eb1a0cfc00f993f0d0011255b59123500fcb737e27e1a75592a785977e3d4e7fb74c90af99bff983f0fafc2f9845ca538c454b998fb8c8830ab6223893a0181bc32b7edceba1b6b848d2b2de8d5f8ae5134670a739183f1d697c4aa59912e1bc92e71040e3e3823e53b8c68722137de85a745864583aed61222ecdae8f8c9db82c7545ed98bac244e9cc645aa1fa8d72e6812054d117e4392f22ab56e413f0d529d6e3259ea61164514eedf478ed185bbac5a5963055958ba2055c2ae06688d8b723af513abc44701861dc4f14b0ba1d9cbf37f874f8a5cb43f5216ce710c5ea7afe5d6cb7c01cca770553dabd006fc4f5d58e589428bd83d7f6f4eba9c14ec472a7955d8d2211d6aa66a75e04a13768996a9a48eab3c4c181dffa8f2387dc85ceedbd17190d90d2249f392f5c7565f20d564746a38601e9c063d99956adddbf359ad52c56ab4a380dc916ad263b44b621512b38ee4db3776502a2ed45c7b5475d57605bc626470a9eba641faea79ad1b8db5cb074cc766a05b91634e43af14ba63c281803007a1f8eba04e25d6501791c658e339e841f4d462e023445ab73d34490c4f5eb5baab4c50969585768a5856c3da4ee6c78df724d26e05597d0673d73965601048263232704620b3529c1372c9167f30e5393beb66df17c4cf6264d8d2ce92c62664915f728fa98d11fbfef6ec84dc490d95246b3ff005616a222273d31ab0ab50e34a86e2edd6b4dbdb4aec8691a4cb0f308b9700e97cde94aa057a59ac8366c306b32d9b32d96007ba69195e46f6fb7ab13e9d3e5ad969aa460d16ea59e5131262684165521dc012140ea48e9febd58400c1d292f92f6d917aa2fb80c6ec7a9274d1955dd0a648b57f28e42baf195e1a3444fc4ceb2d2b22293be64eef71b7fea889bb8e4073dbdc40519e9ac73dac4ea94a52f38af06ee7a6554f08f9a9f916fb21564de8389a75268b6d58a5b2d58ed1bd9d8451cdb883d42f6540fdfab63384e6749ab0f9b2ba7b5b96a02538b46464073d349771a7c156e51b37ec9ea3f598fa7f8b3aba04b762ce5885555434ea0e71f2d4280088d3b2fc75b8790aea82c56749612eaaebb90e40646cab03f107493b719c4c49a14e3a9124f34f2693af1b0d5e3e4819169cd42b8865a88e7061af216665499ce5c31627af50a483927b5b42932643fc45c16e3d4acb562575f445d9bc4b0c7172557b7c9f2371ecc16922af1d281a086954410d68b132993b71ae465dc96739ea7f00007b36e110251aeaab9c4d3a329b8b32b5394241a512c73a854a12e6068c00c036739ebd463d75a1eaa962a268c80573827afe1a3a79a8eaf719cef27c2249352ec86668a657b10c73f6e7ae5bb3622ee03b248fb8db587cf54ee36d1ba0093f670388ea28c0b1e2adf177fcf625b3c956531c1c65084ccd7204117669b28ace91ce9b649e276dd1b282c3a92719d66bb6b6f2681c652381ab9c70c8e6aaf56312c0bea3d0f4ee4bd23135aa173bdcb4a599b2492594e4fedd6b8d1db92b4d68578e08ebebd7e1ab1ca2a6e326bd5eec52d0c1b1d542145951d5bdaf1c91386478d8746570463d7545e10313af0e981e2adb56677242301aa470099e8f90f9bd5e4bea8de2b3f24f24b22491a489bebc3245d2028e880433baa22a6304607453ac172ded4c6a1c440ff00c8838bd6a0393f55bedfb4ee266106633336049fd81e540e70fc733964a85ae4f9d9285985ec451d660ccb56bc10c0c211812a47b228da2877202f129556604952724dd016f502d27c1c97ae4f52e781ab0cd5573dba7004bc490096f3398c7f221c0a46a0ea6342c28abecb7fe3d16581fa327df3bf196e5b9796ebdca3c7d2e3ea55166df212d88d3366799234515e29d8e4a9c9dbd3e7aecfb56ea36e0626265232cbabac24bb03221b872f9a19c8fda0f26e338ab7c8dcfa08e0a104d6ad13666c058ac4902a2304286493b5b9158a9f70070d903a70f74b339002389618fd553a24ecff00054aa7db8f21b5568cd1c74fb9c9431cfc6566b4e27b3149124f2342815b77d3c7206986723aeddc54eac9fb859048230c71a65c73c92ca259ebe08ad7fb2be533593042dc74a9d9599adc762c344aa658a3f76e891fa2d8594e148080e4eef6eaa97bad81fb4f4ede8513097464a7cc717c8f0b39e3394a86b5a8dc48d109c4885658e392374922678dd591c10cac7fd3adf1bf6e70120010e78a35c1cf143bbaaf9678de495bd58bb33b1c607ae49d11280a08861cd19894892497e69aff00f877e4d07f5986cc505093858abaf2d24f6d91116e44678a32f12c88c0a0c1c9db9e99d72c7bd6d27a0c62642665a581c6058e2d9f6a8d7389c390a1edf05983edc7944ea9da8eaf4923a48adc84794b6d92bc763d52c7afb3f2ff008b40fbeed22e4c65fcb097e39cf9c79e3c9298cc96ad3a7418a878ef1ee7ae71b0f20b2a52a0dfef5bae7226b048fba628edb231ca466c2f6d65c757fe3abae6ff006d6e66261aa5879624bd1f4f33a6adc1102e33396e9cd56e5a0e53c7ac5ae22c3c95e6da62e422a96dbb721256501da2c093ab6486eaa720f5ceb5d9dc5abb66138c5e32767eecd572b64973f9762b5c3f19fd7aaf2dcadebecd6ea462491ad4ad2c93052912a9773bba2b0f9f41f2d65ddfb842c4e1016dc48e470c792eefb6fb07f6ad090b821e73166c3cbab51e451af108da1e3decb7711ee2e26fd56c48884ecde303207c01ceb26fefdb94d8c07979e0560b16e5172e8a7294a6bf0f6e2778426d6dc2429ed232143019ebebd358acefac5a678ead45b1cf03f45aa5b1bd3896a0153d44386ec4b173c67994ad0a4ed24b5434b344df56e628cb3167936481563dc7d5be275d4b7ee9b494c811694581e3c85039ea598ec773e5cc49ce219863224e039950736aede3fc144ec52589f91ee091cc8c58d84dcdbb03393d7fd7ac37a1eadd95cb63ca630f81e29276a768984e928c8baa54f86e52d4b5e2ab5a69e5b68d254862864679e352cacf12aa932286461b9723a1f96aa96dee445401d728d3c555ea4462bd5fc5f9fb4913d6e32e4c938630b475a77571136c93610a776c63b5b1e87a1d436e7125da9fe28fd548dc89a0aa9389e0bc924b734bc5d3b5359e3dc476920865778dd8b0edc91a02e09edb02b8cf43aaefedc9888c8069ff008a3df8f8ad3b7ddcaccc5d81631e95f82ebfff00cbf1b11793f3b5efc5347c857e382cc93028c87ea577068dd55d586ec60fa7e19d73afec8daf330d068198fc0f25d1b9ee87710112fa9dc9e38b64f47c1c81962baf4d26d25f38ff005eb094b12b027db16fcf4fca3f76a28eb34d24937cc4e1cf48ff00007d5bf87a6a00a192de5b0bdc3b4fb540007e0074d32475255b24498cf5c75fda75020907ff00986e2cddf044ba89ba6e3ecc2cac0659527710b1fd84b283ad7b373700157545f204092be739786e620161a7a73c4b49963b664824410bc9f9125dca3633ff002ab609f86babfd7b844401f95718fd56426231c94f47fcd0167e23899ecc724e6433d1ae18b9291959098d46ecaa8c1f8fc3d754cf6727d7280a66f1faa431b67cc43a979d93944939717a8cb424e5e4af6962b4b24522257320042c88858396237607a6859f6eb805b8c6ba04b0316af6e4962e34926a01eb2e84598c33c47b8aa2244572c7d362f5fddf8eb4c76d7aa4c713c47d538900a56f1ae7d229e66e36e2c55a312cf21ad3858e365ee2bb92985529eec9e9b7afa69058996886ff00747ea8898597f1ae591e559eacf11ad1ad8b01e2914c70bfe595f23da8df063d0e9a16ee10ec3cc585638f7a594e383abdc570be4bf4b259e2aa5ab15a757532d7865950ec25589318206c39ea7d3f76a9bbb2d444671034b1c63f5cd6dd9fb8dddb997a726d5120f77c464a2efb4972372f88d04c4b33f71f32a118de71ec5f80fdbf3d2dbd85d803e5fc987ed18727c51df6f85f031a3979132955a9abf886f28e678aa70f1d6ad071551ecb246d33ac28f2158931be460809555cf563d06b4cb6d76349459b9c7eab2387a1523f09c8c4477ab4d0831fd46648a441d9c85eee580f66e751bbd3247cf53d29e2d896c4776286a042c370d797e937c12a35f553c7ab4722f7c3b05430e40ee06660015cfae8fa17588007971f3469d75504c7144acd3f24a11d63c9d5b5154865916bfd5472c7134a17dbb59c6c7edfa8da7d358c6c848c8c40d520303176cf3cd74e1eef7408099d71b64b02f8b795ff00cb881c3bd0b080568e3ee642b3331393f98281ff00d1d6bfe9dd7603c42e66a016edc1f2a16190d5b022b4aef55bb32ed912243248e8db7055506e247a0ebe9a3e8dc7258531f347ea86b028eb35b80e76ca5792b51b7345683fd2bc504ceb2988e24ed9553bb691d71a436642840073f347ea8ea6a2cf13c27905bb524bc3d5b56ad5474ef2d786569119cb00acaa37f5d8c0ae3e0752feda4da67a74f3947eaadb1ba36a62702448707f964ab7310720257ad784915d86595eca4eaeb22b3841b591baaed09fc34b6b6538d6310c430623275a371bf9de0f324cb54a44f5e90cd901a7e59281e8d8e479368a9c6f3cf6643d98238d9e424e5b01467d0753f21a71b5b918b10cdcc2c6f92f278ff2cb69e234acf7619a3a9327d34a596ccd9ecc2c319df26d3b17d5b1d34de85ca1a333fe430535857791f13e7a2a335b9285a8ab5460b6677aeea9192e231bd8f41977500fc723482d4c96a39ff105350c9653c57cd21e124b894ee270d6615b0f656263088580612120fb77ae3d7a95fc0eaa96d44a61c44cc1e21fa7cd6bb5bfbd6ed4a119485b9d0b3b74381e22887920cb6a57ca35a0c0204fca59d5bd491d3dbab61edf763111e1cc2af77b817ae4ae33191765352e2ef4f1da7a81e54a90fd45b2a9b8470a90a64700f4505d467f1d39dadd0403a6a6950b36b0c89c9e17e4e2cbc5f4168d98a349658d62dc44721210f42724953ed1eee8723a1d55e8cb178b7f98286e006aa3b9e2de402ec1c34d4e48f92bb95af5898b2d8665624890aa8528dbb711b4024e06985996932063a47346526c5c762d3924f34e12368fc80db29c8529eb534bf3b4c1639822b4b0813498f68001f43f8ea91ede25580886903e56cb2344a444b0c18be0420016278ebc5dc3ba266c9c74f7907e7f86b40d9dcad077ab3504520f14e726a2b7a2a5624a52456e78ed2c65a330d0c7d5cbb81e890ee0198f4c9c7ae87f5a783c68dfbb8e0a6b0a78bc3fca208e1b71d394660371591a37758162fa8ef491a3b3c71f6bddba450318f98d572db193c4989cb1ece09ed6e656e427178c81a1af4e9c14dc670dcaf39914eba5ff00a53fa88f2471b4b2dc50891a77648f73e222ca13af4fd9a4b9b19433117603969af0ef7579f7024bdc1ea079c8bbd75800fc28461d416b705e86ccd5ae246b6205fa76642b20543d7b6ad1bc91b743f9b24faf5cea5bf6b3431219df1c4f1c3ecaebfef17261c8ae9d00b178c3f831ee72f2a9ae6b3f549f2d2ff4a7c973bd51cd744f22f30ff2ff002b76b85b8b2dfa941a3b1c7de4e3e7415acceecbdd68a7f6beec11b757fb6eccdd8193c0012c25d5d8acb926656edfdf3e3acd19eb271762294f792b46f2413452c735a79a48e77ee46c892c0fd96d884a8f4dd8c6b6dbf67902099c3bd8e1d591ae21d53ea06c0f77dd2f45f752a558e38e0f1f884fc750938cf1ab52db8a7929a490765a4983c3b2793e1d022329c329e875a7feb0c8926e47cc5e5f415504e2f849956e5bee7727c8dc32ddad5af43271f4e8bf7d218e48fb46bc971e3358d7766967abbe3cca3667dbb49e82dfb60882d203cc4fe5d6d8f235a282ef222881f9bf331f90732dc85684c15c04ad009a44695a38228e35925c332877dbb99431dbe993ea776db6b2b768032892e4e34af048e1f0387d5005a323e546c2a720fbd71fe9d30b6455e3de889f229ab8ff00339e95a96d47c7c2f60d7a49508b8c8914bc7d5fa3469621fa762274cb344c07cb76dc83ccbbece676f4eb0c4cc9fc5c89cb51638c48ca43ad9d91172398387c115a5f7267866967838248ad4969b95b5621e45e332f212a859770dadfee528037d5eb9ffb4c74d65b9ffcf194040dc1a74e80e227c9dff98ca797f153d4ff0033f4a61f742a3e73868b89a141381d8952e0b73e7945296d527ee76acaf6039fd2fd24c3855eae1324e77cbdbef1ba65ea44bc5bf11e5a33c7cdc6a68e70764657204334ba765106e625bf7e66bd67b62cdc96c589c2ba05dd34bbf0beef419c01f01adf6f6fa2dc231234c0363d4aaf51e45c101454788b16afc55c2a7b9c07fd443edf53e8755cde31322dde15902e699ae910c2628916300244bb40dca3a0fdfaf3d72cce5fc7cdcc2dd1937156e3b164e7b83b9d571ef51d76edc9f5cffaf58e7ed51d434e98f68e2f4e155d387bc5cc26f303e8d5e2f9f3aad8922b88da3dcb187c0debd77367afa838d3cf67765aa40c41911c32edcd5167796e3a41893a757897e0d4e1814afe51c6a47c2f14d17b4b4b7362bba166ee4cac47c3273aea6def8b52d17087d31c30a38c9d7337075ce530f539d4f7d1d10e37c9b90aab463b13588e75e1ff00a23df9a086d18027226d4291c33305913b2ab08c952b9e80ed1a972568991cb58937983f95b16a56bcd67f506443819fc7b95f9fee0700f6f9cb4b2cfc747cec7420fa4963a9721ab171647b0ad8936cddf4f880a63639c9f539226204412098925ea1f57651959a891428271bcf7115fc8b831c440f5f88e3ecff0054b74a3916694cf3659994348c5d618596189891955dc7ab1d6b37a138cb5484a6da450fff00d73353e094111e23894f1ffcb5519aa729cf3d95c6de36bc61c8196ccb9383f1f41acbef17e13b71113fb89f056ed88322574cbf7596611138cf5cfeff00f56bcf2e882b53ca0db9cfb57231f23a2802add5e557b6dd7a9e9fc75142b492f283ed2324e00ff8f4145a58e7f8ee223824b25a5b36e78ebd4ac98dd24b29c2ae4f403a1663f000e9673110e53dab52b858209e71e5129f1696c9b0f46336614b53d74492415c4c15d63ee10aa587f39fcbea0675a36138cae4750c5fe0aadd5bd3123165c9ecf96c752aad3a334892d018e3d921485b2cd0b40cae646950d61030ea4f73393f25f40276ccde58678f37cbf7787c79a65c09fafe9cfec95396bd5dd79634a40bc872d6ec4d626731ae28bc8248635c3161be621e523fbaabd7aeb55bbd69a01c698814ae381ee18205cb9aa8bc8a78f91e6ee5cae4762d3b491771937ede83afb9bafefd359dddb8c2a6a391fa256aba829d692af230cf238afd9b114a2502391d555c36f58dc8572bea15ba37a1e9a277966404750f14a63932715f2be0aa4b0402e7f52e3e94ad660e2e68e08de569199d43d96669e3904cddd95c7b5f3b42ede9ac46f4242527025260f5a7fa7066a0cf374fa466095abf2dc5af0ef562e52c8b4b62dcd0c9342244dbc846165f677c9ee2a6e4dc4edf73b28c9ce9bd7b66e0fc59871fda7fcb878d10119509c73c7a766083c97abbcb7d21530d134568f155c141b628edc3320976b756658d9e46eb973f2f4b3fb30d2e64351939c78114a7726e38a1094e59243b36924b1500afe503249ebf01ad077b644839c391fa25d27045bc76d57a35ef096e3d5b2eb5e5a1b618ac442cc2ce565946f89b745bff00497aaee3b981da01cf7b776e41c17c41c416eecf3cdb0c511121cb22fccf9550bbc77294a22621c9a5a2caa91c4a24b135692213812b89644ec3ee9bf9891d3d755c276e3381327106e2707c2986144ed1c18d7e39741dca3b9e49c44897e6acd23f2d72737ea2c9d9db4a79a3ecc8a183b190c511611b6d5192876fb74b0bd00039a3693497983bf0a3f5f14a492f4a74f87c52fdd40f4f8e08b8fa6aed518b6d0b913cb3058ce4e4059973f8ff001d6b8eead09338c5f0e4070e49a41da8554fa49b627e50a7a6f2c98241191fbb3a61bfb4e4bf8149a080e9ba9796d3adc63d28a6b124b3c32456646108936b71d355eccb22be6cc5de950c219476635c7b8eb0ce70911518f3fe40be142df9712ac0488b374e9c153e3f9ee263a53c72cd37d45ea9c6d69a1963ad6ea447880aabbe1924416229b6e44642ec6f8b63add3dc44cddc344ccd1c1f3736a11c52c2233c3a74a28ac796f1cde5b42ed7778b8f8794feb1c80796392c4b72599a696523b85498622228fdc3d198e3769237adfa44120c8c748a1666eaccd4fd94a83449b1c7b6b469dd8811185ff6a983818f5ceb71de5a14052b17c0abfc4cb0d2e4d5eddafa78d7b91cc609627752c8c9878dd824b1ee204b1311bd372e7aeaab9bdb641cfbfa03c0e46a8889344f03ee3f19612e71c6a46b1da10ac12c52ac7298cd16a9359fa71218636588a1af120d8b1809b86376b06ab743ab8e478b80ecf5cce66a8d497e3ddd1d51bd7b8c5a5468ddad34b4e14a55ee870911b3478c5778e26f7b347deb1261f6b7b1117058f416ff006200931907a918d0ca9c321de4945a445474faa00fc849729db9aecf1496f92bd5aca580ff00a045486cc451093ffa3132a460670a08cf4eba06eecc486fc620e4736f8d5d200d4c3921d66bbb302b34076a9666df9c2823aff6e9c6fecf1f02a1894d7e0fe54bc0c17ab8ab4ae0b03ea7b9be612992ba6f44728cabd88c23c87da4ae4b7eccdb8bd6aeb1d44372fb628c4188c15fa7e43c0d2b3c655805996d711cb3731c7c6e614965bd63630af246049b13f4a32b228676ebec1bba552dc093d479a3a303871ebe5e28b967e0509e5b98a5c9c577fa2837f93b30fd2bf2b22466e495667ccc5d2a864ee3f712b87eb98b23d5c2abc373000025a22ad56f1cb3eb6427093eafb7cd2af377aadf7a2f134711abc6d3a32648f749563d8ce30be87e19ebab21bbb5106b8927029b4926aa8c75c028ddf8c2c8c76b64f5c7438f6fc34e3dc2de1f24a6d92ba01f2abf7b86a14e0a2b18a95b95a5bb8d4b1db96bcdc7c500568f32a9113febd8c0c658361493bb38bf6f512e4ead270ab893bf75029a5b976ab7c7f35ced9e3e94b4b8de6394ac69cf5a49cc72ce91ac3c7c94a4829cb0447756dec924aae3d8542e320b324ae5a24d5abc0ff27af31975f628e4177cba75a1342bf2908f183538cbc78aa3663b214432b7d65f8e50f69d1d61da5c08bb31afb99117af52c3571dd44ea27f290230c074a94baa31cc2026148b7422458ca12a63ea3695382a46de98f4d59ff616f37ee4440a9be89ffbebff005b58ff00bd0e7dcaef4ca67fb91c1d9e479cad66b4d1184d4450d96f84b21e981f8eabf69dd4442431afc9593b5229593c4392cf5962c67d7ddfead7546f23c0aacd92cceb75f0de44e0f7a2cf5cfe6ff5689dec016628fa05a856ff00e4ce40f533c43a7afbbd7f8689df41b0287a070747fc73c4218d247e4456b09bb1107c9018e327ddb7e0318d727df77b73d3b71b3ae32d5276e0c3af3f82ea7b56ded3c8dd119060c0f1aaa1c9787da8f90b22ab411c0ccc60872e02a10085c8c9e9e84e75af63ee1aacc35b99354f120b3e58e382cdbedb0176420d18e5ca9da9ee9f0bc2fd6730ebc7f1352b5e878b61322d79fe8123a04596820b714ed32b4e06f547594b1196ddd75c59ee2e91004dc3a25729e61afcfe479448d34c1c18b64cb39b2f93d3afa75abbc6f8df8e09d8d9a1c43d1fad30d5ed25432ff4111810b4dde0777bf3dd9462d67d1be54deddde2e44ae6ad0e43c9bd57ab372fc63ffaf8847d20eedf1e8fcd04e3bc36c51f17a90a53e20f272d858c5f9d6a5cecc86728f6271603336e8cf6d6bf58940ee921f1ae85cf7012bd2913734e9fc46a8b8d3f88d3cea67f91fc70482d1a96a6231afd878957f8cf1df16bbe41cd5ebbc7d04a05d9b8c52b1c34ebc6ac6304c25a35cca30e7d8c3774c2eeceb659dcceded2d4246466c75125c972f8d70c163ddd89eaf2160720eef4cc20d6381e378ce62ecf46908202cbd9aa1f7008a8a3dac8f363bb8dded738dd807a685ddccae8112b5ed6db40397e9ceb44f4953c44f37ce2cdd8589e33f435981fa78e3eda48ef1ccb950fb86d072081bbd75e77d4be2d40b1706a73fc8814e19ad0c4d461e2adcdc7f8e159d5e0af1cd8637bb51c11f6c15905511aa48560c9edfbe307b9e8c067541bdb8110ce5f0773c353d3cd9d0fe3c688819907a74cd538e0aaf46a2271350cc90c6a23db4e696dbaa113c91abf6f74b1b7e68e66dbd7a1ca8d5b29cbd43e69354fee023fc5f1a1e310fde8b252e765e3f8af22f1bb0ae95f89a5ce4d26f42ee91578ef42db948ded88d41ea327e59d6c8ce536949f5e88f4ed551a86ea4df1fdc4f1a8a1e3feafcaa2b725592bfd46ceeb07923b6b277f6aa6e25107cfe1f3d0f4d8e07b8a57966dde109e4bee778fc94bc7ecd7ba37c77aadbbbc5812eeab18ee0320687b5992113b33c6ac564f43919cb88c9f3a258c22aaf937dcaf19bfcaf8d98a7b46a57992cf20f5a7b70c916f8e2530492b6ddd11dec2511a96558f62101b1a3112cc2862c3e7476e94c698abde3ff7038ba5e6bc713c97d4c5cd4b72b728472135dad5c4ad1b559434f1c421df2330644e81546ab312433330e0dfaab850e753c41f826de72c588ef074c13013b97e7b1b1b7e7d73d759969082723cecb15dca7b229c80f17a8050753fc340944055a0f2e8925784c80312244f81c1e9fd9a0ea119a3f4f9113d786446dd9c03f1eba0c8249e7fc99ec7dc1e3289398a901286f51de995860fec52358b7522bb1b0b4341298792e66ad2e316bda6db5ed48d58b9e8a9df0537c873bb620cb360138f81d5fb624c80195563dcc1a24f141e6f31f1fbbcdd6e49ee4086489403684924b1c914d72d44d23ab44a8c8ed194cb1d92383f03aea02599b15c836df1af4fd7ecb4e27c97c67856e469c77aa474a6b95055689244cf72b833ca6669641db468f63f43eef78f5e8c75353243d11190fabf79fbb2e5d2c705399ab8b35ec88d117bf558c90b128a5846e553705276938c6474e9d75746ac103cd4f64f71e0db963d98d8e013fcbfb3491389e6941ef47b8df2ae4f8de0da18ac48f3bb34156bb0731c101425a464c6c72ef2fb15b232a49e9d0a10096f9a77e2cdd4166c79470ffe5b92b9afc5c76e5ad569c3145107b21aacb234b3cb9c76b28ebdbc924b75ea3d1da45cd5562107c2bd67eafd38287cab92e36c59b76a94dc39af6ae4b3c228cb2c970acaceca66eee4c6bb7198d70aade8a346313405d308088a7c7a37720dc7daaff5407753f249d33f28d8ea49f493cd43556a873bc3d5ad4559e19656ba27bcef10709570b11848653dcdea5dfa7e5e9fcde84c64edc943a48645f88f2be36808e2af6ea43c2d3b121b95ac430dab5c944b3b4f5d36490b3636aac6c59d426776ab9025cd5f97d506a3163d6dd3b954febb597c667e166e7567792182648cef7a712572645ab1391b8596e84bedda31dbddee63a7312241829ab9357977f4afc133725e63e253f82ff454b3c72f2438e8258d121ff765b0a434f1c4a171159da0807e2cc4863d749e677628b70c387427eab9eb5cac6a4443afe7931fc17560897641ea8ff19cb7091f0b669d9e7e898e5a8e95e9371f3178ec4ccac4b584adbcb20de14890aeec7f26a1732c254e9c548c5dddb92b31f374dbe9ddf98a3ca4551e274a11f1cd5b2e842a036053501533b8ee62180f46d4a80de6e9da973fc475823e88acde774e3e596e54d95568557ad17b4cd14d34d0ac4e95e296211d7844ec65795154c8a092a4b6d35984b0e3d2bf44e440feda76747ef4adcff21c5cdca2912d5b2d1d7ad0d9b55e2548659e2811269231db872ad22939d8b9f969c02c4d5328ac5ae24ddb21be9c3895babaae01ddfcdd0fc7d74917d213065d5adf99f0bc870b2578258ecc9398bbc7b52c6676a922468f24690a21324302edf77b55b6fb718d54ec6a80b74701ba952f22f20e126b756c4f7aac3561b6649da78a66b0d19bed2045dd1b2f6cc2fbb1919f46cf40202e38b72504081f741bcc7ce7c7398f1e7a55f91e90d8496b71ec8446c859b7f4d815196491dd3273b3a7a93a78893a400eac030eaf05cceccd5e53376cab2084e7691ff689f2d5ac54910af785725478ee439192d3f6d66e3e6af5a7c39749a474da50a06284a8605b69f6e47c74660b3322c13ddcf3ba30f95d2e5eaf37dd4ad5e288e25b93acb32f6d15656929549638a3917bced1866755e80336c150892f8f8fd7c38a46316c0ffb7e94e98280f9e789c7cc1bad2114f1c64704b225a96cc71d6e4d26b2ac5c12aaf12990aa3306017d1c9404c664571e8c96dc22ccc03f0a75ae59e4ad55f90592bdea57d5e152e78eab2d2ad095664581239a2aeedb635562e572777566604eac89718271160c154c035e9ae3d5a5eb9fc575222a54042ea3f6cfcdfc5785e0a3abcd58963b105ab32c51c29303db98d462ad24087724bf4eeae19b20631f022b9c49340f45084c5c5fdd4fb75578dad52c5bb36ea9e46c3c94e6af31984762f4f3fd5cd3246aafb44892955f79c05dbf01588c9f04636c0e9f45378efdd3f11e2e97182cf2b3d996acb69e774a730900924b7234c0e218f7da57897a01b0b64a8dada12b7226810844e6d45c5cbabb96518de4b60aaa9c139eaa9ec1fb17a7cb5a4821188608b75fee8fe1aa194ee5d32ef177b9ff003f87864b71d38978e6b92ccf099862177f67b4a60b67a1dd8d6ed85c16ac4a4cfe603c15d394401fc8e4a48fedbf296f9fbfc351e76bfd552ad5ee7ead29110c73cad1bf556933db500e7e2c71d304eb58dec4404a50772464aa8cc662bd688a7dabb125decc1cf096308a02bd21b99c9903f586591540ede724fc707046a91ee0054db0fd39285d4fc77daf96ecaf18e5ab2431764998c20376e4572c4c2d22bae19428cfe6ebf2d5677b57d23b82225816f14bbe4bc1d8e0b913c64ef1cce816412c606d659111c1003363d7e3ad50dcbc048019e5d48c62f5284f77381b171d73d34237b12c3b93b2b9528b5aa77ad2c9020e3e28e4681cfeac8249562fd35f8852d963f0e9f3d51737de9988300759676a0a3d7e4869aa6187c12ec918b11d981ea380639c45280f237fb311a11ba48e4ebb255fcd8385cf4d73a5efd107468f3765073391198f1432fba0f071524a38529628c6dced99aa40679362c2f16de93b60ed67ee0d883ab647cf5d03bf0f38e8ff00d51122d1c41e1c5b33d684c69c3e28654bc9778caf3ac4137ee0508eaa43635bee4b49c23dca0abab0afd546c418273d0ffaf593d7c4e98d792711cdd6e8cc580489599ba2aed24924f40003eba86ed19a3dc818b55118783bdd3ea2bad4796610558ec47246d2cc573b17a7b463f99b0b9e99d532dfc1dc089110e5861e3e18aa4de04b0f3666b80e992a17fc6ed725171e913d5d97c338dc1d9234490a319997f2edc648ea47ede9abecfba42d0993014e5c782aaf4c564e469e9d39257f31a7252e1788ac6446fa79f9089bb5b821659d4642b75f86abbf785dbba9b4bc228c1c45ce6aef8ff19c45fade33f4bc7d6378c5ca9be679bb8ad2d796331599ebb82d3611d8256000638ebb776b91b9bd384ee9948e8021a58717763973965d6ac007377af77c3a9335ee17c4471b24b5b88a705d018f0d4e7ed309792226c5396532079d810bbebc83b6870aa48f5e5c3717f501ae4416d443d214f300cc3fcdf91c4a820d17957bf3e982a2387f1f08cf1f1fc6b638c1350dce8dddf28e9dfe39b337ba243b82576fd3e83af5f76996e2e6a2f29d24c71a5afe78638f9f1445b031d5415fa7e9542fc8f8be1e1e3b7434a8c358d4aaf3db81d4cf1f3ef320bb410891dbb51465f10ed28a06e07e3abf6d76722c65324c8b0381b6de59e031e389474691d3bba578a6de3bc8ec790c762c45ee9eb48d15d8f39f783ed9327fbfb33fb73ab2eda30ed5aaccc4820bcef292d689a6d8dbb0caabebd7d377eff4d67325a45b4bb4f7727706e3da745c29ea303a9ff5eaa905645804efe395fc86a6c28eb240996007ae48c0d3c752aa620f441399a3c959f3ca3c8ad182b42adfef4d1171dd383ee7dc5b1d170001d3596fc8541155d2d9868bbf1527dcdbc56bf1f12b84133ccecb9f455d801ffca235b3daa2e647a962f722c223ad73492dd879325ce3d142b6140f9635db60eb91a8ba72e06a710fe35ca4b6a1facb114961e59da55095e9c35564aeea495747b160bc4ac809dd807a7b5f9bbab931721189676ff517a8ec152f92b0c090fd3a75a27241e375073cc9c7c11d6af72d3477d9e29d2a57304660afb5dbbd9797724522f52e7f9b07005d9ca5191916d22828e5cb9c38338e0aad239f8b377e2ea9def2ee2cf1e695518924822db20ca488d9047ed0541f43ad1e9123b4ad9b3113304e470e2ba071324dc8c6b65e92d65762d0c2cc0b6ccfb4bfc89f5c7c3559a3d5679800b02eb933d4ac0f94258a3dcb4a1a4a364bb298596ec6b22a20f6b192372327f28071ebaec4b1b2c69abcc38f94fc0f7ae7c9ebcbea9e61f1ef1aadce281c6c1dafd4fa8540a057a79615a4c8b04047527b9754963b54853bb2dc6fecddf4e7213eae6731f8f535bf1182790883e68967a63e2df1ac68a87947f4cad438e44a5053bb2c5217480a0c2c511edba04693b8877b059890d260e7a01ad3b62f220c8c80231e27e1d592693d0b313c525f23cc473d0a50471b6c8da4efef7dcf202531bc803e47007a6ba91d22522fd492a4283929ab582cca891fb582200171e98036f4f4d56ccc133b94e3e3f57c6a55a2a9c2549e4938281e58e59a194a588ef3473dc74b7b91dbb49bde3c0c27a6d5f76b957ae4c099d662d729438690447cbce80f1568198ad3c7e9d39a2f0f8cf8cbf1924dc655e3ecdd8d36f1524ddb68afcce886db888b2b3244ddc55497f274dbb718d55eade78c65290892f219c47edaf3a54639a436f917edf0fb76a4cf27e238da8dc947c6b2bd44b8c94023897721dac4ab0ce55403d7f675d75f6923220cb1d35f155cc119ba0bca223495a4d8369af1038f83a2ec607f1caeb5c0c4035cd297cd6784e667e1efc77204de83a4f036764884fb94ff00c47e0742ec6331a4a3124170baec5cbf8d589bc7c5ae3abcb0d8b72456d2591956446ed08e49ba8daabdd381d14e3aff0036bccddf5226e104b088218675703bbafc16bd2e4734a7170fc1ff0091abc914119b988a69b9094a34f2589276592b2fa489db836391f908c9dbb8eed69f566373a5fca461c0363df4eb3d884a340781f06eef9a43f208f672b7d53d3bede83fc5adb0c07523d4aba713cf4c7fdde8db9548f5486523047cc0c69810334b5e0983c57c47c90f907173dce027b7496cc2d620b69db82540e09495e405551bd09208f98d51ba991664232693166c47528cf521d974ca3f6ef8d9a38ffab70904105b2dfd4e248b8f49290548fb50b58aab0397ddbc87aa8bbb389474d706fdebf4f4ccb50c2b269712c5c37f98d324c2d866767ebe83e694397fb79e506b412b7115ab7332d5987295e83548ab2b0b00560890bf641683ab15f5e9bbddebd5dbcaa439300436aa9c3cd8d71fb2863c314162fb7be66acdbb8ec02075ef41ebff005f5b75c78a5d254a7edff9803d281f5f5ef41ff9fa9ea8cd4d05a88ef8d78b7f4a8ad5af24e32bb23cb56b472dc9e98821ad31905b9f13f763668d44642801c8cec23aeb9dee529903d3240abb3b934d228d8d797105110248742ac9fb7e3c6a28b8e7a76244e0f92896cd88560b9f5913c52453306724cd33bc8b183b8aa7b50f4d536bfb26e48cf50f3c0b3d1aae3ab07e6a690ed46f8a4ce378fbdc8cbc752a3134f6a569fb7106519d803b7562a060293d75d40ce500e8e0f01f33121278b720fc7bb07aff00eb34c0c78a762a24fb7fe64257278b7db838fd587a93ff004f4ba871519744e13c42cc7e2d504dc5d53cb47029ab0cad531f5024944ecf29dcdde9206023ef8ec23843eeebb78fb933f58b6ad39b3e1951f07c74f98874a6d99023a74e4b7f2cf1c8a2e02e254e26352d5a09bbb11a8cc97beaa3eea6c8556669441bf74b1915cae42a648c0db46efa81c967233fc58f1268f91f373505ba5467d3f4c121f6e6fee37f03fead6ad413e94efcb799dbf17f32b36abd69ed3d8e26349057b3356ed46961dcccddb8e646da70019170b9fc75dbf6eda42f5920c845a7fc5f2eb0aab8e240fd3e6a0a3f797cae39979793848ad492f69ed4f2adc9299af55a624558d9192aee39691a372bb9376d18235d097b5593e51758572ab9e3c7bb3c5522ed707ed47fc5bee47377e18ed5be20729c8a949abb40d38618ee6f7edc70bfe669b083f2aae0753eed62dcec2d465a6371bac7dd691324390dda11693cdf9be2d6cd94e09e8c76a186053712cf6d258964030ed145bc1672db720f4c648ceb39d9c0903d407a82670698f6a59f24e724e77927e4e648ebbcdb17b29bd957b51247d095071eccf5fe27d75a6362118c63af3391441383210a63d81bbc9ee0481eec74fdda92b71d4c2587229c127253c168c35ecc693478b312c52e431217b892823a743ba31fbb55cac5b948133fc4be07811f343517c1181e5f7d951225e3c46929b290a40c235b647fe2946e244cbf0c1d98e9b31ac63daecea32372551a73fc7f8e1f89efe68c790549393092532bf4cbf4165af564dafb525cc67e273b476971d73f8eae8ed23a65e7fce3a4e38579734351cc2177b91e338faf177678e3539288818e72dd70141d746ded0ce11025c6b555cee69caab1c772dc7dd07b13a19371cc4c583e07f3631d46a5dd9e82c641bb5185c12c02be0740bb97d3af53fead65318973a878fd15824782b747969283603c0556659a113ee3b260bb448982beedbd3ae47e19d55736519c5b56342cf87034545c809d4b8a350acaf3976ad487e92c2c02a87082272b94925eeb23e4fb9777c0fc3506cadca7e690ed7c406e084ec820bc753f57064b7e7f6a5b5c5f1166675924b13df9e464391ba49c337af5f53aa656c46e90301088f8846234c5b853c1275382bdcbf0d5b0c90c3238579186700903a746ebf2cf4d0bb394204c4395a369605cbb1848e9064cfd01af07a7144cf05c74101709df5ed9923957d8b3aa03940319551d003ea7ae06358ceeee9956830ff2be7d7cb0145d88fb66de3025e52901290671ea697f280d418012c6475306c353c6d1123e6b48ddba9f525b380d9fff0036fcbd02fcfd7a1d2c7793381159e9ff00fdf4a2b25ecf68631996b3eb63c7ff00c5878fe54c167fa65681c1485964ec4167bc7d144aea3b18c0fcbbbd7d72356c375291a9040918b750fc963dd7b742dc5c09026d46e39c06a937a7865c4d537fda6e0f93e6fee62d0a72c9053579ec7332478c7d246c41561e9b9e46555f91ebf03abe7006d57805c9b53312bb8f31f6bb8097d82be53f958966618ea3a93ebacde94782d1eb4b8a0cff006cbc7d642f241bdfd030ca91fb0839d4f4e3c10f50ab30fdb8e00e0a452c4c3d1a39e6439fc06edbfd9a5362072f8a717e633f825ef37f129b81e29f928ac99aa6f44679f025899ced1bd80556439c06c020f43f3d73777b3d3e68b90ba3b5de6bf290c7c1716f2ee61793e46368a5df56b44208cfc0be4bb30fda5b1fbb5d5f6fdb1b70a8a9aae7ef2f8b93a1a04bd98d49ca96c2ff0003fbb5b8469d6b11c55a8d55922c05405c60b0e83f123dc7a7e1a24549e0131346765667e22917958bf759217682640c00610094a2e53049f53923db8fe6e9ac1fd9930a6979547fa99f1e8792ec1f6db41c6ad7e47120ecfe9ebd3f8b139d4868b7eea21d6d6781aaccbba3fd389d1cae3a8507a67e5adb12ee7815c36608ec5e67e4b1aee4e4248d3190a027aff0d2fa51219aa8891743a4e62ebb13dc2cecc5d98804927ae4eac8459cf04ae142dc8db68ce0afcd4155c06cfae8b00c0a95c9355ee1ea529a66862781ea5fb7c6ca260bbacf62bef16c0dabb3706c151b87a75f9e1b7b9332eee08047f86b874aa120413570fe3d3b559bfe3bc3d4e326bc2bc92f663de625700f4c7c4e35d0228c941ad123cb794cc4c3108e37276a1c3103e59f8e964ce4e4ac8be6aef1f125c992395d6304641209c91d46301baf4f8ea8dc4e76edf94395b361b685ebb184e5a227a529f1a2b55e95599c2ed32ac90079588c2bc9deed93d1490bd3db919ce33f2d66b9b8b809268d26ecd2fc71e2ba563dbec4e510099c4db726b11ab5e8fe2e22d58b872581e0b596664af1a23e7b734c9bb00642ed19e9f3c6b4d924c5ff00900b8fb8b42ddc9405744887e2c59fb5519adce59bde9ebd01c7cb578156546a501b9281b4ec6ce7a01fbf51c54a839abb5f9ebf34d1c125848a166542586540f4c740755dc78c5c073c168db5b8cee08ca5a413897a777e9c512b3664868896197bd32924c80613b7de30ed071827a751fbfd3d715adc4a571a4348f9e9d4bb1bcf6eb56ac19425acc6af56d3ea7a6c28c4f1ed2ed88ae49ed1e5adb42fb25ee339319c6327e27e1adb6bf00b80114ab7397e12a437af72764d8972d071e6694e57e0f202d855fc31d7465118304e1f1287cde6bcfcee58dc7c37a2ef7c0cfe19d4101c14d4559e339fe567572dc86d9d19162aeaa5e46dee17099041273803e7ebd3545e9ca2408c41199cb05d0d8ed6d5c848ce7a6419a201322e40a50b93801c6a7ca9d7c8390bdc6706f240228adac43bac13b8818ba83b73d0fedf4d55689910f5aaa77718c24d11a7963e39fd5da8923fcefe4db88fa8888c7afd3c7fead6bf4e2b1999514de75e4b19ff006f09cfff00cbc7d3fb353d38a2265d69273ffd7aa3d3e77988a8408c92c456834fbdc647ac1865db9f8fafeed5771e358c5fb7eaabb972790d5daca79fc7fc79a7b690436767f968731459e41913aaee6925007b830076aae1467ae71acbebcc00491ffb044d322a885c991521f537dba5501a7767a0d42dd66513c2d376cb286032029e87a1e875ac6256a7aa2cbe6fe464e0598b3ffdc47fead1d011d45d687ce7c901ff006d17cb1d98f1fe8d4100e89915355f35e7e699639adc7121e8ce2bc6d8fdd8d2cc344901cab6ce994c4672d317a9676ec4c3c5790dbfad48ecff00bcd49dda3867ec850583edcab26176003193d59bd3a6b25bb9291024d193547677bfc062badbcd9d9b7091b7aa7073a675ab49bab481fb8d652fc68135f662fc3f86a690b90c87739ccd1e27ccf959ae0ad22cbe3166bc352e6f30d99649b2b0304646f7ec38daca723a1cebabb1b729d961ff00ec15e14c5533a482d7c7fcaf86b7c5dfa12f26b49bc82959ad4e9f23765b30f19155a362ac5119f66f5499ec7e945b59f6af52c58675ddb1204167d05c903f279038726a9c2a960003fa734c5c4daf1ee1208697165da9d9a33fd7b4ef2c2d2986a4b0431b3295922334dbe6d8a415dc801d61ba2e4c9948541e9d6d877abad8601f1e8ff650dee76a721e39c834a9056b565a8c31451dbb134ce29e54ee826924edaac7b7120037b67393a10b6633072ae5f3f92b223ad92f3855850a1cb0662a186e19f6fa823047e075a89f282789f9283129c24f23e2e5e76c5c4b622496d50b371c4722adaa905448ed5311aa750d203fa6e021f9ebcfdbd9dc8d8d262fe598151e594a44c64ef90cf15197b94e62b5cbfc44dfd64c32579654b97aab598e4fa59a556565263dcbec56cc432b196014104e86d76f2b76a60db7701a274fe4075f1fdd9a3d3256794f2ce3391e2246b68b6dec34729a0d2588d84ddf767dc63011311b0fd446dcdf95ba13a4b3b0b96e6349d2d9f9486d3cf1ae4430c42802938de7f833c655aab2c3c64691aaa23b599cd79d65919e450c8555f636639f76edc467a0d2ee3697bd67633aff00843c58531e38c7064a6198a9e6cb8f79e725fd4f9db17a49eb4dde7658de9c8f242523c229df2244eee40cc8ec8bb9cb363aebddfb7daf4f6f088043038b0353c012c3807a060b248bdc296e39658ac452c4fb6647ca3838c11abb177c0a589a385d42ba931a3b82e0aa96da4e0e7af43f8fcf5e76e9385392dcd4472af29c056455711f140da53705895e65b34cc7b4c59753bb0d9fd3ff00a5fb329b378cddf5f94e000d32e34f8f62c57f6f2962f7294c06993fe59375f62b547c87828a9ac74efd3262acb171f5e4764582e21c49619946e459006fd456cb6eeb8f865b9b4bc7519c645e4e4f18e511d5c0f042eedccb189c7cdcc53a364c953ccd20bafc60a8d1daaf359be6b160a37e6607231b7d7f66ba9b2da031ff0091c4c462ecae83c62074fd50f3e29c20e6f81e31accd27f5ca88ead52ba3bc36dad495e485d6778cb471085999d7f7023aeb4ff5a3a65200f90ff2670cef814b7275a79473afcff452d3e038a960d9579f630bc56ac71fbabb76ed7d1d792c8fa5024253b663ed4cec0207c8467dbd6a3b3b63f28172c0d451cb79bcb9e5cb1015dfd8be1a224581a0d52a360d5c73a369e687703c671afc757bdcddab1493909d9f8e15d1266458b2b2dc9637643b4c9fa6855b792ac7a81a6dd6d6cdb9e967d22b5ffc703f44b6f71764e6329525ab3fcff9623cdcf1e6874cf592797e9cc8f57b9dd89674557c9fe79155e44dff003c13fb759e766d379417c31cb860ae7990d29121f5339acbf954e3cf156b8bf2ff0023e1c5bfe89c94fc61bceb25c6aa7b4f2b26e2bb9d7df85ee360038ebaacc72c8222216f2f9f7dc4918b1f21e50e7a75bf640fe1bf4a63c9450bf9c7dc095baf3dc9b1f4ff00c7581fe86d4d3c915256f3bfb8d0a910f90f22b9e8c0dc9dbd7e5b99b534f2500576cfdcff00b8b6f89b7c372bcb7f52e36f4460b35ee470cc5a36f94863ee0208c86dd907ae8883542062302a8709c3f057285a8ec5f8f8fbe1d648de584490f650a065055848d2b6f62a8a9d76f5233917c0408149393fcbed87172b3dc8c83b74e9e28a4ff6fa8a5092d9e5120570648926850c90c50b442d7d4a473330785a6db88f70dc3048390ba7d18ebd2d2a531c4d59bcb9b72558951f2e9d3355aef8e719c62cb72d4937f48ac89dc6ecc6b696d4cb94aa633218ccaa033c815ce154e483e8d1d9c651003eb91e346e2ed87628644e1cba328798a94383e4ae71d419ec76b296dec42b16e914e7d91c7248bb70460b1ce73d352dec617409cb2c2bf360af85d95ad5189201c79f5840beaa4b77d1ad3c71a6f489659576c5126700b901b0883ab1da4e3e0756ff00d65b1103cd5a9aaa4dd9629da3fb7bc75dd956a723dde5ed7e9d3e3648618e70c54b2b4a9dede15940930a0bac67a8cf4d64f4e1179112d11cde9dfa7b3ad03a90f8bc4f889eb59b55b9105112d9ae268228999a847be6254ce59d5f72ec588338049750173ab3faa0690449cb3b4b8ffa7e8a0127a374e9dbc941078f70715564e4a7b507275e92f2172ac15a195104d3471c301679a22b2ec99247cf400e3f30c1276c1c90e62fa41d5de7f1c28c1287ae54e99a131db9da585a4667fa7435eb2be5fb51e31db8f713b53a9f68e9abff00eaad615a973cfad0d640a27aab76b5fa33c1f52d5dfb60b3b420aa4641ee4efdc64510c407bce777b942824eabbbb68c4921dbafc30c4e5daea984a527c1546f02f1fab3086e4b282cf651ac410d69043f471f726764fa8f6a85ebb1f6c83f982e73ace6cc640697c8d49cf0fdbf071c169224079a9d850da7e268fc952a896126a4f4aa7237b92587b491d69e3596664473bcecddb1490371c7419d5b3b168094bcc189003d491d99a204e47a05bf93d6e2a1fa1bfc6259864bb1c8c609e286211c48ef16ddd0c8d966284fe5da475f5c8d26df6319031956bc7b782b6e5c9c08902624b8a1387ddf0401524112af686dc1651b06064807fd1ad83dbedea24bd39acce47047d7c278fb9c70e421e446d114d248a6ba396b10d296d0aeaa8ecf11dd5d937cea81c7bd370d64f46312c449ff00cd96a01f0e7939181644ea2295e9d3876a8b86f0ee06dd5b73725ca8a1371f4e9dbb81a1896263c976dabc7149248bee5593f50b2819f4f682da6b9b50240463290248fcabe5c7007a7729539b763fd16bc5f85509b908e972ef6b8f9390e45b8fe2d16084ca043334334d6119b66c49008f09213b836ddc17a89d8800651ae98ea3e6e4e00a6271a8c3ad18924fdbeff541e6b54d2071c6472bd403b9134f1a2b2a9006f744678c39f4c8275a3feb205b550f5fcd90176662cf4c736e0edc515f1b9fc7ac5f26fcff0048eceac9b923224918939791b11a8cf42cf855cee2700e96eec04401104b73e9e1d8a449ad47684c7e43f6e6e5b7b3cada91d6977eb246d5601277a09a2dcd2b4a5da105666584387284e64e91edce4842cd0007531fdcd8763e15c1f2c512665d0de4fed1daa5c5cf629c86f5f758a6a3c72ad62ed5e492389b7b07d8cc2494859222c8c065721894687a522c4480ccb9c7bb87163f311d751c14b53edc71f021b3dfb46cd192086cba1a869bd8647797b4d913f6e2788c67db9270c3a1e90dab64b350f32ed964d5c53c0cb107c3e7abe4a6f2b5b167869d2205d86091f98950c0e3a83f2d1b5b2b664065d69e77652a92e80f887dbee43c9aaf256a256852b4622a8e232eb25c6dac124c2e56348cee76f5eaa173d7166e6cdab4402fdf9715409be6b327877033d2b5c825eb10d3ae6cc2b358822554969ec124b2b267314b24b1c70c49faa598ff00772c92b31040d25cf0971f9e24e5444ea0d507b08f9f8f82a5c9f8850a1e557e9c924d3f8f70f0c372ff002290ac133c13c11491a223ef5496796758a356cedce5bf29d18ede06d82de691200d5c09cf933a332416cd0ef2be3381e3bfa67f4a7b721bb421bd2fd7760ed4b0331c69d955cedc36e2debd3a0d3d9d9c083a86072251972f87dd0404ba8400305c9550b9f500b6063f0d5a3616b9f7943527b5fb6a2a707c7725c8cd62adcbd4b92ba2b0a9be3ee55a8b72940b20f43340c5e47ea171b47b836337a769c801f491fbb9b1ee344a247abb16cbe07e3c9c655bf66fcbb8ad4fad8a37a512ac97e0efc6aef2e7e85536b2eeb01bb87f285ce80b36f598889cf3965d9e6ea8e19a32d5a6a43f57dc65d4a1abe15c654e6ffa6f2f25a6faee50f11c3bd58d2295923b26b4b7654962997b624db184dc096dd8fcba595b869d51184754aa783b75e7d4845cd0e297e30cfce2a71b5ec8aa920eca595569404fcc6431aac7f9813d07a6b4ff004ad3391e253eb9e00f661e182e8df5337cff00b3583faf04ee504fb89c87050f98efe77eb3e90d08cc29c73d78a4ee891fd4ce92294db9f419ce35b3da67745997a67f767d496ec4121fe1f758b1e1438af2bb30272fc649c7d3b2d1ad7e4b93ab52d30001c4b1b142bd5bf30c640ceb747dc673807d425ca24855fa6d467eefaa68facf198e1b10abf250f254b81839f9364f13d52265858c281c33b01f5036b67ae33f1d63f5af4a5fb4c4ccc79f5ab1a200e699ea56f145a08796bb1c56e39de9df7b772ad454b69592cf623cab8731f7d239083ed393acf3dc5e768bb6218134767f0a268c012977cde47e1a3a1271d4ccf5edd65b32584b31598519d8aed8e58942c830a0e75aac137434a4c4488c1b87150d32a256a3e4d2c83121209cf400647ed0756deb53c014d19c4a29172124881e397702067007cf59253b8ec4ab7482ab4be51522b2d5a4b5b6443ee2ca02838f4ce3aeac8dabb21ab24a651754390f2b59126ab52567250feb2a82a33f2e9ad366ddd89d72290ca29425b760c70166f50f9f6a7c1ba7c35d6f5a6202b8bac7a03ad60b770333ab80c09fe44fd9f2d566ecf074fa02e85e35c8d9b1c257676556553195550000ac40fecc6b89bcb9217497e6b65b02515ef2036a6a2ccad93090e06d07d07ecd1da6e660e3f9270c0ba5ae2ec34d7104ac245391b19171ebfb35d1bb7ae08b028ce11218d533f23c7c9271dc043c5d06b5cabcb6169c1595cccc7bf93b1114e40072c7e03a9d79fbfbfbbebc9ea0c462a985b110e28c9cb9cfb4be45c1f86cbe51ca5c7ade47c454b2b150aed1cb0c546596459f74e4239774b32382bd57381d7a858eee44189116910fd8cdf046117902572eb3cf7273a57334bbe5ad0a56af22c714522411c7d958fbb1a24854464ae189e99f99d5bace0f8ab236a02ad543d9d8cd92704fa9fd9aad5982c1c3648c9fc3e3a8420b53827a0c2e810a3d5644a14e49f4f4d45146f7727629f77cc01a064a02bcae117ddebf127fe4d451d6f14c85bafa7c0e99112aa91a48a24ddea7e046a1651e8ad713e55cb5028295868bb67287646fb32caec10c8afb433229651d1b03703a8279649087562ccb0f308b5f91b3155af1b3c91b18f62ef91555cb8ae88a32a9f9f19f86b5477972327a61cfe65653b76fc504e4794bbf5ed2f29c7cb15fb63bae27778cc99c7b97d8a197f15e9a41bc98888861d9f74be9b5116b9c5ac16ead9e0eb2c866952cc2af6150452afea2ab3ce162080af4321fc0e7a667fd85cabb102987dd0d20f2f146797bde61c1c9cb4924f5a38eb4b13cd62a495d1e596d3943327d3c65e1763912ee28ecb8fccbace2f99440311e269df8704d034a1e9f246a850bd79bb715d8ecdb172c559ab57588186dc6ed14db43c316d69b27748a01914fbfe5ac57bddaec2e18888390fcb0cb36fa2d96f696e51d45c7776f42a55fb7a585cbd3cf34297a1592e5b95dc24a928fae66056172c7742376cf8f4f4ce847ddf706311a60c18e0731d7961d6986d6de0e4d5b11916545bc038b86db413472ac88cc5809b703eddc08c2fa15c11a12f7fdd4647cb1a723f54c76768d511a3c3015ecd38e78a1af6522fa84b7da68dfb2d98f1dd864f7296c8c7edf80d567ddf7336a44105dfcd9e3825fe8d98f1ad3a6088c3e1fce72504fdb9da7ac44d5a79200eeb20976778af62bee95a4da8aefd5d80c374ce9c7b9ee3593a61e5c2923870cdaa9e56ad8cdfb474ed41adf8fc95e0fa26b2e524a5550a742456ae01811b29b808fdb9fc719c9c6947ba6e1879625cbe07138e68c76f6c55cf0cb043adf0e1a48b8ae45c41d88c4dc75574edcc6bbbb8691db629c19b7ed5624fab7418cdc7dd3711ff934872fc7b33e480b56a64c41a06efee591e3023853b16182f50144ac146307a003f1ebaa63efdb8620c635e5f744ecad9cca63e37c73c9395a7081cb5a58a3b0d4e24ad54d8203561097b12c5db7216198a234acc5573b4aeac87ba9c4db152d9f5f1615e18a49ed220d2593e207caabde37e31e67665ad562e614d5a8b28786556943c5111db57710cc5c07e91098fe9f431fc34f0f74d723e562731e39d1f3e2a9bdb56073f8a60a3c1d899eb5f7804737ea7d34d2acbbb75467c28ca6fddb91db0573ea4f5c8d486f75458607974e0ab30d2ee1728f35e4e91bf6aac55c435eb66a180abc7964e8edb700fe6ce33ad56b793150dd3b53981e2977837b2be550d3e30c54ed9924861b561f3191db757478ca4825ef2663116c6ee16d9b4eec6af3beb928d5b2cbef8bacba28eba7f0b2f3ce8249ad235f9a69a0b4d978f7cb42b9970d0bc71ec0226d9db2831f94a85d659ee0e0de1c7b53c03c797408d5c8fc938c59e5bb712bc11589124b41dc80b008d44b16c4de2263222c6898f77f28c67486ef2f04fd492a9d6e5a87133c3562a8e9deb1652aada7fd7869b3abcf1385310545672164756601b0b9035a0efa7293c9b0e1f75581a4606a792cd6becf7a54312ad68e0ee0944b9f7ee0369ebe9d7487753e5dcac11628c707beedb9a0af2c8921ab39615cb4f33c6ab968e3895d198b7a7423492dc4b92664c0b1f90cfca47c47d79892cd3176c1b91ac2d0c259e062d09eebabfc3727b9b7649f88afd5e58248c41a8e9cd2df97f8a72bcc5f8f886e4e2b15a392b4f627591a41de9e78f8ea8af0964903a899bd4600cf539ceafb5ba302e1bbbbd2989967e2b9273ef7eb5f5a5c9ac7359a5047542c7656c08a38c1d909785e4406307057395f43d7578dedc62cd5ae0974be2ff056fc4a585397a3318d62dfdfdd234aca142a6339dc3e7d755cb7b70b82ddc9e31aaea9cad3bfc3578e5134bd892675103c772319b11049644ca9258a22ee4552c4750323551bf27a67c8200938e039a235f8ff002ae32ed6a7172ab3f7391969d4d8258d151962c191a64449701c80aecc46004cfa2a4aec8d08f0401892681fb2aa9da8268f95e35ed72b0c2b662866ab7ac59dae8853bb1b18848d201b8ed5c81b9cea0bc5b2ee4e4100b2a9e49c757e1c441f92ab6a794077823b1277447202639705b0cac51b241e9d3d7768c77733fa29189353f142bb907fdaaffebbff00b5a4fedcb977276e6aef2947cf6e797d95f0f8da5956857faf458e8c83b465936122e9fef1c6547edd74bdb65b7168faa48f3519f87259ef54e00d330e947cff0080f3dafca0e4bcda0b46dda0b12de64ad22c9b37246a5aab142c446db777b9829c671aebeda5b511d3689a65faa43291a961e0a69bca3ee4f094e9d6bb2dfa552a25782b2dee3604fd3842cb0405e6883ba0588108cc72abf2d2c6ced24491a893c0e7d92504e58796bcbe6a0abc2f9bf3bc42fd2f1dcb725c649727e492d4545e6592dce045625ef2862e4f670c3710083f8e8cae6d6dcab2d32d20620505466a6b931c2879a377aff94c72d69afacbc7598a3ed7f4a9292d48457e85152b0eda2212cc4151f13d74a23b7106732049ad097a67dc8c75559877fcd6b5b8be2f9f8e79abd39ea4d4c06b52ac4df4e85f3b4f714948f3b4e031d24ef42cb0337d5802ce7b335045c601fb56b6380e638de463a762bdc16e650d043f4ccb3b8193945cfea2fb4f5c697d7db4ed9225418970c3e883ce3c1696b8ab72d34e5ec54b629385ed722d519617562428499bdbd483e874d6e7604bd28cbcdfc5c3f72b35ca5523251c1c0bc940cf5285cb11cd23c559a0ad248b2d9da5bb4193219c052760f875d3dcbf644f4ca6da4397d21871c7c5189a603a7cf9256e42a475bb756713416626912782684c72248ae4323a330652a7e1adf19db9c2321278e44310551524d156c552e3133a804e7f4c7fe7e95e02ae7b93799367865388c53db5b121c111ac672133ea4b2063d7d31ae6fb84a148578e0aeb112c99e0a934f1cc0ee9420dd398e366548c8c6e7c13b47e27586772c820ea90e1863deaf94d88760fcf3e484f1fe11c849cb568e91364597295a0543be462c46d5cb6d38f8b6703073ad677f64c0b996aea1f550c9df0e6bea2fb79e1547c2f848e1b4d1cfc96d91ad5e55276891fb8618891bfb6bd3fe71f7607a0e1de9eb992124451247dfbf215e3fc26fd18e4fd6e4ae4750e0fe6af283624ff00f040fdfa96c555b15f34c93ed9957a602e7a7e3abdd58782c2619b793ed1a8146750b5950e4afa7c74a4a52b3dece0e7f6ea3a2ea09e70a08cfafa1d292a12ebd5d81209ce7fd1a80a14524928e9f119d1254382f6e1f2d15000b32658019c8c7aea628a9a2c2ae3d3f0c7c74c0a8c9a7eda0a92fdc7f1986cc6b35792fc2af138054939d9b87c70f83a599a1425832fafbcb7c43c7fcc384b5c373b596d54946e8cfa4b0c807b6585fa98e453e847efc8c8d65048a85490be59f3ff0009f27fb73cb420d99a4e26d05878fe6616684c995f745218c8ed4dedce01c30eabfcc16eb5104366e93f149fcaf98792c5c8335cb06fc26bd64a905a96796ba9aaa890d9ed194069818b73eecab3966653d34e2c004b259351d57e2399f208b8fe52cf1f5772a0ee73bcce6592622cc9db5ee3b3f6d0c92498f62067f8e406d66bd6a074c646b2fc7e7e0ae85f3034cfbbb91b8dbee5c67ff0d5ef57b90c4a51a7ab6abcc94e06a0910682c6dee324a4769184923f5018a9d576ee6ddcb4b4e9e447c461d74085c948d0827a3e5d6815887c8a3e605ee619c58bc93c85cc91939ec11db758d8881950a8ed385655c7b40c6afd5198605ea3e39711cc51540d0059e22cd7e3210d3c115f96da232c73a0758c2b1c0562d905bf9ba69e519191d240038d55c0c00064e4f2a2badcd857b861a35ea1b69d998c524c13b3946291a2bac6a1de24663b7271ea013a41627215963c823eb463f8c5bb5d5d12f39cf5115f848ab549b8ea55c4d7abccb49de0a8e8b0acf62ccc15406119010a82ca18e74b7b4da20cc96efaf604b096b7a07e9443e4f1af2be529d390d752d562922efbd887f219e5b1ddb32cd2958bbaf3394790a09060aeece4d47756a1fba92e47c03579b3b66988d51c2bd58f520d62096bd3486cc8d0cf14d2abc2f190c8c3606041c104635b00795380aace255757f83f2f3c4c55eb882add5a97ff00aa557b22da94b3b234ff00f36b15c327e821c303d7f6e81b4ee5f92b45d6c917f0cf30f348797a9078c435eef2b224f1c75c40c4cad3d94b92c927ea20c8fa654c960a918f4ce58a5d8c603548b019a407357788fb8fe794f8fe1d27a11dde3b959a48b8a32a3acd68f7915d62991d643ef9447b88f7676e4e3a6795ab065288907b603f2cebdcfc5590bb218b9407cb7c77c8e17bbccde8b6c46ecf15f92478c4c96fbccb2878c392ebdd0cbdd8f3196e80e9ac6e6dc9a312e4871c08f9751aa79c9e4811e4ad71be412dea9db6991e550b32096375955a275746e8432391f31ea083d75aa317885451756adcede8ab4514c9119a24015c4518ec915d6b38af83fa6a61411ffcd1aa8c01563853c7e576b94490c8f05daa1e669a2b060ec385512d852b232878e24c3c9b7a4630cd818d53331850963d1bbf2e254a1a62cbd4abf951e2e7b37e18adadb9a7782d8969cf2bc56b0ed1563148cc525561fa518c63a01aae3b9b24b095462e08c38b8c917cd95792a2d47963b159149462190472236180203c6ce870dd08cf43ebab84c48020f4ed4ae1d9475390af52495d6b43289a092bcb1cb131468e55dae0f6da36fe0da7314ceaf55f2c929d94b15aad581e2aa9463548a50ab5d64336ccf77b9ee91b2defeba9a1454fcc399f3b97c86bdca942a45cb4d1d5fa913fe8863f550dca31e2cd8c77257ae07694e4aee1b4365b547af6e22a78e01f0c70180e2a9f2814cd73de6bc57ca2e46f753c6aaf11578ca8f2f215e8654574463396ba93d8b13c73b2cc36a484314002afb4e0c77765c47554961435eaa5799ef4c0143384e4a3e327a571ab25c1199bfdde4cec62428f76deb8ebf0ebf8eb50153d882629bee3db04353f1de2a8cab2248b6624b826051b76039b3d377a3103763d083d74a6d3e6882471ef51afdc9f3292ed6b572e1b02b5f939358a4f746f348d1b6d78cb15ed47d9511a2edd809c7aea0b211d48b358f29b5c4f177e182ad1b12411c54b9c8acad5e45ebd18e4acd2333d90a91ac6afde758972172dd3d734b716c48c1cbc71689e183fc025046bcdfc3a73c90ff3493cdb960390e7448b5ab468d0d45b02548e0558ea2db8a132cf2186778d41b0329239ceeea34d6ef5a25a32a9e47167d3c3501fb714e49e1d3a76201fa1ff006bfdbff268e94ba976ff001df24f11e0bcdf9397c8aec7456c52a50d795a29247606498c881e357eda6ed8ce4a9fca3d35b76fb6bb72cf92264d2f925b843e58219e71f74b81b5c6eee2d2af2661e4aa3454e68adc36447556c77274b0bdb30e2528f5e58983ed90875e846b76d7db6f6a790947ca781156efe60f055ccc59dfc5519f9bf04e5e950e279be619f8fe279383baf2adb9e5be86293b921996289bb226b0cad236d731aee0a198017436b7e32328c0bca272000c39e34c2b5a7350c8e9671dfd6a1ff3f40789aef4786af63e9af5da9c5d4bb0db93e93896a30528954c3244a4cd1f704872c7764f4e9a87db6665e626b10e401596a27319519117622a0e1cf92a5e67cc4514bc3d6e3e2a7243478f4a737d20b06aa4b13b33081a7fd568f120397eb9ceafdbece7383912acc9c2b84716a6493d411a1cb9a37e11e7de23c2521f5f0cd25f867facaf0ac67b464684c0c55f7031b6c3eacac3e40119d73bdc3d9afde9bc47974e92793bf6d7abad9590bb0398466e7dd3f138b99e2aec13cf256ad2cfde8e183b5208ade73850e4123da241fcfebf0eb92dfb16e4dab9131ac80672f58f67770ed4e2fc06612e733e41052e028855879c9ab4314744dda75e486b88b789496501ec7703a858e41fa646ece75b6c7b74cde949a56c489274993c9d9bfcacd88fcb0640ca3a0b97192a35fceb85938aaf1cf667a572480c1ca434b8e8d6b8453218608d44a14d40d26e9e3c6f9724640f6e85cf69dceb2d1128bbc4ca4753d1c9f2fe7fc0e11c59eaabf521c40072e1fae671c8254f36e661e6bc8a7e52bc722579fb690075d842c31243d101708a7b7944dc76ae064e35d9d96d2e59dbdbb66b21a9fb644f6e35399aa494c19202ab29f407dd9c74d5e6127c0f728e38a64f0bb57a2e53e9511e45954b76082ca5e3f765948f9020eb26f76e4c353619ab2cdc0edc5759f1bb5c9729c953a15b8c30df4bbf550c14a01124aa2311b89bdc046a9f191b2b825719c67cd6e76338c717062de6caaefcfabb52dcb753a6ba8379892717eef9aee5e11e05078f71f4daecdfd479baf01ae6fb020244ce5cc30a9fca8b9c67f311ebf214101c9147fd16900024f1aa3571905b48642556643b587a86439cff0003a213e4be77ff00e67b92845ee1389888d8867b4c00ea7a24687f675718fc3575b4f1c17077757b12027aa8007edd31c533bad9a5648493f1231d71a38041d6aa46d07e7d74a145a34e074f97cbf1d42502556924defd7240d05097566390019070068ba8ebc260cd9ce47c751475b34bd3a7c3f8e8a2eb6af3860463dc3d34417501520949c0cf5f8e99d47251bf0db72d6f34e02c4433347c8d36404e016efa803fb740a1272beda9b90b5f5315280aace3f52dc83dc1147c3afc4fa6b2a4654f9ee378cf24e12ff8ff00288cf46d5768ececc075dc46c92324102446c321c7460344120b84197c7be77e1bc978df3363c6b9570f62a013f1bc86d2b1d9ab21212403e1b8290cbfcae08f4ea76465aa0e05556714b558cd4d791aca8f30bb5c56dc8d855227866decb83bbfd8951e9eb9cfc0d728eb944ff02fe047cd42c39ba315bca2ad2a5f4d253b95cc7461a7426ab3aa18a55ee3d9b2524464eecb2cefb1d4068d0900ee3bf596e6ce52a963aa6645c65468f5002a333ca894f2355059f246bc4c4b51abfd7dbb9cb5f7760e1edcf5d9241061536c23071bb7364faf4ea61b61196a07f08880e5105ebcd3dc99672f5ae1d9da86a8b0f46075425a305091ea36b647f61d6c8c8d79a49e00f5ad82db2331c6cc8c7d5474f4f8eac243a4069c513f1ef217e16d4cec2e00f122eea960d56252549424876babc4fdbdae8c3d0e7d46b26eec4aec1a95e21fa118a6b7200a347ca2a591cc539b8e68eb793c54d792155d51561a0aab5c5246493b6a0c415c49bc74f6e35cb9ed651d1e6ada767e32fe5f65d0b36c8901125b1f976e6967c9791b9cadb9ef59558ec5ab33bba47f957a260027af45035d5da8614390586e45a4466812ab97c104f5e83d7aeaf6280477c56faf17cff1dca7d33b9e3678ed18bbbdb32089b715ddb5b19fd87556e2d7ab1943886435e9aac717e512f154f8c8695546b7c54969e19ec9efc5fef9145136d8b0855944470c1fd4e4608d5177682e4a6647cb31114a7e249c7b538980dc51af26f3cbbcef11c844dc6cd5abd96090e252d4e1aeb74dc529198c66d176ed34bbfaa74da359b6bb08da9c46a04c457f913a5b8fe39b7156fa57346ad32d1fc88f2ffbb0c7e8946fa349c94e91a967690e147524e75d783b059c23372d5ca9c3414ec8fa88b714668e429b571ed8cf4f70d29ad55815aa5c8f17078a5ce38d2b30dbb81f6cd1de55cc2c14767b4d0c8cb1b32ee936329930a09c0c6b2cac48dc13062c310457af11d8eec838ed45f8efb9c697224d5e3e642671f4143eb247e3e38bb70c102cb4f661e5863aca124429963923a05d659fb719404652cab261ab1264c7205ea0bd3bd467a07ae43c3b511e47c8aa455d69ac2d5aad286678629a42f31ef4a1dcb10918c646d5f6fc3a93ab2d45eba849c814c283b55b72d4ed9698319730c7b92bd8f31abf961ae5c907dc6423affcd00e7f8eb60895592109b3e556587b59f3919da4463f88dcdfdba39a5ab22753ee0578b94a3c8c9c6c9f53429d4a71495ee3c5238ac85664919e390343641fd45dbb801d1ba9ce0bbb2918902543291c38e1db1cb2e4989071faadad79cd9b91f26c9c1bad9f228e79b9274924689a76acf5165aa9dbca45189e46656672490bb940eb4ff5044c755cff00d640187112f3732dcbb55d1db5d9b6984cea0e1a2701891c40e294d24095ebb31214197d3fe8eba51fc8acecb496e211ed19fc49d3d54519b329f43b727e1a150a04d5c1f9daf1bc7d2ad2539ed340ad048b25c2f0769e49652f056963962866266dac7dc8c80a94f7b1d60bdb233948b81ab957002a4623c5f3a22484479bf38e7397f1dbc3fa2c91d7b45294bc8bbb4d5d2b44f1bc516442804dfa49bb6bac59cb2c4acd91459f6f85bb9179d4799b37abe785781965a967d50136d43570a3fe89572df24fe1ad8eb4b2eb3c978871be49caf33dd99e3e5aa8e1e2e221590c6b60cef69ecd7e81bf5248206319fef2e3e3ae9ec3732b50a7e24c9f9301555dd8bd47040784f1af07b5e47e4bc57272dba50f8e5dbb7fbf1c8d234fc4506923969053e93ef1132c98eaa5fd0819e85cdddf1084a2c7501fee39f52536c3b3fc3a3f82b1e0fe1de17c8f1d1dee5793eedb132f2772855b0258e8f0d1960c2eb31809767043ac4fdd5013006fd0dcef6f40e988e4f5acbfc38f8d3b92880387cb0e28d78ba78a4f59a952b5612d4cbfd5a49aa30b1c771d5e5ae667ad29776b1fa07daecdeedfedebaa77372e82e70fc6b4323c4655c95906147c7054473a3e9e1732ba97de403ea0f4e9abe76c888ed45d59ac78fe4b81e66c4af64dca268f69a14591163b3696090f6f3be49486c22f41f8e7596f5cbb6eedb8c4c74cf5bb9394750ae007128794b8ed4c547c0fc2bbf2c669584b9dc151e19a692431ca124941c81b04e51077558f691bdaa73ae55cf79dd53cd1d0da9c66283fdaff0089fc88aa10b60fcfa7c95083c5fc439d8aaa43c7cf42e5c8ab462857b53c8892f2626969ccf285768c08ab824b2edf7e0a9c6adb9ee9bab72934c4e1094aa401f836b003d6b2cab4c54310d9c78615f02977c3fc3bc5f93e238a9395abcad69a59a97d6491cacb2cd1df99a08e444917b02a990050d1b34d956cafa1d6adff00baee6d4ee184a0408cb4f2d31d45c83ab5b71f2545508da12e9f0e9d8b9c34b21af58771b037e3aff8cfe3af4f29cb403c5d52d1122cb459262c3f5593a91b893819f8f4c9e9f86a83290e3de9c005878fcf8f72e8bf6c7c5390e5fcc6ad6e21e4bd2a7665b52062b1435a58d83c92b11f3fca3d7e1ebae46e37f74c409c7447ce38d627cb81e9951776ff00b6edad46463735c87a6435034bf2c407e23806d5e6a2faf3c67c5f8bf1da260aa374d261ad5a7fcf230f9fc947f2a8e83f6924f1677252fc8ae7499e8195bb3cdf1959b6cf3f6cfcd95b1fc718d2a3a0a09ce7288c90dea6e93f64b05c1ca9ee2ed1923fc58d1099a8be55fbff00ccbdbfb8b0a6709071b5f6275f6f75e491f3fbdb5643151d734327ea6ff8139d33d517589ed166083dc17fd3a24ba04adbb8c064f4c0f41a0ea28cba9ea0f43eba0ea2d03ae47fc3a6828ea5699562e8304f4d145d691c87d4f404ea200adc4b9ce0e74547598e5d92faf4f8ea028bd55b5701be47fe2d3851d59e22d88b9fe29ffb976ab75e9f96743a85075f72d3ba90f1d6b956ff00653b33c391869012446dd7afbbd57f0d674aae41464af5111ceeb569c3cec3f8e07e034a8a4dfbdff6d479778b2cf4220de43c4079b8d3e86652332d5cfa7ea851b33fce17e19d59667a64e90d57c776a1b400914008ccc9d48dc193f3291ea083ea35a845c3989af229096a05054ba2a3cbde8e195e78da25131191b8151b7dc3fbdd7fe2d25eb12b8cc643497c382d3b2de8b0644c233d5122b93823f5e3c9116b304f72918e0159208a789e3670c8a0a376d41207cfe3f13fbf545adbce024ef2329020b1ed577b8ef6d5f8db108e8d312087702b403efc7b5568ac5a5ace49505e451eaa3f32e3fd2bad2479f038702b9c6b0af1588ed588b7c40a860e542ee53863d48f5f5d584167635e4556c1d4fc7f226297798a2b023539562a704fc4107a1d53b9db9b90d3e68f615b7dbf7676d745c3113d391f92bd52f9b1123c6e0cb5e192b588d3690ab26e28800270aa71ae75edac813e5fca4087072673862bb163dc848465869b738498518ead20721e555790ab2490a6d2bb8b3b742b900aa8f9fe1adb601c0c4f715c2dc7e4e0bba149059af60e14196320919538cfa1201d69882f81ee2a824915565afdf40598050a3dcc420c0fc73e9a562723dc54d0a16b12d6962b1343108d5838120401b1fbc692e5a330c3578ad1b5bde95c13204b49c0a21cc5c8adf1309da9f5360bbac11aa28857ba581ee03970eac7a1f89cf4d66b3b69426e016189ad68d864df05d7dfefa376db11a49ac6203083ccc9f57ee70703fb8bd10f3664afc9cd646d3116258e540da4fa8ebadb08911143dc5708128a4738b8658e392300e1e3dcc847a6727a9e9a328c845f49ee28e25968219e49c413a85980dc23558d7da3e2597a85fd9a4954501ee56d90237009076c472ecc1474b936a13cb0c9044c5dd0aca763ca02c818632cbbb1b3a0e9d759efed2771bf2a3e458d3a762e8ecfdca1b7326806918b135945a425c9d9a9856ab77314ef60aba397aed1332aac62490b6776c0485f6f4c7e19d1b3665103ca71e65bb565df5f8dd9b8356f349b4ea35ae9c23461d8f9a1c2a4b120dd2841e830c8bad422781ee2b112aa96aa3f295739da0965c67e5ebeba041e07b90016d5ae98a5695628660caf16d25481bd4afa83fe2ebf31d359f71b795c8b7985727c8ae87b7ef86da665a23378c879871891f3af10e15e8f94a2abb62b3de8c95925531af4914ae4901ffc3b500e8bac53d9dc35d351d7877769e2bbb63ddec40d644c4b1fc29a83640f01a6005239f143a58dec46a17ab179a42a597761c823273adf6adc8066380c8af31b8ba273948612913cea49aa8e28823149029618c8dcb9ebd07c757c411883dca821cd1413a8ded9641b31bb2cbd33f3eba5209381ee4c010158a160d3b115a30d6b0233b8476d52581b3d3de858061d7e3f1d24ad9219a5d8e964c431cf851347f996a58f1db5132c51dbb309ad154ab0471c318ef894b41209311c4c3ac89b4967fc3588ed662e02016c5cbf8d2bcb82c9fd53198230d4f8d70f13c3920bbd3fba9fc47faf56692b7ba79f34abe53279059b7c28b42ad26e24da9ab4a2358ae48f30e3e46190770937847f4527d467af67daa7645a2261e4496ae4c1f24970907ec8145e29e7307230c494adc5779ffea14d6436a25fa9155d939159662db362346ddd32300719c91d75d1fec6dcc5c8a458e383fe39772ada64f3ea57ed78d7dc77f1d4e2a5859785ae24b15a847738f896d2d78c597b10c51b23df0b1c8ae255ee74c6d3d3a246fed75eb63abae54f068f551000b96eda2b9c2d4f32978d83c765faa8e80822e4a0a53d98a1aab52d6268a67790c712abbb65448df9fa6376a5d96dc1f50c6aecf525c65863d48c3511438f00abdb8debac75e786486789e5492393daeaca4065208f9eb44656cc41671d6a08c9ddd691cce0f6abf7b74fb14c713b65d8383180aa32cc1c02a3fbde9d755936cd651fc789c38e5c3147cc334cb350f3fb134b5a69792b724b4a596cafd719c494e16db3c723091d5b63bed6858eedc71b73ae6c371edf11af4400d600a3798fe247973184b06cd335c0c5f1e497c781fdc4af76d3d4af714cb11a6f620e460ccf1a8da288749733385840fa61960147b718d3ff00da7b788012031d4c6269fe36d3415fcf0e78a023739fd90fe2a879cf35c5c57a93f23638886eb32589390115786f08dac4b3ee9a4448dc2ee679ba753d5b71d5f7afec6cccc25188b8618339307116a46a3211f0649e77604f720bc8517a120ab72bcb5ed577749607386521cf43d307e608e846ba7ea5bb908ca21e270af3ea558d4e55ff0010f12e5bcaf9eabc170955a7bd6f2ed23b6228215203cf33053b634cfed24855cb10355debf6a03548161cfc304e212c015f6b7db9fb75c0f8178f2f15c52f7267c49c872120025b336305df1e8a3d1107451fbc9f27badccaf4f51c321c16b84348466f72091293265547ac89ef51fb40f70fe1acead012f725c87722cb049abbfe59148653fbf45324a6e5568f21340cadf4b30c9897af4f8e33f11f0d40895f3dfdeabb5adf99a7215f7762659a18d9c00db6197db9009ebefd30c5212c928206c907a0f5d58115aaa8c9f41f21a8ca28ddf24818ff009748812b0dd147cf4545e8c9247a1d00a05e9e4c10a350a84ace4ac793f2d1516a26c6a02a2f77c63767f66a3a8eac89f76d61fb3f7699175271d5ac723cf719c6d72458b976b5687f06966441fe9d292812befbb6d15ae561864702ad67eebe7d0b9e91ae91408c25881a4c9e8c3a0fd9a54194ee372e07ed1a895701ff00e603c52bd78ad5c8abd58a1e79ea44b3f6ca4ab7e2925772d228e91c9136e6e9d769c93d35d5f6ebc75004968b9c68cdd195574000960b8f0f21e438a8f94e1b8d9da0e32852ec7184c44b58b06e43ddb78757c493a34a7a6008801eabadc6d8908c8fe52956b8063e5e99aaa04355aa3bd268af61703b2c06e23187f97e3ad9ae2f8f8a0e1d35781453a3724633516d4714260af6dfb725a52ce24aead27b040ca73631fa8708ab8dcc465dd5c888824d0bd7873ebfe3971c93406a046323974e81748483857987d62d73544e56c2a3c664978b52bfeea0fd3fb22906ecd51991481893a92396779909574f74bfdd8f3c3fc2b49d9cc5056a803519e5a9c3cfca5e8ef5be1aa99e322200cd7a79476524da91130d58a356233d5f23f9badc77e06b31c254fcb019f1a927b941b0187e38e03b947ca25dbb5a8c372fcf6c8898d97754563399a4fd472a8a4b98b60ea7d3f1ce97fb01e800af1e439ad76f6d18d1fe0969b8ee3f608e68642e819772b30ce0fa8e9f1c6b65bdc48c8c810aa95ab66924f15a4f1dfe8b52bda6af21482586b0c0768564e3e78e4f608d5abcbdc28a5d8b195cef5c6376b0cf7170125f3e38f9873c396428a91b58bbf4ebfd509a517049538b30490d0e562e3a7ad5277c44b0da17b7a4f62470c9dd6803feac990370fcbd31a2576e19102b1d433c9aa076f0aa13b3641697cba15b3f23c5f1fe51423e02409c7f2172ad8e767d9276cd70cabf4db640cbda077cf20d83dcc00c6c00344ca56c99e310446b9f1f84476be2ab8db8893c705ccf939397bd7e6b777bd3db9998c934919466230012aa1547b40f41adf6cc44400477aaae1725d5cf1469a1f22a5333475766e2b62cab1891bb4e10962922c6c5b0124652b1b61cf45d0bf31a0807b8d71ebfd7048c095d6dbc878b9a48eb2d9a905352230f5e42f3372240323d82d5c40eaae77adc0811a45527db955e60d401357f0d3cbccffe9c59f3569003331eefb785106f289784bd56b71b05b829a9e4035fe54c4cd616bfd2462ccad2c51289b75857edec45566f45f768ed2443ccb91a681e8ef4cf871aabefcf48d399ef01fc3b0f242f8bf30b36b82e738f333f174cbd1a9c171fdadcd1d011d849937bac872db62798efeb23647aeaf36da513f962655ce8d9f772540663cd5497c638b82915bd0399725bea21df1cab9ced11afb918e3d4383fbb4ffdbd52a10acf4339065af841f17e32a7351f914769ad5da93578e44ae93446aaa091e152f223c762691142b007a740cb9274bb9b92321a086078e7f30ab306188747d397a91d2b962c721c3dfbddc9d62aec11564e36545fa2ab2931c65a1af8919eac60c9bfb6876fc3354d1e51a072ff00bbf711cce44d314930c01606bcbe47bc8433c8b94e3eb353e623bd1def23e26031f1ed58ad8dd6a693f46d48c224448ab448f2450637c2e63524fbb4f6e664f1c2323577c06205713406581aa9a033530e5f2fd78a5af34e7b92e62bf011cd61ee0838d89ec8d8415baef209f790ab990aac7b8f5f86b46de31065d7c724e4a5a8e2b7bbd91306c74f6b7fab5a21722f8f8aac85d1f8fe5bc3a3f1be2a9c31b2cf0c1ca417e3e42a21713dbe3017b11ca8f21f759558abb6d0557a601cb362b92b8664bd2984bfc587762a08e2f5ec46385e738083c7a944962b41c8414e9c7c629b31d568aca57d974ef7aeff00d39d9f3ba590b8b07aaedddd33de94cccff173c4d1e981a8e42b1cd1d11327663d9d3bfb1038bc8aa70de5b14bc2cf0a55e6b988ae7376a185d228b8ff00ab3b296186dd85099a7013fb9fdd235611aa15fda295c64d8f6603b53691c8a4ae72ff0029c8f3772e5891eccb24ce04e57a3221d91e028518d8ab8e9add6f4c6007cd2e91c90eff007cff00b393fea37fab553c78a3a392ec16fcea3f17f27e46096a4b6eb72678cfaf8e32006a50c56527404b27ea869e3922cfb772fbb58b61edf3bf6b50a6932eff002f42acb930169c97de1a1c8b1ad2f176a850ad3c33f15356314d66112569a0ba278ecc8f5a6591ac67b4115655c89304e46cb7ecd7417705c5721886c2b9639649257638af7ff103c0beab84b2fc77299e056d4695ebd6e3eac575ef548aacd348914db2a93db63b22461e872093a9ff0055b93a83c7ccd8c89662fc3cde1dc80b91c1fc3a32b0df73386f2492587c8f8395aaccf357b0b55db2d40588ed558b1258cee122c8b204910286053e20c8fb55eb7f84838e3c5883f6c79a26608cd02f2be5072fcc5be56049120b73cf2c2936d122c658050fb4b2eeda3ae0eb6d8d94e16e30e1cd095d8999432149239e291964011d1cf69fb7200ac09d920cec7e9ed6c743d746762520437c3c466a7a80609da1fb85f456666e3b8e6fe9962392334aec8b2346ec8eb108a6408ddbdcfbe40fb99db27703d75c297ff393ba009cbcf120ea8d1f8b8271c8330028ccacf5c0a1e9d3357fff008a8eb280285960b33da557b511dfbcc99ab2621ffc3a897a630fd3d75447ff0096993a8ca3869c3ff2fcbf2ffc501b98bfdba77e294b89fb8b271dc50f1e938713f0f59ca533198a39d6b3473a3accae92579ddda752fbe3dac01dc3f295dbb8ff00e7673ba77024d708ae61fcacd57880d4634cb3748ee001a5b3432cf19e61f71bcae79b88e25ed723699e592b4722048a243b10cb3485107b5541638cb7e51f0d74eced63b1dadb84a548bd4e64c89c3b7b06252090948e9cfe8beaefb53f6db8afb79e37f4a0ad9e5eded9397be8a4996551d238fa6eed4792107ed63d49d79dddee8de93e592d908304c17bc978d8d4a4f2494c938569a29154fe3bc02a3f79d6565600c97392bad60772adb4957e0f1b67fb468b26749bc9dce428c8f66bbf6d8f59a32331c9ff00397e7f88eba2ca3a50e6fcc69bbfd4ba3452c4a4b440ee0481f06d452ab857955cb17abf1b724fcea668d87c0333ef1d7fc40ff66825921d1ca4b900fe1ab1d458b13281b14827e47e7a322a15ac713742da002002d2563b82feed02542a48c8452cc3f61d1c110ca11b9e4c8fdba515419ca966240007f1d128955cb13ea7d3e234a94150bee1d7e1ea31a0a2b304d818cfe234d128a69fb4cd5dbeecf8d3ce37455ae0b247ccd689e65ffca41a0ee5038afad785f248797b5d43476164dcf1a1dcb851d1bfea8d4213a74a35adc910964fd343ef2cc71d34aa3abf5a7aecdb52d23e3e08c1bfd1a881433cdbc5f8ef2af1dbfc05f2c905d8b6ace9d1e1954ee8a68ffc51b80c3f86a2017c75f75f8b6e2b97b14acd3838ee4ebdfb5057ab5652fbf8b5da6acd32f72729239276eedaccbd76e31abadcb55387c5572869ed49dc5899f918d03b03b661d5b183d97f9ea4d845d21467edac6d63ce789af2a1b01a49bf4180943ba5695917b6c4239de06d52705b0342ec63a5b24f025dc27fe45eec1678cefd178d7fa75eb779add7838e942a49b22792ac46546c96eda6d60c588f72e358656808132c475735b7d77b804703c1cfc78669c395e0fc7ffcddc1d1ab4459aad4adcb6be8b73012528c9579a346b2d2ee74dbd9c0393d59f3b755cacc0166504ae6827557a7775a48fb89050abcf4737141538dbd5e3b11cf0cc1e096424890c48aaa220a460a03ebf05f4d4b9006ad55658bb42e520f2acf2d6da2461999c83b8ff713576dc088ec55df1a8909c7edb704f7389a92a5596ecdfe618e1b3245c657e549add88088a7361d4d784b33fbd01f89c7b75a25203bb92cb28014259fafe49a7edc707e23c8f1fcbb79351a91c2b6e78b8e9a7674335659d15cc0e655123472158c6c03f3007f36a81330c1bc159386a347ea55bc57c6f819781e3ad727c7c6bcd96bf0721c7c61d9a29ecbb431a2c02cc739960730a2c6cc0a6e2d953ef36faa0965411a6b92e37e412ca396b8a6612ac73cd147342e5a3748e428ae87737b595411ee3d3e275a22c542f4271463c59ea4be4d6e9cd562bd6aeaf678ff00acdcd520904d1cb358b0165aff00a71d48e624eee9f2f92e11719258b2372c3e32fc0d9e6cd29f8be2e7e5bb5c45ba7612dd992b4ff5724496694d6ff484690227f21f8e5bae46ac01af1e3d3b94d352ce3af0ef67f8abb3f89f073f8cf0b752c8133f231bdb92e48d14b66a4b332435c431492a445a34691886f6aa92cc090355c4c634c95b2d44d6bf056a1e07c2cc80f1a95adc479031dc79e7edc91505bd616592055b4d9edc29188dc6e2c3076fbb504cb736e03a3a5111477ec7e9dea3e1fc9aa0e72b27330bd9e286e6b704f950d1160b90c83baa514efc2fc75cfde59ba6d9f4e4d3cbafef82eb5abf6dc09861c721c28963c99b82e4fcc8d4e2a1b517072d9fa7ab528abbda75042276527c3772c3fa06eab9f43f975a3dbe1763647aa5ee3570f9528b16fae4252787e2078e74f01c59f345b91e168f2d073d071fc357afe5752b7d6dea9c6da924a7519f91ae1a3ee4934902b435da4ef3211146182e01538be2ec09208e3deb36904d1c365e1d7de976c54f19e2a9d79e4b69ce48fcac11edaf33c264a35e0cf2000c931a3d89912bccc32fb19b00646ad05d98659a428073310e3f99e428416beb2bd2b73d782da952b3470cad1a4a0a16421d5437b491d7a68800a2e55ce0d6d59bbc5430547e464361d9a9244f61a48d02bc80428f0b4988d59b6891738fcc3d741aa81345d038bf1e86ff0096f055e6f19b14a84af6449f51c4495926956132c68ea6e5a59142c65baeddbf1dc3d04091527ffe3f44b3219a24bffaba74aa67e7f89f04e3b94a1b3878938db90cab6ec578a54a11d75995ed4cdc823f59e2891f6ac79656658cf4e9aaa372557c074eb4d48c43fdf97248dc4cbe2f778986cdd5ad03351e5e69a58a42d2433c71892a45d99a585a49e30dec56f63e4012390cab6ca59282357fd3a74652f98f17e2d1f13664a31555af1c121a97a1b01acb5e12c6218362cf2651a12ecebb085c67774d2caed59a8ea1890717e9d39a45fd5f99fe3a0e9aabb0b78ff15caf33e4d25ce3a2bf7852af578412ac8fb2f0a766ea9c211ed31d4391d49f4c63246edadc9c2018b0d4e7aa83e6926c4d782cc7e21e2b0788da69fc5a59fc978fb7059b7c5d769a7956e5942f5b8d7d89238afb1c1950b274f6eeee2f5d52dc5c37008cc6920d7ab19707f0ec5588794ea7fb65dfde8d789f83fdbfb3479f85b86a93c34a7ab072ccef6ad3d7b4b1f7258ab4aa9b82c72b88dbb729de14ef551b77d37f75786969172ed401c713fa53e07477fc11ae13c4fc5693c95ae701c3d989796b3457908a24de82cac6d5eabc00993796977eee9db8c1c0fe6d24f73708713903a416ea773c32ed2a10355463cfeeb8af94d9e17fac5a4e161fa6e263b3662a30b3bbb2c51c9db059a467725b6eeea75deb5190b3032ac8d7bd29a120267fb73c252bdc65ee4aef04395a35ecad7b1317c90a635611a61916a88d9bbb35a91b6ecf60fe6d70bdeb753b728dbb777d39ca2e29cf13fc9ff18c055ebc134072279a6cbde3de35dab2bfe5da54a7dcc2cf716a87e3236120852c859091f56547d3ccabea5739c60f1ad6eef8d2f7672ff77fc869ab4d3f67ee89e6af31f0ebfaac47e21e32b25aafcc78fa70f1d64db6aeb820475d965d86276901df1bf6e37b7b312b82a14fa1b65bfdc797d2bbea6afdbfe2a621b0356b6fe5157192c6d0cc374e9c900f15f0be19e08619384af6962e34ba5cb11b4d665f2112959e83406587bbd8883b7d385e9b377e2da77dbfbba8ff00c863e7661488b2d49be92cf2a6b7cdbaab85b1435fbf0e954fff00606870dc779879c47c3b06e261fa58aababf7140ef596645932db823ee51ee3d07ab7e63b3717ae5cda5895ca4c893e59e3da18fc8609ad45a721c1be0ba9733e41d88f721383d17a633fb33ae72d40200259b946f7bd8898f42a230c9fb8af5d150aa37bc0796b596e3a715a63ffe73928abf8b74ebfc0e9c499292913ee171be75e294d653c856f25e3c26ebacb09a962be4e0b6d0ceaf10f8b8191f10075d47072502e53ca5ab76a18e458d80b61cc4304ee08db1c823e018e347493829a86094b9b8ac55af0d5b513452bc9dd40c3198d4364e0ff8bd348cc86280999d4e41c1d07414d5864e58f5f869a2117562694a8017d4fc069c944d169144c4ee7e9f87c74a02002d6d4a33b2318c6848a856d0a61416d18a2b59587a0f87c750a0542dd474539fc34a8289f7018d04160161e9e9a08abde3bca1e2bc978ee4776d58665dedf247cc6e7f72b1d189aa828be87fb75c9d9f1fe324f21e5ecf72e48a61a91b1c8f79cb3e3a0f41d07e27e5ab59d14f9e2dcedef2195eff00326c5d1bb35e0c95ae8bf0c226067f1d21098165d2a85cdb1aa4747b483d14269144563915d700153fdd607a6a2042e3df7c3edaf15cadbabe48524fa92838eb2b08c02ce7fdd6c4ae124dab19ca316c03b972c36f5a3717a76e065100f1ea55ce24e0570af20f1fe1387b750d070e1a7e4a8da0c4c804f4a34ee6e2d1c455ff005fde80320e9b5dbae258bf3bae086610976489fa75f24928f774e09354c451959176632c303047cb1ae8ca04d554ea78ec4518529888c672a4000018c01aa8d918362ac8dd90af05d038ef1cf17b3c39b970d9af1d34ad17250d86685fbb6cc423332ad793b4b21977c223ee6f42a5990e75c9bbb9bb1b8c04658b333538572c24ecc5d95b1ba64c2a3bba778af25a72fe174383f1fb5cd4f2c97578b92d9bd5619604770962bc15e20d1f7cc52c6b637d8c86c7e5e9f98a5bdf1bb28c00113366270fc49272a51a3de8832d3a9e9c52b79471a9c57236b8eee8b02ada9635982e370d88475ebf038fdbae9d9f3007fc294df3abcc81c95629082eaaf8c756507f76ae607109e37b82d5a18c927b40e7a1f68f41d31a205111306899788f18f1dbbc5d37b4b61aedb6269c11855364c5bc495a28da26d912aa7ea5d67d91938d8db5b5cfbbb99c2e98c445a22bfe17c0e38f08624661c2129039f4faaf79178af8a56f1cb5c8f15764bb782a5f8c07cc11526b8bc7ba03d8459f6d83ed977a165daddb03d6ddbeeeecaee998023f8f332d3a8674a6556ad5670ee69fa24ce4d41bd38700e5cf4c0fdbae8423e50a3a8102ab97006fe809c0cead6c9074d9c47194ecf0366d45394e6db91a54952511c34c43752501e4998e77772119ddb5517ae5b3ede75ebb28dd11207a7a6479f95bebdbcb3618635e09c6cfdb9e1a972dc350496c4cbccc895a8db81e17314b1544b32d8daa1d6413b49fa51ef5c28cee6d73ac7b94ae6a218680e5deae59875357e49e76a419ca05cccbf4f5ab5be36d0928f25c7b5830cb31b2d1ca92bc4ea923c559caa88c06cc6b87dc06e0036b76dee4a5a84c078cc0c1a8c0f13f1c19033c9cb74e9e092eeca6d48f34b9777c872c7764630075cf403a6b7e9c9299138954da383b654c6b800601008c8f4e9a6641d357dbef15e179eb17a4e5e7922ab53e9618e085bb4f2d8bf31af08ee76ac6c557f5ca63a8c95f8f3fdc7733b307800fdf4153984da5f04678bf09f026df4f9097911ca40a88b0b97816779e586286694c34ee1a51c8f2b24424ddbc61fdb9556c93de5f23544434f7b634ac86a2d52d861d52241c4b63d1fa75a46bf57e959e9d88444f059b504d5d9965d8d1b2a943228d8fb48c6e5e87d46ba906907e2020e421d2415b3ed894291f051f3d5823c91752a18910854518c64051f0d431aba04964dde2bc678af29c7aff00538eed59bfa8d0a02fd7963923924bb3b1edad76806d2b5a273b9a6f5c1c1fca79bbbb976dcbcba48d322c41fda38bf1e5f54d000f5a9ae78bf0117077e7ae2c4fcfd43764920691a08e3a952c880cc9baa18ac051f9956c2b67e1f034c37570dc883a44088f37320edf93c7979704ad5c5d00ee4df2d6cd21164e1e59c3f2dccf9c7215f8a8bbb6aa71abc832ab48b2325688161188f25a4c3fb4635def6ebd086dfcc0566d9e6de092e024a23c6fd94f2c9a8437b8cbb0435ef2ed9e399790a36164da5bb32c4e80365fa06dfb4e411abae7b959058c016edeeaaa9e4cee6bcd4b3fdabfb89c755b74b8ee404dc7d47515ab53b96628ad2cc237b2d1a6f48e328caa0894a190a7b77151a83dc6c48832846bc461c3a076cd08ea89a129962fb4bf70fea6df1b3f9347611d429c5ce41d264b0db662ca594603637fe62475f863547fd8ede92f4a2ffe51464e44d9be7f65cab9db852e4b1721124fc84334f1db9bb8d3ef99652b237783b7732c0fbb273ebaedc4c4422444692289047ccee4221e31e133f96877e320a26749440b04ef2acacc14393ec591624c3746959031f6a6e6e9ae76fbde2d6d03dc896677029c38824f28b902a5827f4e52a03f04566fb3dcea4b76086b529db8df6cbb7eb63cd8704ad6413c1110ecb860cc163c32fbfaeb2c7ffa6dbb4652891af0c30fe5499a72fcb1f2a12b65ff00234e9c1079bc11a2b2a98e37e9912c1b97d2695a0a9252645b31cc36778c91b4d180238df7ee1b0b75c6d87bbc0c5f44b553486ac849f491e6662c71219bccca1848624fd3af873532fdace6d94cb663e3aac6b7a5e3434f2ce5a47af1b485e28e24925991b614411a972c08dbed24507dfec83a6313291809d0644b55e40039972cd9a1e99c5c81d89f3ed073afe21c9f90f8dda58a3e46458a5ae202cf1c86ac92ac8118f5c04983fa640dd90082057ee9705fb16aec4346be273ed0aeda869109fa1f3b9a3619b90b4871b57928fba83e7b275f4ffa58d70d6c6476b7927935fc3d19a92ef01649e3944b1803feca351b573fe2dc7f1d14ac15d796d5187eb391e5de571d162524a93f2c7cbf76a2893bcee9f21e57c3a4bc749243678d67681f7b470bb580a85260aac5b38001fe5c92756da6121a9f4f2c55776463124072321895ca7cfbc4bca7c3f86f17939848a9d8b315eaf629c12f71e3713fd400cea593aa483f2b1ea0eb49f4cce461f8801be67b52007338ae79e59c9c77e1ad6659ac49762531012e3688d89738f8fe6d66b9160e9e32295e25966930bfc754008e288a245590173bdbe5ab580aa61455dac92f91f98fa01a5d49548649047b8f4cff001d124a2a28d096258f4f5d284195901881fddf869d1650b960dd3f7e94a0b5dfd3ddfbb51d450cb923d7f7e94a8a3c74c9f4f9e828a3946475d0282eb1c0f335aff8e55bd6e59274e2c145e2a2685acc9d889659e5113cb1c861553d5d15b0037c8e9a374eb11031ceadc3833f72aae5ed2406e8ecbb5f83fdd5f14b662e3aadf8b89b4d12cb1c76a328590aee2559818ba0f51bb56981c55ce0ae994aefd4300dcdc92e7042c788c1fd840035598a298eb7723400cb238fff006843e7f7e34a8a8ad3c6432b00eae0875201520f42083ea08f86a28cbe53fbf7e255fc7bcdf8c978fb7358e3793a7664ab427964945230821e183793b2025c3220fca723d300596a118c4b002a301f154dc8e6b8e0971d7e247cceb4b1655b2f772427a36467e24e98c6aa265a17bcbd22e3e51cd5caf14113c7c7886ccad2448fb14c70c6245c06014919180bd7d06b9572567cc04419674619e25bf575dbb5ecb767084e64084f0c25238301170f8be3e500bb50182a1bdc620b9539992bfd1c924c26aaee08799561924ae55d77b38d892b7b7e03271a73704ce836df5350f2ab4a94e31c7b109fb4c2303337468856440d54c3c95f3d4812fc4449c4b2a579e7ad5c41210d28b12f71c12724a2367afcf767aeb4d9319f9860df55cbdd6da56ae184aa63faaa8b61b71ddebe8475d5821455293eaf27e5eb851f3d0100e855917e37cafc9e11051e3f95b95923ca56861b32c491862c5f600ca141ded91f89f9eb2dedb5a694e71078d15f62d4ee5c8c61f99c30f9a8b9e9f9f7a9722bfcbd89e392d0b16aac93c92452ce310ac8f97dad36c4046573b0649d26de56c98e88352859b9f0fc727e2ba5b9f6a959b73339c7540e02a0d5bf2fe67f3d0df8798b60817259fae9f3ebb8e4675bed9f285c75067a7f0c9d580a2ad24f64c2d56395bb16193bb006211de3dc232c33b495ee36d27d327e7a4d117d44543d7e3f050475100625175feb94a29eb49cacf5d2c568a39618a772ad0409ba34936bae1103148c7cf2074d60172d4d8c61aaa71e24b5295e27954aeccbda256c9172620447553cdfb75172e34ff106baa7414aadf92b172e5a96ddfe4ec7236a7a5b9a7b8ccd30439daa4b3c87a0ea067e3a6b0008b08888136a61f01d4b0efb6f1b462d2d5ae02558e921dd9c39c457140647894f4ea4f4c7c35b16367509c14f5f863d74c9994b4793e438db06d71d6e6a5676347dfad2bc4fb1fa3aee42a70755dcb50b81a4011cd1c13041c9f9dcab5d9f9de4234ecf6ebe2d4b23847db1040a24076edc67fbaa3f0c6b99396de24c442258d68c38f0fd4aeddaf63bf3809ca919c698489a8880ce0f326ba63dc97a789a1aa90300a61b1346c14e465420383fbb5d284b5546602e35cb66123138c4b772ac08f9f5c69d25178361463d3f6ea14115a10733353864825686957b49346c642a91cec0299d40f465ed282c3afa6b25ebb6e3220879189eee1daeba5b5f6cbb7602e0616f508ea2695cfa8357c1493cfcec9c55baafc84f25213c9627a6cee616911f0f23e5b1bcb7bb0475f5f5d5319da1723e5009003e75c07573c95fff004d3f4a73041f4cca8d468162e7f69e11cc66aa65b5ad97298ae9d7f9de0b85f31e76cf207905b36f8b5a35a5e35e1468526893bb3319591b726d5dbb7a75ea46ba9b1dacaed81a4c3f3fdc7ec5533908c814c947efb70be2dc7d4e12a71124fc7d08a28b8e496faacdd931bb48d688c8ee995c1c27b402707a2aeac1ecb3bb23232855dfedc9017044354aa72fdebe22ff00234658b8fe53e9e213d69224e4e2686436d76c4d62b08196778ce7602ebe991f2d30f659805e56dfb72e072ee43d4880d5f04e3ffc64e1d79036d2b2ca210cd2c32598b211304c8cc91165c49ed6ddfcac7dd9c6b1ff00d4ccd090acd603175c7396f1be22cda9ad2733108ec4d34c865642e7bb3b3fb8a955c8dd86c0fe1aee8d5a6316fc471a2ac9a9745fc5e6a3e3714bf4d678cb1719a4ec5bb05f3b678845245346922a588b6ae511c7b18961d4eb99bed87f648d4488d1c02322e082de53cc62182b0111723e2a497cee7e0ab71f53873c734741a57e06a07761427956559270cce4ce58d873b26ca8e98c0ceea8ff00f3d6efce529c8ea936b2e3cf10cd1c3cacc2b1626bd8257da8cebd2f9053a10af22d57889ed42d62da548e7b017eb2fec5b13c6e642cb20da0c781ecfe5ebeed59ff005266f1f5240308bf97f18d40c30e3fcb3e09750c4f59083afdc9e5071ffd26c434adf111ceb2d5a33cec5ea468922471c164113a76fba4ac858bfc338639b47b05ad7eac67a6e33190fdd839316d25daa30ee081be70209cfa141f9ce6391e4f9b1cd99e2a9c84b23588e4a9298fb4e2462a62624b7b7e79c9f8fc75d1db6c2166c42d09031008f31c6a5fa762ac4fcc48cd74af10e7a9f94d6686ccb0d5e7e05dd3888830ce9e9ded8bf9327a385e80f5c60f4f3fbfd87a05c1781f0e47e4b659bba8366afd9e126a7615a588d695bfd9cf19215ffe63ae3f87aeb9ccb40922bc7dee72bc6c8b78bc6c002b3c71cde9f8b827450608b712de55e4124bc5a59cd031bfd6ec86358d50a9e8db1577331e8a99ebfb01d344b17485906fbb7c34363c5eb54b72cb9e1b051cb6e7411c6cacac70d9f86ec0f86aeb60ca6c3f724960fc1707fb8bc658e2cf029609eef21c6a72450c91cbb56791e341ba31b73fa2491938f43d7234bbaa4b4bbe94b0c1d2bd76da9b8f41aa0275edcd2b74ebf8ea62a2bd1568e04ee48327e03564430729999559a5692424feec7a6909409752443d095381a2028a490b740074c7eed128a8589c60f4d2a55a16f81ea351d4514833e9e9a551465801e9a8a2929c31cf720af34d1d68a691637b32ef11c419802ee63591f6afa9daa4fe1a910e4040960ba173c9c9f8fda93c5d25a73ce89f4ad1f14aa59667020961591abc32f7a6455498a67b8300b1ea35d4b5ed424358247583f07c064b19b31d4e6bdafcfaa990c97d15f6ebec1d2e06c8bdc95c6b7cb59e34d59e3014d583714deb1f4deeca536ef247c7da3588dc60d8875ae3165d0e870d0717452819165840e91cdd063fc05b3b75592e9d57b0d76b2f7b8a99e4897388a390b2e7fe636e5d2a6a2c56e6e494225d4ec5b3eaa46d0df881a88b2f9aff00f980be25fba0769671478f8210bbf0a0ccb248f81b4f53deceba5b4d94ae5b7059cf0e0b3de90762b9f709e2b739c7912a18e231b45107b129447b160b0af590ac72132cc636dbd368c12cca067575cd9e8c65e190c4e38055eac95db7f6fb99a90de999a0921e32291f91786c0710cd0491c53d5605158cf134c9bc2064c1c8723558b00b34bf221bca6af81c702a17cc1e9d30c5629f8df3f5db828e24576f268246e3eb33770ac26401de68da33db564025cae731f5fc34b73dbe320754bf0352cd5cb3e8569db6f6e5a3e5c0b862c454d6878e7c56dcdf152f1b538fb49c9f19c9d7bea7e9129770c8d5919e3dd2c72d68008fbb130da4e770ce3e3a5b3ed824641e4083577c7979b16f057cfdd2f111d42140df8c6b1fe3ce39e18d71406695e54026decc5de5672c3259801fddff000eb5c7da8c43090eefbac17371299329172714c54fedf7276aa56bc2e5186bd858de4925b1266b8993b9089447049bde451f920ee3afa4813aea896dda4ce49e51c5b1cfe2c382573c38663eaa7b1f6bfc869c2f35c969568eab6793792cb91491c958e69d9217564931edec191b240650c71a58d904d24ef87971eaafc508c9cb67f055a8f80f2d66fdaa534b5e859a9763e315edcceb1cd7e463b6bc524714beec296cb60018ce33a12b20441d5421f0cb89af6284c855b03c907e559a1926e31e7afc84504876deac4c8accf87768e59238e4393d18951e98f4d5b0f6a24eb04825a951d5475b67bfb92b7e94b490092ec353c8b9f3635cf951434683f33cac55a364867b4cc7b962558a140885d9d9caf40aa84f4049f4504e0127dbcc62faa83912b26b7c9320fb4be4c57f49aa58918a3d7822b0fdc9eb3941f549be1455887706e12149075f66aaf4c7f2ebf2e078638f524f53874e9c550f22f05e4b80ab25cbdda6a6b73e8167826dc1e5ec0b0709224532a88c8cf7114e7a634f676dacb09571c3b38a632cda8ae3787f27078f58bb3f23c624695e0b3728da924376136622d4e3c76197b92c2018c6fc2e7076eb3ff441b98904380c0806be6cf8e3f35ae1ee1705b3068ca33e2012186915350c3f1e1966961ed664924604b4b1889ba8501768518017e0146b4ffd6480001c0f0fbaa6edf3725aa58fd283c159e1bc66ff0034d7c508c3ff004eab2dfb3be409fa7163d89ed3ba5909c469eada9736860cf2152d82ab5801149bed9790277f67d3cf1d4ab6ed5d960b0b2241250457b3526213a598f7aaec00ab161b588c9150803fbb123239e08bf00ea859f0ce5eb79347e3566111728e202e0c8af1c4b3c0b677c92461d76c70bef90ae7001f5c6ac1b6061ac4c69eaec50cdb10ca4e63c7acf8f434ad7f53e3f908790466a6b52636730f708ef18e5863d8bdd89875ebb81046a81b1f51ea4118d08e942b5d8deddb469c1aad218bd0655af5e2f5081bbef8823ef66eebc8ce5b2599c0c93d3f0d68b7edd2e23860b34ae991d46b23e28bf1de11ccdee2eb72d1a241c6d99a6845bb1288d235ae0196c4b952560566d9bfae5fda016e9aae5b662c641fa8f47e5f24a67c8f82bebf6c7c904b24339ab567ac2492e4362caa4905689821b72a05665aece76a38c96247b70c09afd304524fd40f775a1ea723d3a752a553c33956e4aff1d2d8abc7cfc6c90899ee5858a079e438ae91c9b583348859d3a63682491a69eda80bbeaa605f9fdd5a2fca140ff902dce3813952add74c555e7aadde22f5be2adcf5e6b0acdf532d3749955e439922ee855ea1ba38c743d3496fdb44da40d0618e582d67dcee98ca25bce492583f9ab20e32398ecc1c2a5ba2f91ff87eed5bfd29f10b13afa07c0f9de038cf34f318f93b70c12dba149638a6599b7c3120ef60468e186654ca83bfa745c64eb3fa729588697fc8fdba60890f26e4ba3dae5e0b7cd457a9cf5bb16088b95bf1c90c3dc2b50cb54333c7234a63ee8c2865c672df15d67a88b17e58f1aa3a73641d3c80d295e1bdce56ab6bbf42c4d54cd563b3347355ed85dc530ed374dbef5caaed0caac3758620e009c466dd3a5520897723eb8a86a73ad52fdc9938ca426e5b925abc94af72ad79c5468220cd68cc80da31195d1a1db8ca9eae4ef24c5e206a348d2859dce0d875fc304e201cd1727e5cbbdd9521f1baf1c292cb1c695d4471154959432a12c17b806fc0e833d0635dc040b71ff90bb74ee4a621cd10bbb7a5a35a6bb2f8ec4cb00dd897ac64f400305da486381d083a68c41688b86bc103a7165d2694be2f14fcf491d6e3e5a7cadd99e49618eb8c513c7af61abc722feb219f72a47132956f731231af2b386e34db04cf5c639bfe5ea55c83e5f2d49938228158635700772db929386938d69b83e2b8d951b8c8698e3ef0a952c39fd64ed5832bc8bb2352b2c8d1bf71df68dc0750622f6ad1725307d42754754a23f12f16ab9fc438d203967434806832e9da80d5bbe3753c5a0a4d6b89abcdd5a359785365ea7e9730b0cab65a48dd4bd721fd66b2c62918a3a63a62dbd6b713dc92d70db3396b6d55b6e34b1c24ff00c623544020a4100cf4a7c7eddcb9bf9abf1e79b125096196230462692a8c40d64022d3c5d141479f7b02a029f55f6e35e9f66246cc44b506d4cf8e9d474bf36ede35492c4a79fb4bc453ff002fcdca55ab4f92e6e3b32f721904725982b8891400b93246ae0bb09147c71d718d62f71ba7569248837612aeb0035315d4f8ce4a38d3e92da99684bd10d8192a3e092ab6474f9eb906055ca5b9e25c5006c58b7fd0a9abed95e575689f1eab0090efdfd7e1b80feee9547575b97aff0046bc5700838fe3a3f5b45f64ce7e2e327702d8eac4ee3fe1f4d453ad2979459e3e2e366866b919215800ec37b3118fc9d58fafcb3a066235259346265805c03ee75cb972f7113c9516bd2af47fa7d478d0a239af3492c8304b00e3ea54b018f5071d752ede8dd96b897755984a074c92a2b7730b9c695457eb451c637311d3d3e3ab221930589ac2c8db7e5f1eba84a8eb4470bf910fe271a0802a4361cfcff018d1745d46d2b1f9fefd0250503cec07a64695d475119f3ea31f2d0741d655c1f68393a8a3ad1c1f4f86815146fd51b3d3a1c9fdda8a2faca48792e0bc7bc7fcabfa5c6797e7e55e52ec50402573c8db659ea40b912483f4f6a4633d18363a9d6f174cfca4e01bea962000baf3727c854a95dbbb0c16de257bf45d8011cee80ba2487a150df2d642c9c2a1279573a63659eb54917e524b181fc77e83264afcaf377fba251c8d0e1d17a6d86c2eefe0a5893a899043e59141699e1e427e4ec49d25b12a948b6ff87b9ef27fb34a4a202e0fe5bce57f23f31e4f915b526cb561da22d106511431ec50a438c8d91fb75d8db6fc5a808e93458ae5492a1f1de6787e3e1bf1d8a7f5ed761581256ee412c285899446f1c87a4a30aff12a36e76b302d77dc3500c0f82495bef47b91f33e4f94e2ac8dbb78b82bb51906c79121939068d8b45be56312bfd0623881d8b86f5273acc371012720bb83964ecfc71c530070055d1cef99792f8ed8428791fa686c55b3cc08ab4334715a68a49c3812c59eea42911720fb495fccda31dcdb8c9c02302ce3276c799ef6524388f03f20926e72552c434622c505084c11b08bdce1a7927cb0326320cc5463e03e79d691ee201258d4f2e08081512bd58e013b4ce43318c0ec8ce4004ff3fa75d30f730ff89ef4a6d14f7c372fcb2707c4a57f1e7b1c7d89e18609ebcf2c2d25a8d2558e683b7619a84ccb0caf2cbb40930e4e17d334f7919489cffd268729711c38278c2438b0ebf0a7d54fcb7dc2e46254bfcff0836bdc9e163234b0a4776a23c5feeb58caff004b2c0b31de761dcc77f4600ea985c846917f0739d4e7d026350c47cbba8864317357f99e2052e22c44be3f24562b71e4315124ac3912f3cf348a4b4f1ecf7123d8a8075f5d237b16903fb8365c1a9c3ea92106200fbfc3b9245c58229a549a49229525612c2f5caba382772b2b3865653d083ad3ff00671fe27c10d0e89f8dd12fcf46908ab726aedb4d3b92c34d26328ed2ac524b3c2c65dcf9429965601b181aacfb9830c087ea4c2d926955d027fb83e451f21fd3956947c9b4621859f968a78c448eb1c91d86fa911c979ca15ef33acd83ed5fca473c5cb443d5b1cbc397f85196a02a2bd070f143deb737c8dbe42854f1a8ecd4f1bbb4e7b9422963b31c438fad2578eb3ce26db67d58ca23c9e846075d69b7be8b3d5c835a7eecd24a2d4e28543e3be6f6eaf2fc7b71d62d5ae7ac549ed4bd9024161649e6036ab8552c59fb80fe4e99c6465a5beb42502c7c8ed519864ce7039a529f8c105ab5565991a5a9b84c63d92a662e8e16489dd1bafc55b1a7ff00b58e40a1a0847bc1f9ff0021a3358e2f81b11c897d2c49355b11565883474e75fa969ec9023fa78dde4eae14e30739d51b8de5b9879034e7cc1f164d1812c19d3553f20f367b878ae078681c7310dde5eed1a7f4fc9c76a6ba8f425ba272f32c31c52138883e17a872ca7557ad6cd6b4000ae5f54ba092cddffa201cd717e57c38bd4f91e264e2efdde3aad112c8c448d4f8d8a282c256db2ed9bbe638fb817761432818dd8d07790a50b024b5313877232c6bf340fcba9f2dc759a1c4f3d4e5e2ef71b4638162953dcf13cf359494e1997ffce0ae01fe5f9e7560df4624d0d4be5d5f2423e6c3241425758c4c66f633940361ce4004fc7f1d30f728ff0013e08e85d1bc47c87cc390e1aa430f00fe43c6f0f31fa1b50d786b35796ad4658956c762459248126ee2ac81c962bd0b6dd6695f81912350d5cfab27cf0a29a481977225c55cf3382cddb30f897246e3463c7ee5d33cb5ec4356631cf0442568d447654bc4cd6d94a905728bbf26b95eb44b65a9da988a71c3978a11c1f970fb203cfd7f31e56fe23e0ec4038dbf2d9bd4ea07b79ba3b264924788b0629018119c0c02d9241931abadef211e659b214fd7a51288b3be693b9fb42df3bc9dbb59ab62cdbb3358aac8e0c5249333bc44361b28c769cf5d3dbdf4231018d0364ac112a9ff00bb7fdb7fe49d4ffb08f03e0a692ba53f116b97fb9f7520758578fa6d7e5b3da5999160aa9b40566419791d10127a16d59b3dc7a7b56605e4dde78a930f26437c8786bf6210fcf5da74b90ae24fa5ab72368d255442f322ca14aa4a0aa854900df9e873d35beceef4868071d4124a1d1d55a7e057a4e21391b3629d28e7829cd057950f736f216cd684382142968e37b0a149dd1a93d347fec5a4cc097390c839fa75a53124387f14f17bc4fcd23e51b84e0ed0e5ac555ecd97fa51595245764c0decf88f681ef72bd73f0c6b1437b6c8d73022fdbd3a95b28918aa9c950f27826582a7235aec71801ad471ec477cfbb607049407a2b74dc3dd819d5f1dc5b3104c59de8c101092a3ccf0bce49e34f7f95e52ba528efd5a93d58e1ef4c12c6f3dfdb98d484d876aeecb1cf55f535477f18dd108c1e4632209603cb967da72e6a4ad922bf14d52f8279008aa454bc863945c8a34e363928766479d977ac33289a4ecaf6ca61b2c72d8dbd33ac11f7a0f233b4018bea690200e23ca35572a618a7f49b03f143fc9fc4fcaf80e1aef293f3758fd156a53c9584044864b72989e352772e2271b77ff0037c86acdafbcdbbd38c230fca5200d1bca1dfb4659206dc9892503e03c1e3f2ae397985e6a469d6475bd0bf188cfdc488492a577369127d9bd01dddbe873eb8536ef3deee6da7a256e0d91d593b0321a1c3d70d4aa8db8ca54353d6957c938e9387e627e2a578277a4d2c0678e2da8fb2675dca1864671e9aeb6df7a6ed9b770003545f0094db627a648756b5612d432d60a969197b1246a1240d9e85586083fbf56caf3020b36741f446ddbd521100ea9505732ba9f0be6be4d636709cdccb34f2cc9157bf08fd61bd4b6e9946d529d08dc307e79f5d796bde94fcf65c45a44f0f296619be7c17a4bbecd7acc7fe431d5aa116cfcff00b8f2cb8bbf271de6fe296f90e62a59acf2cf2c902c6cf248d27ba32dee61236d195c7e5c6b9f3690ea59a366e467a5989e9d4835cf0de4e8548edd881245daad24911de632c3386f8f4f9fa6b0deb4627a5174addb96805a8df15ea5c8189360dbb474f419d64904f16210cf2be2eaf214cd90cab6230584a4e3007c0fe1ab6c5d319364a9dd6dc4e3cc2408fdc700fedd7542e0ab88a55464e47cb5628a5136005551fb468ba2b7def81d327f0d1751d6a5c83eef51e8341d450b9cff00c3e7a52a2d154fedce828b2631e8475d1640ac35500646a6951946411d0f5fc74144c3f6ebc4dbcb3cdf87e04296af6ac2b5e619f6548bf52c374f4fd35207e2468c715197dd735e78a6530811e06e118fca00236a81f218e9a64526f90d6e5659de58e333c4e4bbaaf47524fa95f8a0f9afef0344326052f4fc042901b17e75862f53d7d7f7e82297a635a572bc6d60b12923eae5193d3e2aa748426495e79cf371b5db89a81feb6dc65acceeac36c27a1dac47566ce3dbf97f6e34f6a00f62aae4e8c90f8ddc97a0cc7b5648a49232ca406431380ea4e372e46323a6ad98f29e99ace5952efb6cc12323e5ff00169cc2aa12982cf2cb2f8ec3c655e127a96aefd1ad8b6aced1596a0928492087b4addc984c5a53dc61d3a000f4431a92e29d2a99e1da85f1f6678a8dfaa29c931e72aa56ad280e3220b70da263015bbc3fddf690a7a139f8609901c4531e5f4444995048a793b4638de416095ae5119bb8cbf9963c0f715cf5c7a6988f041c298b06e2e320e7f5e4c1cff813d34ba482a1c51ff15f364f1f6a216889a1af6e7bb6c2ba2bcb24b596b57742f14a15eb0ee32ef0e877fe51ea44adc902010dd3a76a9393f3716609eb711c7ad192f5eb76645956b72395bd0c3134318b159a5570d06eee2b6e627af5c1d084243128d3b1116fb8d0dba96b8ce4386925e36c45071e52b3c50d8531d14a8ca666aced24aed16f1dddc547b47cf4a6d1357fd38a9aa357c526f3fcbdbe6b96e4398b318496e582f36ccec4761858f71f8ed5f8f538ce35688901908a31e39cd719c27963f25c819b6c0cad12d7a94eeee21d1d94add6548fdabd244f7a9f4d2c44b4d14310685165fb894a9f9cd4e7b8fded47ea22b17e39b88e2229d5619de554ae22dcbbb0dd66de9213d49f6ae9610988b177ebc7c29d4a691c958f01fba90f00fcacfcb5133dcbd0c31d6938d86b53857e9d9dc47356adf451bab99482ff00987f8b0069676890c131625ca2d4fef2f010dfb93af1976a4330af3c4f17d3d9961fa7aad0056fa86f7859e56713330ddb8e631fcc256a74c1002b8a42e6b988797f20e5794ad58528aec067fa3d90c4b16e8577a22c0912326e07636d0cc3dcdeec9d3ca0433f140177c147e1fced3e17c821e42da3b56105baf276e082d3036aa4b5d5fe9ec958650ad282c921dac32344c64983269e2bee3f15c679878e7310acf253e238fb3c7dc22851a8f20b0d69c18ea569440023594c9122336d27209d24ed9249e2ca439b3abbc97ddfe32f799c1cecc9725ab17169c69abd8aa86590d979e49d95a5988109712c6049b9a4503746a7a4368d5928c3ccc807dd8f3da3e6bcdd2e4aa0745af57b055e05afd77e7202d9b9bc31c9ce571e9838ce88810a000125f14a1d4f1884751df7c1ff00a0ba3a4ba674c9e07e6ebe30f70b544904f05911ce9dfef99debb475e3668ecd745816660ee76971d76f5c624a2724087cd357877dd1f18e2e9bb72505fad6a6e424bb629716a0d524fd318cc6f62c9753bab969378724edc11818a8c24f41d3a72563448af4fb28783fbe15f85ab6ab8e1e06fea5c8cf6adc4d23e52b4f1578dd964568c4961fe983126355ddb98fe7da84da9e4ab8c40a643a772e79e41ca56e539fe4b93842c7172172c598d064604d2b498c16908fcde9b9b1f33ebab044808aa5a462a32eb69cd2c3e5de41c4a53a761b948eb89e79e5b50cc218628e411a3d79231b19f0cdf3f8f4e9aeb6d6d036232326d32393f24bfbbeea9f9b792db5bd15ce4b8de26cf252c252b4eeb6a748b6653b8609a5921924d8cabba556ea80fae73b76fb7b6cd19c800787d024b9cc376fc508e3f93e6fc85df8f7b719b12d97e52f722c1fea6ccc11638bbd2107db002c22550a177b7e18b7d0b56eaf4018062dd0a0245faf9ae830f2fe62396e2b919efc5347c6989a6a4af6121b93451b45f536172c0cac846e2b819190012d9c06cedcc651ad736c3a9580cc64977fcb1cea43047fd5c9daa41625f27dc7afa6b64af592053c143a953e7388e72b78cdf825e416c5595e0b16632199c1afbc2146232b8ef1ce3d7a7cb52dfa13bb196062ed4e3fa212330f9a60e3f98f2eb50c9c8c7ccc05f920b6616ec2e69cdda15fb94fa0fa76589447edf40a3e20118a7b1da868b1f2533f307d4d2fe55aa8252202f5f87ca6e537a777974ba86bd4aacb650c85a2a731b308766058e5dfdcdfccbd0ea5ab3b58cb54469f348d38ca3a4fe99146426737ed422cbf92707c6c0b1494acd2dd66bb71a2a89609feae55b12ac912a86976bc29b4e72a1547a0c6af1b6dadd948c8c84bca7555c69a062f4c4f5bf155994a143f149fccdeb7cadbfafbb6166b7611a599c26c05da6909c2aa85503d001e9ae9dadbdab508c625a205314826492a818a12db7bcb8fc431ff008b474c07eeaf528e70213e707e3724946b720dc9b24f384b0495cb064042753d7f29ea0eb9f7fd204c19c5467fbb15d0b5b9bc0ea06a4c255a9783e9af6f72289c0b2aed5e4c6100ed26c5c26720edf96eea0eb29b5649abd7135af5f16cb82d43dd2fb861061f88d21a3c74f07cd4a3c6a411c709bc584b8cab46332ec51b49e996da17a634ba6c9264e7cb854d1f16e0f9a51eef70474ffc64504818c7ccdf8eae71cbe6a9f3dc071946871b69a499c580ff00577e055900669640921800fca36ed6dbfbbaebcfeff6d08dd22234c5851596f7b70b99798ba41f2be427bdcc49c571351fe95de38aac5b84a6562a17b81c245d24652c015f6fa1f4cea8b56a301a90bb7ae5d3a38ab1e5bf6e63f1ce02bd9360cd7c95fa961fecf73742b1ff00857e67a9f5fc342dee0ca6d92b2f6ca30b44fee09414ce3a119075b82e6add651939c01a2ea3a9e3923f519c8ff4e9822eac89c95c1c11f8e33a6d499d6a760eb81fb75105a9618e9a0a3a89e68947bfd7e5a04841d529ade4e1460690c9075bf194aff2bc8d7e3a844d3dcb4e238621f127e67e007a93aae5300394d08994800beaff00b59f6fb81fb7d4feb1b16b9cb11ecbf7dbfb8d8261807f24791fb58faf4c018c6e8ea7cb82e91da444748c78a733cc477924b151fbaa0ec2a08dca4004061ea0eba3198907150b9f38189638ad388bd24b64c0ee449bb7479f5523e5a64a963cdb65cf2296c5aeda451246a238f2aad8504b303eac49393fbbe1a8884adcb796f05c757135f9da1abef8a0820dad3492f69da3da30fb503aa8672a557e234b28cc83a3150c805ceae79b34be376f816e427b5566e0e381deca97797937bf0db9555c8678e344531fa856ed8f51b354c7692177d4d201f532fe1a487e649af6f5aaa321974e814bcef93719c86daf5acc97fbf7ad72354cb1b4468d59ea98fe830e368d8ca0e21262c28c1eb812c6d6509390cd111357d4753eaeee35aaadce6918a168caa81923d33aea1c512574e1e71c25baf545ae70c36a1a95d216586f411c6b5abc517d2ccd0acee923cd165a6ad9dd0a952ca64013832d9dc83e98383239c4e24d43b65fb65848bd593199a3d54bc9f9ef09c8f0b72a3f3695796e41205a7cc57ad7e3149e048fea2495429ec8b063648c524fc8dfaa33e891d85c8dd12d1ff1c5de3aa2f27c00e3a713adaa3ca8d317ae5c07151f31e73e37c87f987e8b999b8d3cec54d38546ad3c7fd227a9b7ea6c376038885d0ae33577b9ee37700eb9b2d6d6e4045ed896925ea3cc0e41ff008f36c2852934c3a925f987314f97e4af7274613053b575e48d0aaa31630c61dcaaf406470ce7e3eeebd75d1d9d936e1184aa447e669d9825910f44ba1cedf4f51ad42a8e48bf8a72478fe7abd937471c1567436da392441dc81d3649d8fd74497776da48bf51036e4f701aa3731d56c86d5851db3e74718b1a1c0a807365d2cf9e78ec126e8f9b8585a1255bd5bb3c8a0850c5daef407b2c5a6797dff5b2bb4e91045dacc194f04ec6e18b68953cc2b0e2ec6b837ec034993d462acd4c08fcabd0f5e40a19e4de71e277a95b5a3395a7fd327e3a6e1fb3362e726fb7b7cbee7528fd5549967613fb07b727a5f67677a328ea8d75465aa9e58e70a7c22f1ae2948890c32af6f4ec5ce3946c723363a0dc0fa7f846bb76bf1083aa85bfe18d58954b59ebad888da4924aa24436238984723c6186f54721c2332e406da707ae3492762d8a20aec91fdcef0492372a1a9549aac49c8d192399e692ac35e5862e36bb42a90bf6c94044e3b65589c83bb5e60fb66e006fca5ac989a62483aa59f1c2aead06356a3e3cd2779f79271dcef250d9ab6d6e4a942d2ca625b0b0c71b4d23d689459f7aba44c3b817280fe5275d4f6edb1b50621aa38769a2a6a31489bceba9445609c67ae7aea289afedc73d1f0fcbd8b0fc947c6ab42a196513c6b615664630fd5d606c56c63b9ecff69b763743ac1ee367d5b6da7557ba86ba4d25c2b83ba312474af8a77b9f713c5bbfc558a9c9cf5644bb1dc924a6678443c755ac7bbc7085161ec2db9e28bf4519d19c17668d76eb8f0f6eb9e9ca328eaa7ee62f226927abe904d7102952981cf02cd4e0b945dbd66f4135fb4736addd96c5861f19261dc7c0cff789d7a1b708c1a2301103b024c0364a813d756b0517b77fc9a0a3aea3f6c7ca784e2b86ecf33c955143be4ff4d90309127322324ed088dd2ce768db337ba00bedd717dc76d29dc7844ea6fcbe4efe5eafdc9860ac73fe53e1d6b8af21af3da793c82ff151c135d8992ec134b5a74920852e48239a476387964653d142823b786cdb7d9df8ced903fe38cddb0a115263901801cdf347ca4615e6df25cafdbaf409352fa1fedd79252a7e4be514ef495a38f8d92b5fe2e39ca2e6492a1a73c7186562dba175e80f4dbe9ebab4d93e8c4806a640f7d146f32897ee7af15e7fe51478ef228ea78fd0f1c9a9f0f241346d5e7bd56aa981e170a11a533c921007ab67d75a3fa7aad464632d7aab8e04e699ea306cd277da7e4a7b173ce2f5fbc1390e5380bd5d6cccd879af5c96371d7e2ec519ba6b66f200460002c263b825b7e62ea9af03cffafd71cffcf6d5c6f5b7c3c1402414b278ff003bb20fff00481c846c8dcdf1763a695f8301a52e93551bf8d72f2232c97f7230219496c1cf420e97d78e414d24e6aff0b724f1df1fb9c3dfbd1c35e7e578ab75266ac6cc4a88f28b6f3222ee9638d3b64c2cd86ebb464b6b26e76feb5e85c8449d36ee44d5b1034b7024bf9b2cf00a398382d54e89e45e2b347cd565e5fea9af71d638fa5cca4d2b388a425d23992685255769e432b141b5502c63f2f5e28f6edc35b3a34884e329418623304498f94356a4bc8e29c11c6bd9f043cf314f89f1ead463f2da4ac2ac3f561e3bf1219615da959455559abc6725a69e0632cd27e6c213ad377672bd76533667896fc0e38cbcd491fe3090d301cd486a8d5c65d1f89e2b98f99f295b91f28bdc953666af7a59ac42ec8109592c4a412a00c6475f4cfcfaebd06d36f2858b70902f1801d3a752a09727ad038d5e5996252159dc282474c938ebabc0abb146a9e60f1a82192266b6b3c51904c4eae11c0fe56d8c8d83e87690759a578906841e9c4263078e2dd3b91a92bd39fc76c711df828c725cad6523862918131a4a923bc8ed2c87a3a0dbbb1f21f98eb1699c6f09b4a5e590af362035071e8ca9feb34f5b995336fb74ec44b87b2b52950a72790ccd1c1be5b42c8b2f1bb34aa91c01a26efc6b0c11865ed9da58e0fb4b0d67dcedcce5290b78b33690702e6be52f2357ab571659ef6d5e466d5c03306e27854d38aa3cdc0cb729f2142e18c4915afd39614292c335c9a4292c63d9b483d40f43d571d359af46ba663011f00b6ed2dcad5b8c41f30089f0be27521bef663ddd4978109c84247a027d719f5fedd79c9924d57aeb308c234cd0afbd4890f8dd3591c0926b2aa07c0ed52c7fd1abf6c1ee0ed59f7b4b52eb0b8d18d5b056419fc0ebaaceb8654438f72dfed147efd0d0a329978f93e33c4147c778d110e6a329056a8a30d6c6ef90048fe3a3a471516a628b0765953f3c823408e6880abcb14aa3a3ab7ec61a5212aa8eb213d41c0d2a0bd0c324d32410a179642151075249d29200729a3124b0c576cfb6be2f078a87e4ef03fd4254c6fc7e44383b547a8ff16b977b71a8f25dedbed05b1c65c7e4118f25fb8170b9af55f7bb745c0f81d670495a340094ab731610dbe625e7854b14d1f11d69f65879153743108d4ee75924f6120304ea5b006b659b17011a4486acfe3ddcf1c97177dbf113a04759ff00c47179714628fdf1e728bc2bcbd04e414c71bfd5447e9ec1c8f706e8d13ffd553f8ebb51b6e31cd73fd4e21193f7afc0accb6af5ee17909ad08d453aae6329232ae31249bc84ebfcdb5ba7c33a11b32e2131ba1731b5cd7f5ce62ef29cdae66b2add98ab2848a1500848a25dad80bd029f9fb9b24e9aec67a40b640ad5ff0055af633dbbcbd7122f03a5b8b751aff138038ba8f9115635b5188e0eb5c9825431b61bbb1911c7b0e490b9f738dcdd7e1acb6b51902f2fcaa0bf0352ff00014145d7df7a318ce1a6d3fa474ca328163aa0d18e9a960fe6979e47555b1b71c55cda8d9521cef97e9442a322a981b686c0ce777f7fdd9cea5a32fdcf855ff96acbb3853058fdce363479347e7e4d3ffead3fbb9bb7e5e67d481346481807720e8718d751e8b8415f827e1d608e330969da2b0247948daac6225587400b6e1ecff5e35cebc2f6a35f2bc59b1c6bf75dfdacf67a22047fe4d17048c8d01d14228c493f862cf9c98a8e3ecb8ac2ba40b64556112c814a9984c412dbf2bbcc593efe9f2f869a7193c9ccb4ebff00c74e4d93f0faa4b53b7a61a636c5d164b3b319ebc65aa9a8c1c8d74c1bf68566c1a2a6d7d3ad4e8a9fd2f210feae7f5b76ff005fe6dbdce9f976fc35963ea79756bcf5e3f8fedf93b57175d1bb1db9d5e8fa380f4bf1fcff00fc8eff00ead3afcbf8e8c950e48563039adb4c1f56fb3603b7ac29bb6e7e1bb38d6edbeaa6ac5be67e4b81ee22d7af2f4db43d1b0c2adcb53b65c288680738f8fecd69758958aa2bacc86c073103ef11e37631f0ce469260b1d26aadb06d998f51f43d5b1f157edb7092b2320105516a6dcc80b4ad1ed565183860bfcabf2fdbac301786359681d4ff005e982eeee06c24469f25af5a4e71998b0229888fed8f0c4f99d4f7e2e3962b461fa7780a4a4b2050cb63198963fe6dbe9f97dbeb9d5360ddf2ead5a9c7fb7f73e5df5c196cdec7684ccc3d3f4f4cf067f53ffc623fb9b0a47cbf96ac0b08e5063909f1f02b838ff02eba56ff0010bc90055319c6990596ea33f86a1454b4855376b2dd256999a3fab64cee106f1dc2b804e7667d0674937d274fe4c5baf24426df2f828c12848a2a315843c9c758f1fda55978a558db8f9a5fa7263666065c3b7ea301efcf43ae76c8c88a997ed7d4f49fee01fe18704f3a61d024927a7c35d448b05867a6a20bc0fa7c4e83a28bf1e9c43c51ec47b17f639ec36d01e4ca600dc4af40588e9ff16b9d78ded46a04295e02bf65e8f616f626dc4b4a7b869794b3193c1855c61a8871562e30069dc54482558d8145b4ea9b4fb71b7e1d4eb5599120138e95c4ddc230bd38c4831122cd863962a89fdbab8acc5601cfc7e3a85157ea9e296b4d25a691a78d90c7128c075cf55ddbb3d7e271d3d467596e9bba808b69ccf4e8574b691da7a5395d32f5224344604661df3ce9e5150f8221f474c43c8ec8432453da50db7776d635061f7eef602dd17a1dde9acc6ecde15c447b6b5a674ea6c57563b4b06379a348ceef3d2231780327f2f9a8292d67cb440b7eba0bcb6a2bb654e67c314cf74d8a866958996c1425db6f45cb6dc9e9e9aac5f901a448b70756089e0aa19bedbb3163171ec49c96fa724e4f5f5d9ab7fb977f9cbfdc52e93c111e36ef84c11bb531522590fbcc75d973b7f6460fc7492dd5c38ce5de518c08c95c1caf8c91d1e03ffee243ff00e4f4bfd897f23de53692a41ca78e1e81a23f2ff7790fff0093d4f5e5fc8f7951a4b6fea3e387a6623f87d34bff0077a3ebcbf91ef28692b0d6bc624428d1c2e8df991a9c8c0fee31688dc4ff0094bbca0625422b785e462955047ca83ffdce9bfb773f9cbfdd24ba336f82c8a7e16dd4d1aac4fc4d0727fb61d4fed5dfe72ff7144c392f45078717dab42b7a103ffd1d27a7ae3fd86a7f66e7f397fb8a021c9652af87b49d38eadbb3907fa73fafcf260d4fecdcfe72ff0071434f2570278f0007d2c400e800a3274fd9fa3a1ebdcfe52ef299967678e9e86ac47f6d090f5ffd4ea7f62e7f29779518acf6fc77e34e3ffdc24ffb9d4f5ee7f297794085b9fe89b306b8da83017e8a6c01eb803b5f8eaa275173528b9011568fb4924a80b346092b8f863d00d70e54257aeb793a46fbe5c5dbb5e2b4b944c3434e68b29fdd5b04a973ff004846bfbf5a36c7cfd8b26fc3d92d9487d170f7af267f2aff00d1246ba442e0b28984ca71923f6f5d0516bba51e986d45167bcc064afefd4751d6a65763d0683a0b52243a8a2f6c63ea751944ff00f663c7e3e4bca26b32a868b8e8049d7d37bb6d5fec0dacdba34038ae87b7c7cc65c07c574df241249bd613ec1e800ebd3e3ae54ea577a145cf3cce67e2bc759e218b37a61019f27289b4bb9049e8cc06dfd84eb46d61aa75c02c3ee174c2dd3f75136f86f1bc055f14e2a1b3511ed34024b0f25295df74c4c982dda390a1f03ae31aecb05e6c92e8d7d378d6dc35187049c668487d4e7fec751821a8e6b5fa6f18cf4a107fee127fdcea690a125d64d6f1807ff030ff00ee127fdcea3051cad0d6f18dd9fa08777fec1267ff00c1d460a60b3daf1a1e94e2cffec52e7ffc1d4d210d456a61f1bcff00e0a207e5f4327fdcea690a395a356f173d0d087aff00fc8c9d7ffe0ea3053512bdf4de2e086fa18370ea0fd0c9ff0073a8c14256a6af8a9cff00b8c3d7d7fdc64ebf1ffb1d460a6a5ab55f14c75a50e3d7ff00052e3ffc2d460a6a5810f89ae714a11f0ffc14bfc3fd96a3045e4b4687c488c9a7075f8fd14bff0075a8221072ca330787631f475f1ffb1cbff75a2ca3958ed7868040a95c0ea08fa397d3ff0055a0c1172b4687c33e352b93f8d497feef51821a8e4b435bc27ffe8eb7fee927fdde8a8b1f4de18474a95f0bd7ff000d27fdde8514f3288c1e0f9ffc2d6cff00ecd267ff00a1a2a395a98fc1f1d2bd6c1e9d20947af423a27c741828e56860f04c64d6ab8f41fa120f4ffa3a2a39c56ad0f81fc6b54fdbd97ffcdd451cad0c3e079eb5e9ff00eadc7fc5a9451e4ea9df6f078a3510d6a8d231f4edb602e403f0d02a392a8cdca78765963e3ab34593857575ce3a038ea3fe4d04de6517f53f1009bbfa6d30724632de83d0ea3a81d68dcaf8705c8e32a312c0150e73b4ff003127e03d4ea3940bb2c9e4bc30f6cfd05205b3b81908da7ae351d4f32d45ff000e6618a34d7e47b87d7f8ea6a2a106855aee783ffd854ffd67ff006b4cc12eb3c3c175b4b7609c095ffeb1d145d6df59681eb2bffd63a8c9752952dcc47591f3ff0038ea28e16e2d4bfdf6fe275147591665c7e66fe274594d4b3f5327f79bf89d4651d785897fbcdfc4ea320e16ddf97fbc7f89d4645d63bf27f78ff13a8c828fbf367393fc745907595965ddd58ff1d4651eaa4133ff007b534a2ebddd6fef1fe3a9a54d4b3dc3fde3a8c83af191bfbda9a54756d2b31586762543c6cf17ae19a3f51ae25d0d3239af59b79eab713c82a1cff13579ee0b93e1640234bb162b48df9525e8f1b027fbb2853fb3423262e15d72dea8989c085f3458ab3d796482caf6ec42cd1cf11f55910ed65fdc46bb519021c2f37381896388551c75eba05228248d49271a565144d11fe53a0ca2d444ff00dee9a0c82d85727e248d1d2a2dfe8c63e3a8c8b2ec3f60b8e7838ee7b9491c2d695e2aa83f9b7c2a6476cfc06265ff0080d61dd9c02eb7b6c0b13cc26dbef04ae16b02f0839720f5e9ff002ff66b01aaeb49c25af2bf1a7f213c2f111a95a925a7b7c84e060455e04087aff7e4eeed41f3fc33addedf6c9912b91eed744600734f85867d836a0e8a83d028e800fc00e9aeb695e75d63737cf534a8eb059be7a9a5475e2cd8f53a1a5175ae4fcf474a0ebdeef9f4d06516327e7a8ca3acf5fef6a322eb53bbe7fdba8ca3ac12ff0016d465352c127fbc7f89d4651d6a49fef1fedd4651d6a59bfbc7519170b525bfbc7f8ea328eb058e3f31cfedd465090b52effde3a8c95f25aef7f8b37f13a8ca2d5a597fbcdfdba3a51268b5ee3ff7cff13a0c86a58eec99cf70ff0013a9a50758eec99cf7187cba9d4645d6a6693fed5bf89d162812163bd311d256fe27419175a9967c7fb56fe275194d4b432ce3af75b3ff0038ea328f45a9967c7fb46fe27519451996c74fd46fe2745902495a179fe3211fbce83200ad4bc99cefcfe39d46517b79fefe8694758e28fc5ea7d74558b73e9f1d14a1663f5f8e8a014df2f5d00a15b7c3e3a282c8fdfa8a0591e9f1d4442f7cbd74545e1fbf510583eba281595d42a456da2a15ef9ea28bda8a059d4442491bff00ce9c976bfccdddee0c7f43d9d9ff006098c777f4bffbccfefd73b75f97eced5d9d8fe1fbfb3ad49c87f56fe990e7fce3b3be33dcfe9bdbce3ff478f7eefecd639696fd9ff92eac75b9ff00dbd9a1723e673fd5afefee6eefcb9facc7d47e73fedb674ee7f7b1f1d6fb7f88c3b171effe671ff563da85becebffd5ddab150542d8c9fcdfdba8956067f1fecc6822b2339ff00f5688514ab9cfc7fb344289cb88fe9bfe598b3fe59fa8cb7d47f55faff00ea3fed7a7a7e8edc636f67e1ebd73ab060a64ba3f85f67ff0087127d3fd1fd3fd6d8edff004eeeeccfb33bbea3f5f7e7fbfd36edc74d7277acf978aee7b63e8cfc3f550f1b8c74ceeda3d3f37f6fb777cf5842e94930d0ff00c2afafafeed763db7f192f37ef7f947b55a5f4d744ae28583eba8a2f0f5d42a05e3a0a15a68a03058d4457b5100b3f0d04563f8ea2816a751158f8ea20b5f8ea28b53ebfbb4505ab6804d25a8f53a2540bc7d34028568750252b43a2a2d7f86a1462b07d74142a33a2916a3d750a39ac1f41a8a1c16a751058d44560fc741315a9f43a894e0a36f4d453251b7ae9921c563feae823dcbfffd9, 80395, 'D-BOERSE04-17.jpg', 'image/jpeg', NULL, NULL);
INSERT INTO `vendor` (`vendor_id`, `fname`, `lname`, `designation`, `secondary_email`, `telephone`, `company`, `company_url`, `companytype`, `company_info`, `tags`, `username`, `companyaddress`, `regionofincorp`, `countryofincorp`, `logoBytes`, `logolength`, `LogoName`, `logoType`, `telephoneCode`, `VendorSupport`) VALUES
('9f5c1a56-8e74-468a-92a5-5ddc28454052', 'sywgRe', '', '', '', '', 'Shanghai Shenyin Wanguo Research', '', 'Research Report', '', NULL, 'sywgre', '', NULL, NULL, NULL, NULL, NULL, NULL, NULL, NULL),
('a38db6b0-3cf9-4e69-af88-459ac574b0ad', 'MornSt', '', '', '', '', 'MorningStar', '', 'Research Report', '', NULL, 'mornst', '', NULL, NULL, NULL, NULL, NULL, NULL, NULL, NULL),
('a4cbfbf6-00ac-4ebb-8903-e81ca0a6376f', 'CapAlJAZ', '', '', '', '', 'al jazira capital', '', 'Research Report', '', NULL, 'capaljaz', '', NULL, NULL, NULL, NULL, NULL, NULL, NULL, NULL),
('a659df9f-57be-4e45-9dcb-865905d2e423', 'Edelsec', '', '', '', '', 'Edelweiss Securities', '', 'Research Report', '', NULL, 'edelsec', '', NULL, NULL, NULL, NULL, NULL, NULL, NULL, NULL),
('aa07c781-6888-42f4-904e-cf99f021013a', 'eCOfINr', '', '', '', '', 'EcoFin Research', '', 'Research Report', '', NULL, 'ecofinr', '', NULL, NULL, NULL, NULL, NULL, NULL, NULL, NULL),
('aa8bd23e-46d6-4f38-8826-e01a09b79c3b', 'amit_vendor1', '', '', '', '', 'a', '', 'Data Aggregator,Trading Application', '', '-SELECT-', 'amit_vendor1', '', NULL, NULL, NULL, NULL, NULL, NULL, NULL, NULL),
('abd801e2-cb64-42d5-a757-1f9337e77a0f', 'KarVrES', '', '', '', '', 'Karvy ', '', 'Research Report', '', NULL, 'karvres', '', NULL, NULL, NULL, NULL, NULL, NULL, NULL, NULL),
('ac0fa01b-c551-4e60-84ee-9613fb9f21bd', 'Elliott5', '', '', '', '', 'FENICS Software Ltd', '', 'Analytics Application', '', '-SELECT-', 'elliott5', '', NULL, '', NULL, NULL, NULL, NULL, NULL, NULL),
('b08ab431-e547-47e5-941b-7dd77cf9a6f7', 'BOCrE', '', '', '', '', 'BOCI Research', '', 'Research Report', '', NULL, 'bocre', '', NULL, NULL, NULL, NULL, NULL, NULL, NULL, NULL),
('b11eb0d7-bbe9-464f-aa19-1630bad8faaf', 'HCBrok', '', '', '', '', 'HC Brokerage', '', 'Research Report', '', NULL, 'hcbrok', '', NULL, NULL, NULL, NULL, NULL, NULL, NULL, NULL),
('b1a4dd8e-4a77-4f38-aa2c-0d731f919438', 'amit_vendor', 'e', 'Founder', '', ' 91-9090909090', 'FinVendor-sales', 'www.amit-vendor.com', 'Data Aggregator,Trading Application,Research Report', 'Market Data vendor for Equity, FI, Derivatives,etc.', '-SELECT-', 'amit_vendor', '', 1, '1', 0xffd8ffe1001845786966000049492a00080000000000000000000000ffec00114475636b7900010004000000640000ffe10329687474703a2f2f6e732e61646f62652e636f6d2f7861702f312e302f003c3f787061636b657420626567696e3d22efbbbf222069643d2257354d304d7043656869487a7265537a4e54637a6b633964223f3e203c783a786d706d65746120786d6c6e733a783d2261646f62653a6e733a6d6574612f2220783a786d70746b3d2241646f626520584d5020436f726520352e302d633036302036312e3133343737372c20323031302f30322f31322d31373a33323a30302020202020202020223e203c7264663a52444620786d6c6e733a7264663d22687474703a2f2f7777772e77332e6f72672f313939392f30322f32322d7264662d73796e7461782d6e7323223e203c7264663a4465736372697074696f6e207264663a61626f75743d222220786d6c6e733a786d703d22687474703a2f2f6e732e61646f62652e636f6d2f7861702f312e302f2220786d6c6e733a786d704d4d3d22687474703a2f2f6e732e61646f62652e636f6d2f7861702f312e302f6d6d2f2220786d6c6e733a73745265663d22687474703a2f2f6e732e61646f62652e636f6d2f7861702f312e302f73547970652f5265736f75726365526566232220786d703a43726561746f72546f6f6c3d2241646f62652050686f746f73686f70204353352057696e646f77732220786d704d4d3a496e7374616e636549443d22786d702e6969643a42363444313936383437333831314536383332354332353933383436413635432220786d704d4d3a446f63756d656e7449443d22786d702e6469643a4236344431393639343733383131453638333235433235393338343641363543223e203c786d704d4d3a4465726976656446726f6d2073745265663a696e7374616e636549443d22786d702e6969643a4236344431393636343733383131453638333235433235393338343641363543222073745265663a646f63756d656e7449443d22786d702e6469643a4236344431393637343733383131453638333235433235393338343641363543222f3e203c2f7264663a4465736372697074696f6e3e203c2f7264663a5244463e203c2f783a786d706d6574613e203c3f787061636b657420656e643d2272223f3effee000e41646f62650064c000000001ffdb008400010101010101010101010101010101010101010101010101010101010101010101010101010101010101010202020202020202020202030303030303030303030101010101010102010102020201020203030303030303030303030303030303030303030303030303030303030303030303030303030303030303030303030303ffc0001108006a007603011100021101031101ffc400bf000002020203010100000000000000000007080609050a03040b01020100010501010101010000000000000000060203040507010800090a10000104010204030405090408070000000301020405061107002112083113142233150941513234366181526223351637387191536342c224446465170af0a14325a51839110001030204030602070605030500000001110203000421311205415106617181223213330791a1b142231415f0c152623435d172824324e1f108b293441636ffda000c03010002110311003f00b81ffb873193c8c4312b7562b87e5ac88c821eabd50d7ca2f5bbab9bbda55d113ecf3e112aba22d1c31a30da165d9a567f03c1fa6a8a3e59b90c89192eff00edd56bd7e399c6ca6412e807a3b57dae1ef4be6b069afb472471b9ad44e6bf4711a06890969e18f7a634fedf3fb52178556b81c3b7035b6c6c8de44cd36a76fb2486f7ac6b7c4a964abd8c542215b00003b57556e8ac903722eba734f1e27b1ad23ceba81529f4f3e3fb1aa9be05d72f68c14e67b7e8e7d9de68877d533db5c66d5d89c2a47b084115af4695c89ab5393d151cd4f055fcdaf0fc3246c23dc6a83f6fed9fefaa5bbb39678f4dbc843fb132fa907ed8d29599e6194419d31aec967469eb1961c9198e762fa756f4b42f7a997cc12a7822a6bf423782ddb6387d4f883a2eefa48f0ac6ba8e5bfb5ba2c1712367c8852817edee45fe5a59ae737b388228496c3235a56c86b99fb662b84a86634a8a4768f4772d3573beb6a7055b7c36d15cb677b10623961e97227d3dbcab32eb06eefbc74edc6d56d338cc43646125407b4eb8d47f98210351fe5150193ba0c0e4b519bdcc609098f5e41b093a3870a3ca8e056481a210cee80a235aad555572ebfe8f13b72da7f26c75b07036d2b09695191c0e3966014cfb2a5f42f5e41d4f032f671edefb6b208ae62234bd92307169c749c749c750c853574df393c132ddcca4db09f96edf61896ce3021a8f2ca8388638c36b451ed2c9d61d306695517a5af6b3a979688bc64f7f6fb75913132473ee005274f973e07bb866b5eb3e9a82e2ee26df5f411b6da4274ea780e44cf46602f17625706d343b917d8b67b40d9acb4afc9069196d203ebe7065c591e58bce7cb49d14c763460622aabd579ae8888baf167d316723afc5f4eef6ec2076a7bc8509fc09c4928405278a0a07f9e3d5b06ddd252745ec4d65d75c6f6d36d696cd7239bac23ee24201f6e18e32f25eec0bb4b4024d53be69bdb635db89f1ea6f3a6ca856d5d2eaa1b75298e94f24260473ab4a8f6452207a5cafe8fc88bc5d4b0c735c4b75718b5e4eb1900d71f50c53028789eca46c8e7f4c74fd8ec56ea5f696cc8d8e524b8b1a038154cfcd8b93ba9c90fcc737ddd02ea4bd95869b6201004f0d6895950590d5f4d02ae32b93d539ae54694af44445fa78ab1b0c0f7794a004e1cc8c4e688a310491d82af1b7e668ff000983fcdfe61e5284850b839c4068aafdee8735ccb7d732f8bcaa9890733bd05442b1030ec745af7d443684f264bde747ab51bfb57740fa517d94e0a36c659d85b231cb1228287104e0e1c4969cd1076d55dc417977335b70c0d7e47b08f5b38294c5ba4276d0d65418e3b0ed976b69476938557bb9593320cb6634638d7724935b6d2cf082806105160322393da293926aaa9e1c0f6eef9190c8fb82cf724907946600c9d828f371a22dae2d37f1b23739d6cc692d2426b099f205a704249aa7bdcab37663dd4669340f5325d6f0dab23387eda918fc98800bdad455ea47b188bc67c7cd72a003e6f0a22b78fdcbb6069cdc3b78e75e80b1294e2ec32d2124737ab93b6c222855a55229da180cd504abd4d6eb1d17a13969fdabc5b13ff2861e1872a5985fff00d9840a3dcf711704c8e3cbc2831f382daca8dc3ed62f67cbad34cb3c6c849359263854a502c86208c2544f690651a3b9e8a89a6bc4238779a474d4cf374fb43f0a5610477647beb460d86dc9b4ed93b9bc0f3ae97f9589e5f11f6319155476141308b12ca2b98f54618726bcef6e8ef655da2af8710a306297cd873a9cd1ecdd184e009435ba0f699615719720db5ac9a13e3adf2f7136c662aa10563b7b9ab96d22478a56e8c33a9269c91c88cd51aade273622d6a03e61f5d26fa26b889422e47b08e3e34e848a66c996c8ca460c2d194857302aaf56845ab9ac6ebf6975e5aff770a0e202920e9503bc6272aa5b8685d51618a1c0a63ddfb765203dda6d26577563416bb78d1caf591119210856c330bcc54684725aba31ad79393575f697e84e0ab67bb16701f7438b1460bd98d677d55b349b8deb5d0b11c841299723d83e9eeaa90eeff26bdeccf6d6d372f7798c643020194d59167c76c8c82d2c11fe8e04111fca94460cad543b918a836a6abc95178bc937c87db13107581861c7270c3b71a1eb4e89be96f1d045a1ac006a76270cc26032cb3f0ad4a3b84f9816f3ef55c58ba6e473e9b1e31de90714a69a685511a3a2aa0587605ed74b2a334d5cfd79f14777be5fdeb3d99243f97550d190a30d9fa03a6f65dc0eed15b44ede5ccd2e98b46b2392f21c293326e4e46b2fd4327bc72179b5ed22b1dd5afdbf315e8f554faf5e29cb81c73346a5c980ab0cecc3e677bf9db1db9f1d6e516779b7394307559263761364491478672235d36a94c47ba1c98fd5d5a8d51aed3454d38990de4b1b590971fcb364d45bc0f03f48aac936cdbdb7d36f315bc3faec96fed098b47b8180ab5a1d9800f2ada8f04c032ecab17c6b35c2282f3273ee05545bc8d22153d9c8911ab6531a764c927740f470aadbaaab8cd7bfa91179a7870462e617380710226e20f0387a7995186033e35416fb7cf2234b7fe53dd8ff00212543972003b90250d1eaa36cb39a48afb2978ed81aca34253b2312ae430630379c89114051a30a3e945730af72357c7ab8ad92f6073c44d2443a8295c403e9715c8b4e073294550ec925bc267700e98b092c40874fc46624803ef34b8af21434c76971d3d8db643985cc4ae8a298f9331a53a1a55833a97d204e40b984f29aa9d2a263519f42aaa713e574d84708fc5760bc3578a1d2fe650544b392d247ba5ba93f01a8ae42a5a7d0f6e1a9c5870720012855b85bb5582cbb3bdca880142c4bb7bdb4b57d7f436332249cf335864a8c76284207796d9028e5795511ce23179ae9c0beecf7b24d0e3e66b4a8552d3c5bc9172abf64ad21e430b740d0004d2e2737b43701a866313ceab17e5efb5769bf1ddc6dc55ac75960664e2c9ae8a46a90430c595eacaf90e5d7463cca9cddcb5e07ed007ca8eefa91b63231299e570646c692495c39602bd191b82d526d79307f4ecf85ba89212c7d57cbe4d69f4d7ab5e8f39117c74d3f27133579d687fde3f9bf7f563ad57c6865b9f6e1ce71acc703b9a8af915f6d16d29ba8c8f2b5aae434614951bf56abc4e44769e0bcd3c178f83150d3104eeb799b2b1439a56b575ee37e485b81b917cfbcc1737c2e9cca557208d5f384270ddab9c354195ca9d2e5d5ba726a72e1a96d84855b81abcbddf21ba7891ac2d7a627b69e0ed8fb57ee8363b6a71bc732eb8c5b24cc7696cbcdc02febe7ce1a5ae25348d6de61978c280c77422893cc8ea9d5e5951346e8ba70b11c9a34b9de63c7b29b1bdc446943e6087bc6469f09f9d4e2c2aeb986a28ac71411d1c125821d67984bd705904d52294655d1c89fb3e97226ba69c7d0c3245916b941cc65da3bfc2a9ae2f6579706b4e9030c73ecfdb0eca5337619dc2e5597922d6cb65063f13e10b6000d802459d9fb5eb6b04905b1d8700d8e4ea6306dd3c5aa9aea9c5cdb086de00c73f5bf52f2ec41e1f5d07de1df5f299226e9635a8007627b57bfc3b2b4daff00b84b7437326774b8f6d7e6130c1aac2f6fe867c1af0f971621e7642274e993a4448eac17af6397cb557b5a46a72544e1b925f718d605d2de0ab8f31c968b7626de7e4ccb7a40b872041c00c813c79ae1544db65850f70f2eaca69f751f19a02cb17c6f269e33be2554373d10867f92c239c456ea8d6fd2bc54ee7b80b0b574ac6eb980f2b54293453b5d83b70ba6c4f3a21d58b9090055f86e57693f2fd97b078d43a0c9e8f14c9abea95b17766059cdb19794db3028f206e699ea413c6532e8d418c6e622f8af194c1f303a864dc7f2eeb46e807118aa77d6ad2fcbdd8e0dbcdd0b97971181408bdd9d50a66d84d960d90c9aa2bbd7c364827c32d40130a2da4647aa0a4c6695ad23548de7d2bcd35d178d66c2fe2dc2dc4cc40f2310b883cab25bfdba4b2b8313c121703cfb6bd0dbe5cdb880dbeeceb64a9666257f32ed36c2bde090e8574db2ff006e1a4b9514447c3775c7231111ac6aa22b3922f35e2e4c1348c631f30f6de40cfd3cb0efcf24aa9b7bfda9a64788c8b88cab8b81420147069cc94c40182f1a63b33ee9f71051992697682f20428a619e51cf0ad0cf22208cd6b5ae7c5123629909aa8d3aba74d345e24dbed51693ae5064209cc70f5038f2ca937dbb47210d6e0c0e4002710ad7bb800722a491c6a9ab7189b876d6d292bb0dcc66e4596df2d7e2b4e1812a01a75c5cc8734027a792860c363c9d4f577435836aaaae9c5d4f736d69684c65ae706a01fc4381e6adeda1d83ddb897486696b89c57ca87d6d2732d398c85265de2e531f6bf19a3ed5f17bb66413e9acdf966f86575cf79a0e49b9b3589e6d1c596dea6cbabc3c4be944bd4e4711ae54e33dbf9e799e75e2f2549e745908821b66410208d811a16af67e425da0931ca53ef265b5e21e459c47648a18d26375498587c43a356c1fd6c7790db396de91eaad57a2724e1d819ecdbeb77addf4255a5d4d0db6d618c76a9a53891901fc27b7bab6c0f299e42879742b3a3a7f57a513a7fbb97085a154ad3a7b80f98df7c9b6bdc16e0e0d02ba9a754337673ca4c775c6634c60f1d8395dcc2a573e5c61310f38902235544aef33e95f1d7818bcdf6e6d03e4003a1612301c8a253fb78b6dc2e9b651822e0b93feb5dfc27e63fdf4e4b9ed6e011716c0be253abe65a9a6e4388dc45890a0c67f9632c8f49611f9c87724e955d178ed97514b760968694ab1df36e83650d75c6a434f16d07729dddee0663fc256d1f66eb4ad8049c3b00d6642d8cf503b420dcc7d991c34eaf05d5797173677b3dd4fed1d2dc16a9237da4ac32421ea2a35dc8e7fbd1b338fd15f4fc376933b3596430e042f84ccb7af9409abd4c8e862d9b66c7289548bec2a69c3f7776eb466b6398f2bc3857249218f19753572c2901c8fe69db9e4ceac71acabb70ae8d7b4b3620a492064d39914ccaf8fe9e0b0ad2d34b80689246deb1af4f42af3e5c5547d48d2f31e8f32f8785597e94e36df992e3ec96ea54c855057ceab2ab7ee7f70b09de01ed79b04b0a5aa06319b9635bb6e612ace99e6d4ca239b121ac4f287a8d19d3d3a26be0a9c585b6f4c9cbdba51ed6aa52b6e75bbdc2ddaf5523b2b11b15da66da643b4e0998deed42c2455b14523281db498adf884c289aa790e5689d20faebd2c1aaf42782718c6f3d43b91dcdeebc8b5a921831c07657a7f60e99daddb5c71d94a581017908a4f155a6825768f815a6c862b1e9f31890270324b255c9a6b40b1dc05413407b38e8d37a386f7bd3a1cac44e69af02e378be86f9d73230381c0b790fb68ca5d92ce4b36dab5c4003d41156865bdbdb4ec6edb63fb794dbc9b860ca8d232fc6af66dae3c91a496bea234b1beca0572844c711274212b1daa6889a2a272e0bfa3376bf9b7cf761696d91690f6e63b3c6b35f98561b7da74f3db21d578d20b09407b72abe9d93ee82977ba482076ef41699a62f82a570a655c3c071cb29b5d48087e8eb22483da3c2f12100cd11c16a26a9d4a8ed5538dbed6f5b744b230e2e15e62920d38bc857715a61730ee8b7531ec7e562795c1cdf03927756169ed05b70d0f930e04e4965861256cb4133cd1006122b553a84afd1111dc3577b9da5811f9a258b92d7d06dd35c926d46b734294a9b5177dbb7302c56eac81b873984189d210fb7f929aaa2cbe867a82d6bc492a346135e8e56b5abeca71d66e769346248dca385332d9cf03f4bc697fd744f5efdbb5b98179e6327082e6a9241ec76f27304c55e6f218c482e6a2ebe2ae5e183bad817e83237dce5c69e1b6ee259ef358ef6f35e15829ff00351ec8f6fc2c2d96f1d162412e911a435559c21fb2bd480d22c27e8d6af3d113445e26c17114ced0d2a8299f66e8f323beb89bf39cec21d1484ffed8e17d236b7502bb27427b4e6b746b169b47735f045f0e25a36b9eddd72756b23ddc6f0e41b37de56ef65773bf393663418c7723b9f7b3b6c664ecf9612aa6739282beb20c8b2af252b0f58090ac1a35542d6b11ac5e9d178cfef187708e6b0600d7bdc407771e3471d3fb532d65fd75cc618a14c9155df5d15efbba4b8de0c219b9db1fba44da55c6d5c3cacd69671c562d04851a062bc0669dc7034afd515a8a9cf8a7dab6e9b629dcdbb4787649c2a47575dc1bdc11b0c488e55350bda7f98e6fe6d66ebe4f5d3f17c937828a64faac3e35db5a28bf097d8162a16d2a9f5d0c6f38caa4522a97a9ba78ab78316b7689eddd17bda371961769683c7878d116c7d11b537676ee3248f6bc90e2801604e069b2eeb3bdadecabdb658db2beb13388995027cfc7e4d0c0cbec6d9f68f4ea8d49596d02ef9b3a7ec006c416abd29a702bb1cf24a4c77ae2749d2102211cd33a1dea1d8ad2e668e28d0b7177a9091d9546db73be5b8fb59ba7b9f97ee2972ec4f24cb993ec4b5dbad1888a2c95a07994916159418258d1d54bd2168c68c6b7d945d138bcdc76e370237448656394e908a2a9aeb7666d32b36896170b2b989cd6bcb94b5cdc138e7ceb2b99f7ebba1bcbb77906d66735db65370cb6a396399331ba18d1aee39a047716b48f908754f3db25115ca8c769afd1c496c2e6a68696b810094ceaaacb678acafd9721ee250945545e755310f72337d038ad55e4d8bea25f92ac6493051551de58dcf70dcd55446a72fa38932ed9b7b01ba9e30f7342e4b46d6fbd6e8ed3616f33a26b9d9a9145e20f3ca0c619269f78e4585a577aa9d638ba4fba60a30c8d452aaf9c348c6739392a39ca8abe1c0f4636e9eeb54d64d113f00e4146b70cdc6db6b0eb5dd5cfba602e731484f1a607b20cdb76b73fb8bdb0b28f65eaa4e036d1ae214dc961ade636c9acf321428b751e4b4b119008c92472f9a8adfd9e9a6ba716dfa5edfb50325a3430bcd01ee3bfee5bac5a2f9e5fa4255e05bf7b3ba3d842596ec62d13b7eb191b9996cfa5cd68b0083068ed43f0e393cb9b32982073c643aaab9ae0b51abafb4e4e2d2cef8375343034a26a69c6bcd77bd0dd703779ae7a67aa2e3dc2e2e36f770453c2d5c9a086b1ed1c3072a5597ec777c163deaeccc7dcc94b1708adaf97371e94cb5c5706be813ac902aaf20e56555b3e6d639bd688ae03d8e4fb49cd388b756c370768900918dcb5e24522f7e65ef3f2e608e1ebd6dbc7b94a486bed1e5ac7b4712d90ab4f30a476d30d8d6efdee3f531e931adfbc261c400d13e123dbcdbd3c7191e89e6b7489582795ce778b95555de2bcf8721b19208fdb85ad0c1c2ab47cfde88bd7fbb7124dee1ed693ff00aa82d5f0f360e786cda358e2f2eebe28b3c3653ab62b31d311cfd5a53e3b0c9140c0113c58c73745fa7814fd03751bc7e75ec6fb1ad73e1dd5a643ff0090df2c67d83f4f1732b27d1a7cc1a8bdfaa940f9b7ed8773bddd6cc6138662351b35934baacadb6d241844416336e31323ab1af9649f79346412b97ec2351daf0716bee46f57310552edff0033fa1243aa1be6971e18fee5ad7049f2b3ef819631e126cd4e7f9c678d660ede9dd043d03793aa448f589e5b1cade96ae8bab95138b1d6dedabd1f30fa50c65e2f23d03bff00c2aef3be0dcccbfbd9bbeee369f65f67634d2ed7f70bb8f5591665689514ee74ec5336c9621e2d791d2165d8ca91e95ce46b5bab91535d381293609a127717cc0b8c848600550e2abd95a76cf37e5a531cbf0a460e382e086920f9755ae71b49bbd3f00dc4da8b665166e10449b2721a29aea984288e7b9966c74880782f0b8888ce6e6a73d75e1fb3db46e579145238889c71ab9bdb482f22d21e039a721c6ad3727c4f1ca1dde0585f46aea5c227e45497b00f450d052a45ed7a2061c59c47157aeb8be62750c48d6bb44d5aba70433f435845bf43bac6e22de3621666a79a9c688acb7336fd3cfd903090f2ba893971c2b649d81d99edfb13878665965b7585cedcd7d7b2d1b7932b624cb08469e24227a4428d591b40bd3db46b5cbaf8f0cc965b7dadcbcda46d682e5acd2f1b2493ea6171630a05270a087cca3e5c3da777ddb61901f3bc62bf14dd8a6c7ec3f82372f1c70ea2dab678045910a1d90c6e643b5af3cc46b0833b1fd28ed5ba2a70b63d8d7281513f2feeb83dc3539b92f0eeaf3a2c7fb57cdf0fdc0b88191caa16d4d59f26826f3afe12591a3c274b880b10d42152415a77c7ea1a2355578fa57b663edc60a839f0a95a0c4439d852ff00b9db73778ece8b795d14a38f2e1c29cc2231ad3085258ab12539a257a09b286cea4d79ff006715a2f63b59dd6975ea2305e22883f4c92ead9b7f678a14727022864fbccb542f01a4989ea5a8172b511ca56b55515a67268ee7afe7e1c61b4d5a801873a6658af8374b954f2ab94f96b635b475987e4f177b28323991b24b981369e6e3f914dc70b0ac2b82458c29726b2ceaa53e34a4711a8c23dc273d8bab75e205dc526e25cfb7c9980e46ab2f629ec98d09f8a4291c6b9f3dc2b18cdf2bca60e3548b4988fc6a6c8a1babe64e98445111cd18e6584959057aab57997cc7f254f1e061f0ded95f7bf71ac444206f0a18eaaf9a961d33d311324dadefbd13fe3b98c01e23546bc3860e5e4b56edd998ff00e8af6f982d1ca815738936d323c864c396d5935f28c793e85a55635ec4231c166ad55faf5e0ef682d961f74221afce9ffcabf997149d5fb5dded0c8ee6d05917e891a4b7cffc4d0731df4e6c4cb9323aa976b0b6830b955d56d7489f2e38ace22a8429a107ac6b50bfc5c8abd29d5f978b075c5b32610123dd232ecaf3fd9ee3d41bfed326ff0067d3d66edae0573e461958ba73680250a71c805ac8d7d90ec2bac45036a2baa61b14069c0fe22bcaff003d1fa39de9967d991085512ebd29aebaa6a8a9c44b9ddf6db47344f234294e75a1f4f74275f75b6d93cbb774848d10b448ed524f097468aac323c6a29880157b6a2e7cd76e6bdc73aeda98438cd78ccc064f3234c1bdae46f9a4f218d7b5354d75d13c7c74e26c7736d23c35ae0572acf372136cb6526e93f4edf45b7c45cc713732b5c1c0a1270518f144a8f1f7736e8a58248d8a64810c629dd6309d9fde162cc8cf8cf08119ab91d14c298463d553547237a74d15789ded47a7571a029be64ec2f7426decafd8d6977bacfce4843da5a4350a2b48796b8f30138d0471f11300b4ee86750481e3979b8ddea770e7953abd473ce608f76b338e43ba39904910c48c146e8d52fb4aa8bd28a89c0d5d4cf2430e432afe8022630c6c2063a47d9440dc6dc68f45b4d6442a94224f85570ad0b0a0452ae9611492582d4c7e8111a37f272bbc57c3968adb5e1b78c2706eaa956a7fe5354e0b5839bbd5b2f79fc196f9a1eaecb1dc76e2a6e26436d9862be50ab4ed3b518469c1af966131ce45774b91aa9e0bc1add5cb65610c21688a48c98dc184071181ab8feddb7722ee7d64cddd1da4616356ef79f1a92392ad867a284cf2a2902e39c80184621af528d5ac554e4d4e036432094afa814a1d9a26c4030213c7be90eefe3e6bdb61b678ed8e21844e6e6993a9bac93c73bc8a782f8a54524a6c5f225585c408a667519e11f96aade96b9cbae92e2b72ef349e9a806411121802d6aedbc5b9b36bf35afdc7c860d0e5b5f9cd06736136554226396f30c0944af77978fc42c31d44588a4d238518f7b45ab9e47b97a92769635bf8782d44712f1e6555a57711de6c3333c74e0b5a10e285c7cd8e508e1f4cbb50e4d5c7f5314a534d992dc5832ea40369559a11af47ea8a8bc0c751ed6edc2d0c9061791e2d3fbbc68aba5775fd36f0473e363260f07eda6c6076a98c4bc5cd9dc4831c94c1af7dab662233d3bc4d1a991c8fe6d723513e8545d78c39dd49ba36f06db21709cbf4a645552b76fd036975afea2d6b4dbe82e5ecce92da426e1e55b895389e1991cec2abcd6720ec71e744ac8f28d0525d841691a77b06aa6707a05e67535149c917c17d03b4db1b5b18e377c440bde6bcf1bdce2f3709268c7e16a41dd4f1625919720cc62e472a6160c299490e165d5733388eb447f2a24ba8b2970c3020c23866c5b440188ac420fa9c89d089cf89f246c946991a1c3b450f5cdac372c30dc46d74673042afd34f176cbddfc4dac7e1d779348a6c9719814795d35b63df1649a234aa69a10459316b65ad5c995388226ba86531eaa8abf52711859c2df2c6ad1c8654350f40f44fe60dcdced5652bce04be26b88eed40a77559bd5fcccbb64a5a4caa94b8c5662b3edab25444749859924c19e683cd422498e59a3188bd49d2f7211e3d7fd24e06374dbdce99f730ba46ddb5a811c40701c11517b68eb66f979d091b61b7b7b4b482c647ab8089818d738e2e700c2a398424d27f887cc0b0ca2ca2bcf22aabb25c44a8f3dc224ababcb393358f7a146e5b84ae188e517434446b7a5add756ebc0349b7eeb7008742f63b52e2e553cd54d7aab746fcbadfb628b6dbdbdb765d5ad998d8e8a20c69d211ac01b1b5c847176359fc77ba3d87c9b22b5b7b72d461110892adfd059dba7916c390e27955a7738e4233d3aa35ae6b4ac5d3c1ed4e48eee2dea58ecff2d6fee6a70003a3035308e38e1f6d78d3e6dfcb1f969b44bb73ba736a977a6cb85dc5a9dec9638238925da83c92a001a42513ec732ed2a1d2e3f9b556ed6373876c2953728c41d0b52d210153693a0421cb1e46580d8732f21460aa90c37f9455d08e7aa2710edfaffad24dba7d965da2f1b7f1b5ac65ca8d2f57b5a5e469c1c1a4bf220a72af273bff0002ba3a2eba6f588ba63ba2e594cc76d2c7091807e2081afd6753091ed9250855c512801b0348537789dec45cda65db8f13b99ee2ac31fa2b86d8240a7a597bbb96a026438c8cfd80ad7edb08d4d1ec5d53544e35991f05ca490b9ae68c0a15c4604778381af6817b990b70fba3eca3177a5432693b76ddfc831ebf1c6b70625387102f8504f0ea23b9a349a6abf3604597eb4915de5a151eed11eaa9cf9f081a2221ff00cc30efae4321964d030c0e35a75177272197141472eca7c98118af2042594651b1cf55eae5d4aaa8abf42f8717e116baf9a44f515efab3aedb374771717db6846b0cf32db1c7a7b22d3b711aecbec22b31fc58b21ef73a3d3fad10c622c61964a682208a36235ca9d4a9c703581fa88af9f23f4e9c72ceb833683916ebc0c9ea21161c8cb319c87a69734b8951cf90e5b85644e64786280a4f4b083555a57b57a98c18c2c72b7ad74e16e38f6532d01353b1afb415c79959b7a3cb25e382bcaf95ba5824d9d0123e4f746b592c7cf020c0198f02bd18a9cdc5122fd0abc7d497900a8f4d41a26ca52dec3c622d044cca7bf39c0edff671e863d57abceb04b29518f3585f5168d014a413daade827539c889a70870e7953ad9034ae00514a8337cf36d3614fb617555928f1ece219cf8b5bdb246972eb9cd9278190544d0a0ab8a11554e1223dfd3d28d72e9e1c02ee3d1d6977d456fbe3401a3178e64647fc68df6feb1b8b3e9fb8d9de49d411857207315f0788e338fe67233497618553cec481b232e2a31932fa15932ee7c88f68e92914168d6bd1b111551539a3b4e0e1a000832a066bde42e2415accdf4bc771facbb85677f56d341dd3cab147490e16ad8c28593d7b2fa38a1ca551481f4d8923b9bfb06688dd155a9cf850c29a0d25cbd94b4ca1e4b711f13c3aaa562b92da3d97d66cab2c79149632191c86953cbeacd1a1c5035a388e7b91b2fadc89a351caa9af102ad3c03412b4c5e0b4bb43930221a5e5b9848a7b3a82cc6ad5cb98898a5b57a0be218e9e4d8d74a7cd8cc4739ed3bc6fe96268dd7c386258a37799f4edbcb283a1a4807851b6ab01edb6ba350dc7fd49bf9c3201eb73402ba8566205909d21af024b65753483f5858c2ab9820b151dd0d231c9af10248e05cd4f655b5b1bc6b8b5b8a8e35142edaec0661312593761d8ac323213c9552160573a2026b5e528d47777d6676303e5f415ec9928ac7391506e45e4e476f1169703852e5b8ba61d0e602eac6d7e7db73894cc8b61635a86db6c375c3493ec3373b843c83167e28e9b7808306584ed8076d91ea871cae305c883908f6b11ed4d63fb31fb9813a69c95b2bfda98e12b35237815047d4b56a7b48fb15f98f7cc3d4b6a6b86506f566709b26d2705cd86c919d6552095fe6b9aa2404771106c6a391cc6fd7a2f0cda5ac36b6c90b74b5d23dde25c493e26a82e1ee744c2ee0c681e00532bbcf4d8e673b7b9ae353edab620722c7ac298acb0b340c382b631bca7754b63e5c70bc4e54562bd9fd9af151d4bb88da363b9dd08716c11eb21a35146904a019d5874cda1dc77db6db9a9aa67e90b9620d6927236aef932bce2b63380e8584642fa9b62249190ec8ceb134514b8ade4e98d40015fab5baaa73d39f04bb5ee50ee3b7dbdf44bedcf135ed5c0a100e54cee3632d96e13d9c811d148e69f0294db071f931f1ba59e567c42a6263b799402df129332348a9a982d4a7aa05cc32c601c7167bba9ed5289ad7b5551aee2caa2891a7020f2aecd2e519306464d6f65456b5f96ccc28f131ca8abf3e3826d5521e1f48e2080c5706ac436eae5d5511755ea44e3a79d25da4a35bce987c14c07b65484c8b11a73e39bbb87e484838a449567904b8f97d03290fe96c590d6b4cc09c0aa47b25bb47aeba2f0b188a69fe4722608944ba2833a5d16d75c250eef64b0f12dfcccb0e29ec661e2d5b417216640f03883ac6b40332ccd5753a22ebcb8495ae17292304d3c2a2723199e0c720c5870a9f6e6ca3673b998ac4b9bcc823dcd51c135cdc825d264116658cb5ad836602b5a86f2d8c42f4a2f8ea9ceca41782fec4a92605dc361db0399d0dd6758ce1bb995193ed642a4bdc44b899a4e2f1ec634c51c1ba7ca5914f6259b4e8af70901d0dd5756995392f0b4b8794a1af835c574e40f3a18ef5e753b20b2dc6b61c4918d22e578eee850e390d5b3a90f42c1428b325fc724087f0b558481e8049471d1aef69796abf008133a718148eea062d796db2cb9757dadedcdbd363c2cb3118316ad596d2ade44af8b47abf52d6b1b32b5f10657988d72fecc5aa35cd5554fb8d2b04d3c68ef89496647e82c2a2141a46e7462c885b7d41284af87b855719ee96cb03895ef81072484a5781a4231be6af4fd5c71ecd4d20e46900ba3c788350faacfabf6f724c831dba9d131d410a6bc921f4f1b2a5b031049f0d6c544807e98ec47b84733747f983544ea545e29bdb742ed2f2a2aea2b8749187b53501ceb067def34f96f465c61c4af18c60477f0850c59a77688d72232e015cc63068d4d1555daaf8e9c3a26683d94879792a463df42db5cf2ea4e7b8b1481c79b5f5d26ccd1a587fe9eb55e29357346574c882c89d048ad422f430a46e8ed15a9d4888ae8923c5dc29f323b40c4fb94d9efb778d9df6ebdf977ed3f13a6c6ee7f8c7bacdf28b359900664910c553ba996862a81b1a5c66a3fa44dd7ab5e5aa7122289bed069e155058256357001a3eca10d17cc3f7ef73775f07c5325b2c4f15c3b30c9a9f1bbe8f87e235106448aeb7b21c051166cc14c9247a3e4b7db5223bf2f10776b26dc6db3c03efc6e1f5635336a986dbb9c17a02ba37870ef1950eb1e838c526f1f70787c2b833265de671710c32d6d21065b833897e58e7b4b18cc215123c58c572bdecf31119aae9c35b758fb76d66c4410b13b32414f5fee0eb8bcb8b87626679713de570a9967e1fe22b7c98b4a5830f1a977d8ded0d1de61325adffd9e8d1819c791584f4e76823b9843bd5c3135cd5e4bc5e22554821a8789c71a5ff2dbdb39b9ae5198c3ca265a63d53664c760c386ab0e7d8574603234f8a386a4564761c2cf38bd0a462ebabb8e57305ed347dc0dd1f6d2c59690ae60c7c5ec61ed44888dac8df11c8c50f25b6f3e1cbf88c908811e4c7f248dea0bdfa78689c2c0a4b95edd270229889fd77147b931e3629b95920f16ee0314c9c13ae274c8d1183c886da7f3bd60a18a331c60c3d113af5544e39a92907c8429e15d8bec4c93f1cde0a85c145169e8b749329b9af664f5d6b93d8544ea18910c0a2ae34d2d83ac9c9155cd7080fe96a3d57922f1d3928a4eb0502e3422c872cc4a3546cc6444b9b11d54606430aaf183d046044965a3b620ab2a7209a330fcf8e432b5b21eb1ddd488a9a73d53ecb3af9ad739c532159d9f15184bb839a56a44c8ada00b72f77e88676fc22e2922398b88e0b8f49691c18d3ad0a66b9816bfda6a3d19a39a8de3e50b4e02060d342cddbb79df00c56651c3b8a1cae78c3952d62570e0bbd38247a4838dc19278c090d8b5d19cd1382e5553b9fa74eaee6db9da4d2983cc5ab5f9c52ea0da450cf92e76201dc762c72c4a56248c9a1ee7e38e534655ae8ac5914f0ac8a0e9f2d04dd354e96bb9f0aecaf90a622a7b9561b95e7722b328c4f12b7a9cf6aa2c00e47862e28e3dc53a902e70a4b9d6900a470a4951c5d48ac7a388bc9534e2af719e081a0cce0d279d3d6cd92556460903c2ba98f6d7f73796e594f8a8a8e654595d4b40c29d95505354d5824b93f67e758369e43a223d1392a374faf8a0b8de76fb4b67dccaf1ed30294c4d5841b7ddcd33608812f71418d31e5ec8fbe22ce8a628f0d24b8b24b5f16725fe3de9e3908c704af7694e8df29e37ab7ad5abf693e9e05c7cc7e9a2c3e77e1fcbff005a223d11bd8706168d442fabc6be77dbd90e489decef7c2287005badc5ee87782de2413eedac228ab322cfb2eb9872ae426c674a5f3a3bfa97a5c7e8727473f1e0ecef56f1cbecbb5a8ecc30aa5b5db2e66b56cf1b1581a3bce1cababb71f2a6c8b2e12dfda65182e1b5d4968d6535c502d9e66eb89710ac33cc1b27ccab8c1f4c46274bda34572a6a9c549eacb49e792de104b9999c10d594dd397d0c2c9ded680f0a84151517ddaedc287b7bdf2aba0da29790e41975d615925f9dd93a56dbd3dde4bf0e3b7da593183021f4c77c82b10daab3445477568bc106cf752ddc46491101c287771b716ced2ec79d2871af6969ebb1898d63e8c98650e4790dae45894e410cdb836c22c6f85200c57b4f22be29946650bba5cde6de5c5b1098d57aa155c28132c9323de62ac318678d475edb9bd4779349366db64832ca970ac4c0701cf3420118d7239caff2b8e57c81cf55a3bc5ce659f18bea915a0b0a2836ff001c7c0814f00c5b534ec06791ba8a7908d9418d21b2d4837f9ce639a9ae9cf85034b7b402ab82d1603503c86b779b21afc7b74b335b585b39958ec7a64bd92233eca513d590b120cc6b44e2abb472aff7f1f2f14a65c42842000b46b7d547a05dff0095270cc97179b189b3f7f8fdb2ddb265bc7bb6ce9c91fcba7232be6480c83186d2344d71153852e14d618381c71fa28ca2ed53bafb7c2301ce771f0bbe35556e65777392468b0316ad84fa5b41b2d1b612e08f21ad9931ec90ad3104b1d488f6275b579a2b5eeb1c51691efc6d772a4ceb23c824196a4a8bfcdb16f88e6bb877515d14e4c82ead70e9ed87590493060330345124c9615c04d58f46b9344576bc2c1e152da43d14d41636d06e5f7633abe253447b772e444b2b3a71dd593ea4f62b42c75a4b870586f325a4e2466a301d2d56b54689a7d3c43bbb96c0c2f93d03334f88fdc76969a9b6c47633b87b938bdd49c9a541c69b2ec0ae6327c292ec8c52e219e32a10b1e64488ad7158bab9e37bbe94d38cbba87e65da6d375f93b48fde70cdca83bb8d6b5d33f2bee376b3177b8c9ed46ec9a8a52af83b10c1df8255dde01933a5e67675cc1c914f9c421e43d88c6812379af717c88a2631118d5774b53c138a5dbfa9e6ea07be5ba680d1e91ca97d57d150ec5ec47b6bbcc410e278f6d58e376f68ac1e093345160300ad28e1c4610af63d1354eb92446bba9bfa88dfede1770e1334c25bf867315416b6b2dabc3da565e6889dd5de253d434e0805e4e7b9e9145eab57bd8d6394a5417bc6a345aeabaf8e89aeaa9c577e8fb6e7ec469fe51571f9fdcbd5ee3b52d0a3b96edcf6ef35dfadd1c8adb136baea36ea67d2a35cacf9d1a60cc6caad9ea58e71496c846b95caba3151382fbc8ae679a58c9fc3d6efb4d5158ee70d95ac2e04eb11b721d82b1d8c6cbc1a48d1e1429b92c98c06b991a1da64f925c408ad73ba95d0e1de4e9f061bf572f3189aba72f0e215b6d11c0f2f07493c00aedff55dd5d3044d6ea68e66968ef8b6a71916c95890b023c9ca645a57331db19bd13cf553866432cdaf0c86ac68661b5888aa31b7a91745d5157876f2f64d9adcdd44f70734f3a73a7e07751ee4db1b9634c646387efaa15bdeda665660b925448cd675447c86732fa7458d5d044235a05cf2a4a53884292cea73d5158d720fea6f14d65f34efcdc085d0b258d73c8ff851eee5f2976b16e66b795f1ca06598fae902aac6e45eee65a4a74ea2056479acab993a4b4eb5e7b2101c17963c27115cb20fd28af54544455e36adbee5d7968cba73746b6829df5846e1682c2f1f6cc76b0c28b9530d132d8ee3ededc57e4d09b93ad2e7d80dcc2c4e8815871fa53c9150fa89f0e080e556d574bdce390a45fa1dc4c20642a2120e07015368b5729705c90190bb71327b393b31804d6b634631d460896d296001c690b28ce5105fcd7a796bc74000634c82540099d30556eb3c7770b7225637b4995ceb936dd615795c3cc0629b4e65ab480a529e92c28403948264b7398ad3b5cc7a239abd489c7cf04b0a6601a5c71c6f91a253e52ec52aed36473e9923019540dc73188926f699f612e545ab865b459af82f42b5ac92296f63d5c9d2af622111539aebc6590f525cfe6df0dc9686b5e42aa65e35ab6fdf2d6c22db59b8ed8f9de5d1871696ea188191030f1aa359187ee6525be466c971bdee4ac9b077720c7987c7ae595aa1b332488210cd96e46fa592f0b545a688f44f6517839b6df3697b437f330fb8988d6d5fb6811fb06e8c6e16f286284f2ba89dda7f6d19db2cb04dc3bd6d96dcd2e28b62f8f6562432e456e2b78a401d0115e460e38240e4bdaf7104ae4d79786bc67bd6bd77656d6efb0db1c25bb7042e1e96f8f135a3747740dddd5c3370dcd863b5690434e6e4e6380efab05ce33ac276be93e1d4448ac7470a306542114efea6eaf79d54ae457bd579e9a6abc6091c771b85c29573dc7135e856bd9676fe62d6c6d1972029a0ec7b0abe9f5992eeb66492a92bf2460458f0267505e6ae12abdd3c8c2a210612af266ba2aa73f0e353d83687595bf9fd66b1ceacddff0050bd4b71a98da7c5d5f2ec55a94c925b051357da386468de9f4fa50bb4795553c1ce446ff6f044db373b14c0d064f7f1c031432721fbeb391a8a0c7aeb18e08135b267b23faeb7f696d48f8e71140e596e6abda361589a0dba0ba754e9d157895f9567b7a13cd5466f6edd70272ff2b4e038638516376716b397b97b90510604413f3ecc1ec2bc7e61de8ec86c1dd5ecf3f69175f14e2eee1ac13388cf51fb6a858f7ba0637f947d942d986c77144e8bbb51125399d4c86f7298eed7e9156c46965796abe0aadd3eb5e1b10c93148c536646c3eb705aafdef4328817a9b7b40b4d6b595f2ed644c6c8b1862af49c82635a9e4c3793d5ab135fb4e62357e8e023afe292cf6e629f33ddc2b54f94bedddef1348dc4b23155a3dcc6dd38d8aceb5a19ce5746ae2ab202a3515e75174098c73356aab88a89a689e3c659d3f2b7f3ec89c3378c7bcd6e3bdbf4d8c8ee2184fd554e677c6838adac5ad95840131988dbe71a663d5f32ce59aa2fda2b21c821ea0e6595364b95c644e68f4e4a89cb8f61d9b432d58c6e4183ecaf1b5f173eea4792ae2e27eba91409edc6e6e5306973f7c105567a6c81d131c8569086e1dc62206958d1b415e041b1daa278272e1f01313500b492a73a915a5b57d8c8dc1749cfb3c7c636c4d3d80c10a9db2babd3c882e1476be4e4c2723114ced574fcdc74af8574210982ad73cb938ebf38bb9ba6e24d8c5d8169e5cbb40beb20b5f1df8ebd0f34956fb19a386c6b17a9c2223d11792a7089438c4e6b0a3884079539039b1cec91edd5187824734392f0ab73da9dd2dc6addbfa0b3db0c1b12b296ec6a37c366db5db81e99a41747c419696ed72c78ec6a6a8e6f49953eb5d78f317515b35bbb4b15cce58d0f2a8149ee02bd93b46e265d82dcc0cfc17c23ca3ea049e14ce54eecdf1711935fb8b9a5364f9c4ead47a54e131df6341485562f4b2659cd60cb30e9e0abd036f2f67abc780f95ad8ae7f01cf31ae6ec09f0a9cd6b258fccc0d2988a4832cde9c86d2f6976e28cf1a6663985c068319a213c51cb2e79c8a36f5a2bd7ca0ae8aaaf768d4445e0936ce9cb9dce4d6c0ef6062e72609df547ba751edfb3c08f737de3806f15eea7cf657e5d3650723acccfb87c862e537f10e19d036db1c3b8d49024315a40bb21b17b1125342e44551b7a46aa9cd5dc1cd86c76f6812262bf99acf774ea79af187dd77b70f2e756bd070d6a0e3326fa64046631b16ae38d12ba230488826b44d6b10ee1a2268ae4e94fa1382ab7b3635ab29c79567bb86ed3caed16c34b39f134428543208ac239fe5c7444477ec15ad2a2782357931aa9a7d1c4a708865546f7c84abb3aeda5122c970bfda51a8a8ef25107d2ad55d7993a13d844e7f4f08f6d89ae9bf79c9ed2512f7fbf10675fbabf1964bf877f7a7ef89bfbd3fe1ffc6fcfc4f3f1ddf0bd473cf3aae77f4e3e27a465dd417db9f7923fa7afb323f077e2af749ffcbfe97eb713a2ff004f8553cbf13ef78e7559fdd1ff0033f18fe577bf9bfcd6fc7fef3fdfff00c9ff0007f574e338f987f062f879fdfcbc2b6ff941f16e3e2e43e17abc682bb81fb89ffd3a7be8df7dfba7de05ff0097fadc663b27f718bfa3f883d39e7c2b56de7fa197faef41f57771aa8b67becb3ffce1fdcf9c7bff00bd7e2627debfe27f4ffcce3d636df01beaf48af28de7c577ab339f7d4e227eff00cd7fa41fb351f87fef1fb83ff53fcefd1fd5e248f1a8c3d3c6a6d93fde328fe52ff4ff0007de7b8fb555ef7fe4dfa3f974e12fcfef78d30df578d08f3bfbedf7f21bf90a7fdf3eebdd54fdf7fe49fa5f93a7849f1a77e9ce8f78cff2bb07fe4f7e148ff827ee5eebfdff00fe51feaf185f51ff007993fa1cfeff00abfef5e8fe9cfec96dfdc7d032f4f8765317b5ff0082a17f4e5efc9f84bee3e0bfbebfe2febfcbc06ddff567fa4ff57eeeca2f8fe0ff00f3f2a4e76c3fad4db9fe99ff009a551f67f1afdb95fbabf2ff0085f9f8dbf65fff003e3e07a3fdbcbc6bcffd43fdf8ff0057ebff00733f0ecadba71af7723f959ef5feefef9e2bf7dff3bf4b88f6fe9ff6fc2a26e1f147c7ff0057eea9746fbc37f96bf693dffbbfcffabc497e43d3509d9ffb944c27b88ff80beca7d9fbbf827bbffc7870dffedd427e7f7ebb0ffb02fe5ffda5fb1e1ee49ef7f57eafcbc747a0fa7f7527ef7dfcabffd9, 15108, 'maninder_profile.jpg', 'image/jpeg', NULL, NULL),
('b69fe2cb-7610-4e51-ac1a-feab57135a83', 'iifl12', '', '', '', '', 'IIFL', '', 'Research Report', '', NULL, 'iifl12', '', NULL, NULL, NULL, NULL, NULL, NULL, NULL, NULL),
('b7e03afe-37b9-4bae-8786-41c65c72f700', 'RenaisCap', '', '', '', '', 'Renaissance Cap', '', 'Research Report', '', NULL, 'renaiscap', '', NULL, NULL, NULL, NULL, NULL, NULL, NULL, NULL),
('b8c6c025-9e36-4acd-95f4-d7356d46670e', 'FordER', '', '', '', '', 'Ford Equity Research', '', 'Research Report', '', NULL, 'forder', '', NULL, NULL, NULL, NULL, NULL, NULL, NULL, NULL),
('bb730945-40f6-48bc-8ecf-a30c8f496e48', 'OdlumBr', '', '', '', '', 'odlum brown', '', 'Research Report', '', NULL, 'odlumbr', '', NULL, NULL, NULL, NULL, NULL, NULL, NULL, NULL),
('bdd8c6c4-0c9e-4300-8f5a-2925ddc73810', 'SMCgSEc', '', '', '', '', 'SMC India Online', '', 'Research Report', '', NULL, 'smcgsec', '', NULL, NULL, NULL, NULL, NULL, NULL, NULL, NULL),
('bf233089-f91d-4d30-a18b-5815c2163d96', 'Bquon', '', '', '', '', 'Quant Capital', '', 'Research Report', '', NULL, 'bquon', '', NULL, NULL, NULL, NULL, NULL, NULL, NULL, NULL),
('bf671f3b-c586-445d-878b-c565211d51d9', 'EileKG', '', '', '', '', 'Eilers & Krejcik Gaming ', '', 'Research Report', '', NULL, 'eilekg', '', NULL, NULL, NULL, NULL, NULL, NULL, NULL, NULL),
('c030e813-1e82-4af7-8097-eeabe3cee4a8', 'dAIiNSrE', '', '', '', '', 'Daiwa Institute of Research', '', 'Research Report', '', NULL, 'daiinsre', '', NULL, NULL, NULL, NULL, NULL, NULL, NULL, NULL),
('c07456cd-da99-4142-a4a0-f69c6ce3c56a', 'SecElara', '', '', '', '', 'Elara Securities', '', 'Research Report', '', NULL, 'secelara', '', NULL, NULL, NULL, NULL, NULL, NULL, NULL, NULL),
('c2c23d39-a576-4766-ba24-1704a3f6831d', 'GTADaT', '', '', '', '', 'GTA Data', '', 'Research Report', '', NULL, 'gtadat', '', NULL, NULL, NULL, NULL, NULL, NULL, NULL, NULL),
('c3310014-1393-482c-8c67-13e9200cfd35', 'Oppenhc', '', '', '', '', 'Oppenheimer & co', '', 'Research Report', '', NULL, 'oppenhc', '', NULL, NULL, NULL, NULL, NULL, NULL, NULL, NULL),
('c543d61e-d77d-46b3-952c-15d0ca2db620', 'Krchok', '', '', '', '', 'KR Choksey', '', 'Research Report', '', NULL, 'krchok', '', NULL, NULL, NULL, NULL, NULL, NULL, NULL, NULL),
('c63a2eea-5c00-4841-b33f-3507a4887f67', 'Moswal', '', '', '', '', 'Motilal Oswal  Securities', '', 'Research Report', '', NULL, 'moswal', '', NULL, NULL, NULL, NULL, NULL, NULL, NULL, NULL),
('ca648407-e34b-4521-8baf-b99058628507', 'ChurcCap', '', '', '', '', 'Churchill Capital http://www.churchillcap.com  churchill@bloomberg.net', '', 'Research Report', '', NULL, 'churccap', '', NULL, NULL, NULL, NULL, NULL, NULL, NULL, NULL),
('cadedd82-9271-44d3-a382-ab627e2a5cbe', 'PareSec', '', '', '', '', 'Pareto Security', '', 'Research Report', '', NULL, 'paresec', '', NULL, NULL, NULL, NULL, NULL, NULL, NULL, NULL),
('ccfc7f88-7c2f-4989-97a7-b22fbd70c252', 'Aaron', 'Thio', 'Client Development Associate', 'aaron.thio@spcapitaliq.com', '62161055-62161055', 'QuantHouse - Real-Time Solutions', 'http://www.quanthouse.com/', 'Data Aggregator', 'S', '-SELECT-', 'aaron.thio', '', 2, '3', NULL, NULL, NULL, NULL, NULL, NULL),
('ced82430-ce6f-4240-80ad-fa0877a19e4f', 'MoneyNet', '', 'Corporate Contact', 'contact@money.net', '000-888-860-4800 x2', 'Money.Net', 'Money.Net', 'Data Aggregator', 'World''s first all asset class financial workstation at a utility price. Institutional grade terminal for all your news, research ', '-SELECT-', 'moneynet', '', 3, '16', NULL, NULL, NULL, NULL, NULL, NULL),
('cf724803-357c-4498-860e-b1bf1af0a795', 'aaron.thio@spcapitaliq.com', '', '', '', '', 'QuantHouse - Real-Time Solutions', '', 'Data Aggregator', '', '-SELECT-', 'aaron.thio@spcapitaliq.com', '', NULL, '', NULL, NULL, NULL, NULL, NULL, NULL),
('d0db7191-23f2-470f-871e-c8c7f3239351', 'CapStan', '', '', '', '', 'Capital Standards', '', 'Research Report', '', NULL, 'capstan', '', NULL, NULL, NULL, NULL, NULL, NULL, NULL, NULL),
('d4972e3e-0920-4e5a-ace4-28b6313b9bfa', 'Boenn&S', '', '', '', '', 'Boenning & Scattergood', '', 'Research Report', '', NULL, 'boenn&s', '', NULL, NULL, NULL, NULL, NULL, NULL, NULL, NULL),
('d66da118-77f4-4b4b-b878-47106ed40e73', 'ciCC11', '', '', '', '', 'CICC', '', 'Research Report', '', NULL, 'cicc11', '', NULL, NULL, NULL, NULL, NULL, NULL, NULL, NULL),
('d8d56317-8fab-4d03-a4ff-18f3acc7bf64', 'FetlCo', '', '', '', '', 'Feltl and Company', '', 'Research Report', '', NULL, 'fetlco', '', NULL, NULL, NULL, NULL, NULL, NULL, NULL, NULL),
('dcec8835-df54-4bd4-a669-b8fdbb98c8c6', 'Relicap', '', '', '', '', 'Religare Capital Markets', '', 'Research Report', '', NULL, 'relicap', '', NULL, NULL, NULL, NULL, NULL, NULL, NULL, NULL),
('dd3074e1-f3e3-4291-ab7b-eb418aa949d9', 'ciCap', '', '', '', '', 'CI Capital ', '', 'Research Report', '', NULL, 'cicap', '', NULL, NULL, NULL, NULL, NULL, NULL, NULL, NULL),
('e2b9a57b-cacb-4ec3-a7cd-a55ac68a4c64', 'GloInvH', '', '', '', '', 'Global Investment House', '', 'Research Report', '', NULL, 'gloinvh', '', NULL, NULL, NULL, NULL, NULL, NULL, NULL, NULL),
('e80c668a-afc3-44a1-9fec-3f01621e57d9', 'NCBcA', '', '', '', '', 'NCB Capital', '', 'Research Report', '', NULL, 'ncbca', '', NULL, NULL, NULL, NULL, NULL, NULL, NULL, NULL),
('e8319ee4-2e5e-410b-beca-e4d843271730', 'DBSVick', '', '', '', '', 'DBS Vickers', '', 'Research Report', '', NULL, 'dbsvick', '', NULL, NULL, NULL, NULL, NULL, NULL, NULL, NULL),
('e943d9f3-2de6-48fb-8480-490aedf64893', 'RHBiNv', '', '', '', '', 'RHB Investment', '', 'Research Report', '', NULL, 'rhbinv', '', NULL, NULL, NULL, NULL, NULL, NULL, NULL, NULL);
INSERT INTO `vendor` (`vendor_id`, `fname`, `lname`, `designation`, `secondary_email`, `telephone`, `company`, `company_url`, `companytype`, `company_info`, `tags`, `username`, `companyaddress`, `regionofincorp`, `countryofincorp`, `logoBytes`, `logolength`, `LogoName`, `logoType`, `telephoneCode`, `VendorSupport`) VALUES
('e9a17287-993c-410f-a20e-804b77bcf99b', 'Sujit_gdf', '', '', '', '', 'global data feeds', '', 'Data Aggregator', '', '-SELECT-', 'sujit_gdf', '', NULL, '', 0xffd8ffe000104a46494600010101012b012b0000ffdb0043000302020302020303030304030304050805050404050a070706080c0a0c0c0b0a0b0b0d0e12100d0e110e0b0b1016101113141515150c0f171816141812141514ffdb00430103040405040509050509140d0b0d1414141414141414141414141414141414141414141414141414141414141414141414141414141414141414141414141414ffc0001108013c05f703012200021101031101ffc4001f0000010501010101010100000000000000000102030405060708090a0bffc400b5100002010303020403050504040000017d01020300041105122131410613516107227114328191a1082342b1c11552d1f02433627282090a161718191a25262728292a3435363738393a434445464748494a535455565758595a636465666768696a737475767778797a838485868788898a92939495969798999aa2a3a4a5a6a7a8a9aab2b3b4b5b6b7b8b9bac2c3c4c5c6c7c8c9cad2d3d4d5d6d7d8d9dae1e2e3e4e5e6e7e8e9eaf1f2f3f4f5f6f7f8f9faffc4001f0100030101010101010101010000000000000102030405060708090a0bffc400b51100020102040403040705040400010277000102031104052131061241510761711322328108144291a1b1c109233352f0156272d10a162434e125f11718191a262728292a35363738393a434445464748494a535455565758595a636465666768696a737475767778797a82838485868788898a92939495969798999aa2a3a4a5a6a7a8a9aab2b3b4b5b6b7b8b9bac2c3c4c5c6c7c8c9cad2d3d4d5d6d7d8d9dae2e3e4e5e6e7e8e9eaf2f3f4f5f6f7f8f9faffda000c03010002110311003f00fd53a28a2800a28a2800a28a2800a28a2800a28a2800a28a2800a28a2800a28a2803e74fdb07e3478a3e0fdaf85dfc35750db35fbdc09fce8165c8411edc6ee9f78d7cd3ff000db1f14ffe82b67ff8031ff857ae7fc1447fe3c3c0dff5d2f3f9435f1657f48f07e4d96e2f25a35b118784a4f9aedc537f135b9f9fe6b8bc452c64e14ea34b4d9f923ddffe1b63e29ffd056cff00f0063ff0a3fe1b63e29ffd056cff00f0063ff0af08a2becffd5dc9ff00e8129ffe02bfc8f27ebf8bff009fb2fbd9eeff00f0db1f14ff00e82b67ff008031ff00857d9bfb33f8ff0058f899f09ac35ed7668e7d4669e64778e3118215c81c0e3a0afcbbafd21fd8a3fe480e93ff005f573ffa34d7e73c7794e030395c6ae1684612e74ae924ed69763dec97155eb625c6a4db567bbf43dde8a28afc04fb80a28a2800a28a2800a28a2800a28a2800a28a2800a28a280399f89daeddf863e1c78a358b0758efac34cb9ba81d943012246cca483d79038af813fe1b63e29ffd056cff00f0063ff0afbafe37ff00c91af1cffd812f3ff44bd7e4ed7edfe1fe5981c7e16bcb1546336a4adcc93b69e67c767989ad42ac1529b575d19eefff000db1f14ffe82b67ff8031ff851ff000db1f14ffe82b67ff8031ff85784515faaff00abb93ffd0253ff00c057f91f35f5fc5ffcfd97decf77ff0086d8f8a7ff00415b3ffc018ffc2bda3f650fda2bc6bf15fe24dde8fe22bdb7b8b18f4d92e5522b648cef1246a0e40f4635f1057d25fb047fc967bfff00b034dffa361af9ce23c8f2bc3e5189ab470d08c945d9a8a4d1df97e331353154e33a8da6fb9fa0d451457f2f1fa3851451400514514005145140051451400514514005145140051451400514514005145140051451400514514005789fed69f1475ff84bf0e74ed5fc397115b5ecdaa476aef2c4b203198a562307dd179af6caf99bf6ff00ff009239a3ff00d8761ffd11715f4bc3746962337c3d2ad1528b96a9ea99e7e613953c2d4941d9a47cefff000db1f14ffe82b67ff8031ff851ff000db1f14ffe82b67ff8031ff85784515fd3ff00eaee4fff004094ff00f015fe47e73f5fc5ff00cfd97decf77ff86d8f8a7ff415b3ff00c018ff00c28ff86d8f8a7ff415b3ff00c018ff00c2bc228a3fd5dc9ffe8129ff00e02bfc83ebf8bff9fb2fbd9fa4bfb247c56f10fc5bf036ada9f88ee22b9bbb7d44dbc6d142b1809e5a36303dd8d7b9d7cb9ff04fcff925faff00fd85dbff0044c55f51d7f3171350a586ce311468c5462a5a25a25a23f45cba72a985a729bbb6828a28af983d10a28a2800a28a2800a28a280118e01af896f7f6a3f1fc3793c6ba85b0547651fe889d01fa57db4df74fd2bf32f52ff908dd7fd756fe66bf29e3bc7e2b031c37d56aca17e6bd9b57b72f63f5ef0fb2ec1e3e58afadd28cf9792dcc93b5f9af6b9ea9ff000d51f107fe8216bff8089fe147fc3547c41ffa085aff00e0227f85791515f937f6f66bff004153ff00c09ff99fb1ff00abb93ffd02c3ff00015fe47aeffc3547c41ffa085aff00e0227f8575df09bf686f1a78b7e22689a46a37b6f2595d4c52554b645246d27a81c74af9d2bd07e00ffc961f0c7fd7c1ff00d01abd2cb33bccea63a8427899b4e714d733d55d1e666990e554b0188a90c341350934f9568d459f7ed14515fd3a7f2885145140051451400514514005145140051451400514514005145140057c7ff10bf690f1c787bc73af699657d6e969697b2c112b5aa310aae40e48e7815f6057e77fc5dff92a3e2bff00b09dc7fe8c35f9a71ce371382c2d1961aa3837277b3b743f53e00c06171f8baf0c553534a2ad749f5f33afff0086a8f883ff00410b5ffc044ff0a3fe1aa3e20ffd042d7ff0113fc2bc8a8afc6ffb7b35ff00a0a9ff00e04ffccfdbbfd5dc9ffe8161ff0080aff23d77fe1aa3e20ffd042d7ff0113fc2b4fc31fb4d78f353f12695673dfdb34171771452016a80956700f38f435e1f5b7e08ff0091cf41ff00aff83ff462d6f87cf735956827899daebed3ee73e2387f288d19b58585ecfecaede87e910a5a41d296bfaa0fe460a28a2800a28a2800a28a2800a28a2800a28a2800a28a2800a28a2800a28a2800a28a2800a28acef1078834ff000b69171a9ea9751d9d95baee79643c7d07a93d001c9a89ce34e2e73764b76cb8425524a10576f4496ecd02715e4df117f693f0b7812492d2de43ae6a69906decd86c43e8f2741f41923b8af02f8c3fb486ade3e79b4dd1ccba468392a555b135c0ff006c8e83fd91f893dbc62bf1dcef8ef964e8656aff00df7ffb6afd5fdc7ed991787dcf155f3676fee2ff00db9fe8befe87b2f8a7f6abf1b6bceeb6135be876e78096b1067c7bbbe79f718af3dd43e23f8af5572d77e24d56727b35e4981f419c0ae728afcb7139b63f192e6af5e52f9bb7ddb1fae61727cbb051e5c3d08c7e4aff007eecf78fd9575ed4f50f8a3e4dd6a175730fd8a56f2e599997395e704d7d8d5f157ec93ff2563fedc26fe6b5f6ad7eebc0b294f29bc9dfde97e87f3ef1fc230ce2d156f723fa8514515fa11f9b05145140051451400514514005145140051451400514514005145140051451400514514005145140051451400514514005145140051451400514514005145140051451400578d7ed27f12f5df86da4e8b3e873c7049753c8921922593202823af4af65af9c3f6d0ff917fc37ff005f32ff00e822be6389abd5c36515ead1938c92566b46bde47d670ae1e962b39c3d1af1528b6ee9ea9fbacf2dff0086a8f883ff00410b5ffc044ff0a3fe1aa3e20ffd042d7ff0113fc2bc8a8afe77fedecd7fe82a7ff813ff0033fa57fd5dc9ff00e8161ff80aff0023d77fe1aa3e20ff00d042d7ff000113fc28ff0086a8f883ff00410b5ffc044ff0af22a28fedecd7fe82a7ff00813ff30ff57727ff00a0587fe02bfc8fbd7e0078df55f1ff00801755d66549af0dd4916e8e308368c6381f5af49af18fd92ffe49327fd7ecdffb2d7b3d7f49e4556a57cb30f56ac9b938a6dbdd9fcbb9fd2a74335c4d2a51518a93492d92b8514515ee1e00514514005145140051451400514514005145140051451400514514005145140051451400514514005145140051451401f1d7fc1447fe3c3c0dff005d2f3f9435f1657da7ff000511ff008f0f037fd74bcfe50d7c595fd55c0fff00220c3ffdbdff00a5c8fcd339ff007e9fcbf241451457dd9e2857e90fec51ff00240749ff00afab9ffd1a6bf37abf487f628ff9203a4ffd7d5cff00e8d35f97788bff002278ff00d7c8fe523e8f21ff007b7fe17f9a3dde8a28afe6b3f420a28a2800a28a2800a28a2800a28a2800a28a2800a28a280389f8dfff00246bc73ff604bcff00d12f5f93b5fac5f1bffe48d78e7fec0979ff00a25ebf276bfa0bc34ff73c47f897e47c3710ff00169fa7ea1451457ec67c9857d25fb047fc967bff00fb034dff00a361af9b6be92fd823fe4b3dff00fd81a6ff00d1b0d7cb714ffc89315fe167a596ff00be53f53f41a8a28afe433f530a28a2800a28a2800a28a2800a28a2800a28a2800a28a2800a28a2800a28a2800a28a2800a28a2800a28a2800af99bf6ff00ff009239a3ff00d8761ffd11715f4cd7ccdfb7ff00fc91cd1ffec3b0ff00e88b8afabe15ff0091de17fc5fe679999ffb9d4f43e00a28a2bfae8fcb428a28a00fbd7fe09f9ff24bf5ff00fb0bb7fe898abea3af973fe09f9ff24bf5ff00fb0bb7fe898abea3afe48e2dff0091e62bfc5fa23f51caff00dce9fa0514515f227a8145145001451450014514500237dd3f4afccbd4bfe42375ff005d5bf99afd346fba7e95f997a97fc846ebfebab7f335f8df88bf0e17fedfff00db4fdbfc33f8b17ff6e7fedc56a28a2bf163f740af41f803ff002587c31ff5f07ff406af3eaf41f803ff002587c31ff5f07ff406af5729ff0091861ffc71ff00d291e4671ff22dc4ff00827ffa4b3efda28a2bfae0fe330a28a2800a28a2800a28a2800a28a2800a28a2800a28a2800a28a2800afceff8bbff002547c57ff613b8ff00d186bf442bf3bfe2effc951f15ff00d84ee3ff00461afc9fc43ff73a1fe27f91fb0f86bfefb88ff0afcce468a28afc28fe820adbf047fc8e7a0ffd7fc1ff00a316b12b6fc11ff239e83ff5ff0007fe8c5ae8c37f1e1eabf339715fc0a9e8ff0023f48874a5a41d296bfb14fe260a28a2800a28a2800a28a2800a28a2800a28a2800a28a2800a28a2800a28a2800a28a28021bdbc834eb49aeae65482de1432492b9c2a2819249f402be15f8e3f192efe28ebed1c0ef0e8168e45adbf4de7a79ae3fbc7b7a0e3d49f61fdae7e253e9da7db7842c652b2dda8b8bd653c88b3f227e24127d947635f2857e1bc6f9f4aad5795e1dfbb1f8fcdf6f45d7cfd0fdfb80b87a14a8acdb111bce5f0792efeafa797a8514515f921fb2851451401ed3fb24ffc958ffb709bf9ad7dab5f157ec93ff2563fedc26fe6b5f6ad7f44701ffc8a3fedf97e87f347885ff239ff00b723fa8514515fa29f998514514005145140051451400514514005145140051451400514514005145140051451400514514005145140051451400514514005145140051451400514514005145140057ce1fb687fc8bfe1bffaf997ff004115f47d7ce1fb687fc8bfe1bffaf997ff004115f23c5bff00224c47a2ff00d291f67c1dff0023dc37abff00d259f28514515fcc07f58051451401f6bfec97ff0024993febf66ffd96bd9ebc63f64bff00924c9ff5fb37fecb5ecf5fd59c3dff00228c37f817e47f20f12ffc8e715fe397e61451457d09f34145145001451450014514500145145001451450014515c37c53f8cfe16f83fa50bbf105f6c9a404c163000f71391fdd5cf4ff0068e07bd7461f0f5b155551a117293d92d599cea42945ce6ec91dcd646bfe2fd0fc29079dad6b161a5458c86bdb94881fa6e2335f02fc51fdb5bc6be35926b5d05c78574a2485fb2b6eba71fed4bfc3ff000003ea6bc0750d4ef357bb92eafaea6bcb990e5e6b890bbb1f727935fad65be1c62ab454f1f5553f25ef3f9bd97cae7cc6233fa5076a11e6f37a2ff3fc8fd32d57f6b2f855a431493c590cefd316b6f34c3f35423f5aca4fdb47e14b49b4eb97083fbe6c26c7e8b9afcd9a2beba3e1c65295a552a37eb1ff00e44f29e7f8a6f48c7ee7fe67ea3e89fb4efc2ff101516de31b088938c5e6fb6ffd18ab5e8fa76a967abdaa5cd8ddc17b6eff00766b7903a37d0838afc71ad8f0d78c75cf06df2de687ab5e695720ff00acb499933ec70791ec78af2f17e1a5069bc1e21a7da493fc55bf2674d2e219a7fbda69fa7fc1b9fb01457c2bf0aff6f1d6b4878acfc6f6435ab4c80750b3558ee507a94e11ff000da7dcd7d95e09f1e683f113448b56f0f6a50ea564fc168cfcd1b7f75d4f2adec4035f9466fc3b98e492ff006a87bbd24b58bf9f4f47667d3e171f4318bf752d7b3dce828a28af9a3d00a28a2803e3aff8288ffc78781bfeba5e7f286be2cafb4ffe0a23ff001e1e06ff00ae979fca1af8b2bfaab81ffe44187ffb7bff004b91f9a673fefd3f97e4828a28afbb3c50afd21fd8a3fe480e93ff005f573ffa34d7e6f57e90fec51ff240749ffafab9ff00d1a6bf2ef117fe44f1ff00af91fca47d1e43fef6ff00c2ff00347bbd14515fcd67e84145437779069f6b2dcdd4d1dbdbc4a5e496560a88a064924f000f5af913e367edcd158c971a47c3e892e655251f5ab94cc60ffd3243f7bfde6e3d88e6bdccab25c6e7557d960e17b6ef64bd5fe9bf6471e271747091e6aaede5d59f57ebde24d2bc2f60f7bac6a56ba5da2759eee658d3e992473ed5e2de28fdb63e197875da3b6bdbdd7645e08d3ad4ed07fde90a03f519afcfbf1478c75df1cea8d7faeea975ab5e3ffcb4b990b607a28e8a3d8605755e13fd9f3e2278da34974af0a5fbc0fcacf7282de361ea1a42a08fa57ebb87e01cb7014d55cdb13f8a847ef7abfc0f96a99de22b4b970b4ff57f81f4e5f7fc1433468dd859f83efa74ec66bc48c9fa80ad4db3ff008286e92eea2ebc1b790af730deac847e0516bcaac7f615f8937681a67d1ac49fe19ef1891ff7c230a75efec25f122d50b4536897847f0c378c09ff00be9145747f65f042f73da46fdfda4bfcec47d6739df95ffe02bfc8fa3bc31fb6f7c34d7e458eeee350d09cf19bfb5cae7eb197fcce2bdabc39e2cd17c6160b7ba26ab69aada9ff0096b6932c807b1c1e0fb1afcc6f157ece3f123c1b1bc9a8f84ef9a04e4cd6605ca01ea4c65b03eb8ae2f40f12eb3e0ed552fb47d42eb49bf88e04b6d2346c3d41c751ea0f15857e02cab30a6eae5389fc54e3f86abef7e85433bc4d0972e2a9fe699fb07457c5df05bf6e99565834af8851074621175bb58f057de58c751fed20ff00809eb5f63e99a9d9eb56105f585cc579673a09229e070e8ea7a10470457e499be478ec92afb3c5c2c9ecd6b17e8ff4767e47d4e171947191e6a4fe5d516a8a28af00ed389f8dff00f246bc73ff00604bcffd12f5f93b5fac5f1bff00e48d78e7fec0979ffa25ebf276bfa0bc34ff0073c47f897e47c3710ff169fa7ea1451457ec67c9857d25fb047fc967bfff00b034dffa361af9b6be92fd823fe4b3dfff00d81a6ffd1b0d7cb714ff00c89315fe167a596ffbe53f53eccf1dfc70f047c33d4a3d3fc4baf45a65ec9089d616864918c64901be453dd587e15c64bfb65fc268e4dabe239641fde5d3ee31faa0af9abf6fcff92cba5ffd8121ff00d1d3d7cd35f9c647c0b96e6397d1c656a93e69abb49c52ff00d25bfc4f7f199d6228579d2845593f3ff33f4fb4afdab7e156b0e121f175b44c78ff004a825807e6e807eb5e8fa1f89f47f13db7da348d56cb5483fe7a59dc24abf9a935f8f557748d6f51f0fdf4779a65f5ce9d771fdc9ed6568dd7e8ca41aebc5786b85947fd971128bfef24ff002e532a7c43553fdec13f4d3fccfd8ba2be01f851fb71f8a3c2d2c165e2e8bfe125d2c10a6e4009771afa83c2bfd1b04ff7abed8f007c48f0f7c4ed09356f0eea31dfdb1f95d47cb242dfdd753ca9faf5ea322bf28ce786b30c8ddf130bc3a496b1ff0080fd6de47d3e1330a18c5fbb7af67b9d3514515f2c7a414514500145145001457987c63fda1fc29f062d4a6a7706f75874dd0e956a4199bd0b7645f73ef80715f12fc4cfdafbc7df1065961b4be3e1ad2d890b6ba5b14723fda97ef13f4c0f6afb5c9784b32ce92ab4e3c94ff9a5a27e8b77f9799e462f34c3e0df2c9de5d97ebd8fd09f127c41f0cf8390b6b9afe9ba51c676dd5d2231fa29393f8579f6a3fb5cfc28d36431bf8ad2671daded27907e6a98fd6bf32e7b896ea6796691e595cee677624b1f524d32bf4fc3f86b818aff0068af393f2b47f3523e72a710d66ff7704bd6effc8fd298bf6cdf84f21c378866887abe9f71fd10d749a37ed29f0c75d745b6f19e9a8cdd05d39b7ffd1816bf2ca8ae9a9e1be5725fbbab34fd62ff00f6d5f999c788312be28c5fdffe67ec769daad96af6cb71637705ec0dd25b7903a9fc41c55aafc7cf0f78b75bf095e0bad1756bdd2ae07fcb4b39da227d8e0f23d8d7d27f0abf6edd7f439a1b2f1adaaebba7f0a6fad90477483d481847fa7ca7dcd7c5e67e1de3b0b17530535552e9f0cbe5ba7f7af43d7c3e7d46a3e5ad1e5fc51f78515cf781fc7da0fc47d0a2d5fc3da8c5a85949c12870d1b775753cab0f435d0d7e575694e8cdd3ab17192d1a7a347d2c6519a528bba6145145645057ccdfb7ff00fc91cd1ffec3b0ff00e88b8afa66be66fdbfff00e48e68ff00f61d87ff00445c57d5f0affc8ef0bfe2ff0033ccccff00dcea7a1f00514515fd747e5a145145007debff0004fcff00925fafff00d85dbff44c55f51d7cb9ff0004fcff00925fafff00d85dbff44c55f51d7f24716ffc8f315fe2fd11fa8e57fee74fd028a28af913d40a28af39f8a3f1d3c3df0c22682e2437fac15ca69f6ec370f42e7a20faf3e80d7262b17430349d7c4cd462babfeb57e476e130788c7d65430b0739be8bfad179bd0f46ae7f5ef1ff0086fc2e48d575cb0b171ff2ce59d43ffdf39cfe95f1778eff00687f18f8e24923fb7b69160d902d34f631823fda6fbcdf9e3dabccd98bb1662589e4935f95e3fc41a50938e068f379c9dbf05afe28fd732ff0deace2a78fadcbfdd8abbfbde9f83f53eedbafda5fe1d5ab95fedff3587fcf2b59987e7b31496dfb4c7c3ab8c03af989bd24b4987ebb315f09515f3bff00110334bdfd9c3ee97ff247d2ff00c438ca6d6f6952feb1ff00e44fd29f0ef89f4cf17e90ba969176b7b64e595664040247047201afcdfd4bfe42375ff5d5bf99afb5bf658ff923963ff5f13ffe866be29d4bfe42375ff5d5bf99aeae32c54f1b80cbf13356738c9bb6daa89c9c0f84860731ccb0b4db7184a295f7d1cf72b514515f949fb0057a0fc01ff92c3e18ff00af83ff00a03579f57a0fc01ff92c3e18ff00af83ff00a0357ab94ffc8c30ff00e38ffe948f2338ff00916e27fc13ff00d259f7ed14515fd707f19851451400515c3fc49f8c1e1ef861681b53b832df3aee86c20c34afef8fe11ee7f0cd7cade3cfda6fc5fe309248acae3fb034f39021b1622423fda93ae7e981ed5f259bf13e5f93b74ea4b9aa7f2c757f3e8bf3f23ecb25e14ccb3a4aa528f2d3fe6968be5d5fcb4f33ecad6fc5da2786937eababd969c31902e675427e809c9ae2efbf68ef87760e51fc451c8c3fe78dbcb20fcd548af842e2e25ba99e59a579a573967918b331f524d475f9b623c42c649ffb3d08c579ddfe5ca7ea186f0db0515fed35e527fdd4a3f9a91f7447fb4ffc3a7383ad4a83d5ace6fe8b5b3a6fc77f00eacca20f13d9216e9f682d0ffe86057e7f515cf4fc40cc93f7e9c1af492ffdb99d353c38cae4bf775669fac5ff00edabf33f4d6c353b3d56013595d437709e924120753f88ab35f9a1a46bda9787ee85ce997f73a7ce3fe5a5b4ad1b7e60d7b77c3efdad75dd1248adbc4d0aeb5623837118097083d7b2b7e383ef5f599771f60f11250c641d37dfe25fa35f733e3b32f0ef1b868ba982a8aaa5d3e197cb569fde8fb068ac1f06f8e345f1ee909a8e8b7a97701e1d470f1b7f75d7a83fe456f57e9b4aad3af05529494a2f66b54cfcaaad2a9426e9558b8c96e9e8d0514515a99057e77fc5dff92a3e2bff00b09dc7fe8c35fa215f9dff00177fe4a8f8affec2771ffa30d7e4fe21ff00b9d0ff0013fc8fd87c35ff007dc47f857e6723451457e147f41056df823fe473d07febfe0ffd18b589525bdc4b697114f0c8d14d1307475382ac0e4115ad29aa752337d1a6635a0ea53941754d1fa723a52d7e797fc2e2f1c7fd0d5ab7fe053ff8d28f8c5e38c8ff008aab56ff00c0a7ff001afdc7fe22160ffe7c4bef47e05ff10db1dff3fe1f73ff0023f4328acef0e4d25cf87b4c9657324af6b1333b1c96254649ad1afd5212e78a92ea7e4538f249c5f40a28a2ac80a2b95f1f7c4bd03e1b69a2ef5abc11b383e4db46374d31f455fea7007735f2bfc40fdaa3c51e28792df4623c3da79380603bae187bbf6ff8081f535f2d9bf1260326f76b4af3fe55abf9f45f3f91f5b9370be639dfbf423cb4ff009a5a2f9757f2f99f606b1e24d27c3d0f9baa6a769a7478ceeba9d6307f335c55ff00ed13f0f34e62b27892191bfe98432ca3f35522be10bdbfb9d4ae5ee2eee25bab8739696672ecc7dc9e4d57afcd313e2162a4ff00d9a8462bfbcdbfcb94fd4f0de1b61231ff006aaf293feea51fcf98fb9d7f6a0f876cd83accaa3d4d9cd8ff00d06b5b4ef8fdf0ff00542a21f135aa13ff003f0af0ff00e86a2be02a2b921e206649fbf4e0d7a497fedc764fc38cadaf72ad44fd62ff00f6d3f4c74cd6f4ed6a1f3b4fbfb6be8bfbf6d32c8bf9826aed7e65e9daadee9174b7363773d95c27dd96de428c3e841cd7b27807f6acf13f86a48adf5bdbe20d3c704cbf2dc28f671d7fe040e7d457d565fc7f84ad250c6d374fcd7bcbe7b35f89f2398f8758ca1173c0d5553c9fbafe5ab4fef47da14572be01f897a07c49d33ed7a2dd891931e75b49f2cd09f465fea320fad7555fa750af4b134d55a32528bd9ad51f9457a1570b51d1af17192dd3d18514515b98052310a093c01cd2d733f137553a27c3cf125eab6c7874f98a11d9f610bfa9158d7aaa85295596d14dfdcae6f4293af561463bc9a5f7bb1f07fc4df15c9e35f1e6b5ac3bef49ee1843ed12fca83fef902b97a5eb495fc7d5eb4f115655aa3bca4db7eaf53fb56851861a9428d3568c524bd12b051451589b85156b4bd32e759d46dac2ca16b8bbb991628a24eacc4e00afb4be18fecd5e1bf0769d04dacda43aeeb2ca1a592e577c319feea21e303d48c9f6e95f4b926418bcf2a4a342ca31de4f65e5e6cf96cf788b0790538cb1177296d15bbf3f25fd23c37f64907fe16c74ff009709bf9ad7da9546cb43d3b4d70d69616b6ac060186154207a702af57f4270fe512c9707f5594f9b56ef6b6f6f53f9b788f398e7b8efadc61c8ac95af7dafe4bb8514515f487cb85155b52d4ad347b19af2fae22b4b4854bc934cc15547a926be6cf895fb5d88a496c7c1b6cb201953a9dda1c1f78e3feadf9578999e7382ca29f3e2e766f65bb7e8bf5d8f772ac931d9d54e4c1c2e96ede915eaff4dfc8fa5eeaee0b281a6b89a3821519692560aa3ea4d713abfc74f01e88ec973e26b2665ea2d899ff00f4006be17f12f8d75df185c99f59d56eb517ce409a42517fdd5e8bf8015895f96e2fc43aadb584a092ef277fc15bf367eb783f0d6928a78dc436fb4525f8bbdfee47dc52fed4ff000fa36c2ea57320f55b493fa81566cbf69af87978e10eb6d6e4f4f3ad6503f30a457c2945792b8ff354eee10fb9ff00f247b0fc3aca1ab29d45f38fff00227e8fe81e3ef0e78a368d275cb1be73ff002ce19d4bfe2b9c8fcab7ebf30d1da370c8c5581c82a7041af4ef01fed15e31f04491c6d7cdace9e3836ba8319303fd97fbcbf9e3dabe9701e20d29c9431d4797ce2eebee7afe2cf97cc7c37ad4e2e780adcdfdd92b3fbd69f7a5ea7ddd4579efc2ff008dde1ef8a1088ed25365aaaaee934fb82378f5287a38f71cfa815e855fa9e1717431b4957c3cd4a2faafebf03f23c5e0f1181ace86260e335d1ff5b798514515d671851451400514579d7c50f8e5e1df8611b437529bed58aee4d3edc8dfec5cf441f5e7d01ae4c562e860a93af899a8c5757fd7e0766130788c7d65430b07393e8bfad179bd0f45ac2d7bc77e1df0b86fed5d6ec6c187fcb39a750e7e8b9c9fcabe2ef1dfed17e31f1b3bc6b7c746b03c0b5d3d8c791fed3fde6fcc0f6af31924695d9dd8bb31c9663924d7e598ff001069424e181a3cde72765f72d7f147eb997f86f5aa454f1f5b97ca2aefef7a7dc99f755efed31f0eec9ca7f6e1b861d7c9b59587e7b715523fda9fe1f3b60ea37318f56b493fa0af87a8af9a971fe68ddd420be4ff00f923ea23e1d650959cea3f9c7ff913f40748f8efe02d6dd52dbc4d668cdd05cee83ff46015dbdade417d02cd6d347710b72b244c194fd08afcc7adaf0df8cf5cf07dc89f46d56eb4e933922190856ff797a37d0835eb613c43aa9a58ca09aef16d7e0eff009a3c8c6786b45c5bc1621a7da493fc55adf733f4928af993e19fed7226922b1f195bac59c28d4ed538fac883f9afe55f49d86a16daad9c377673c7756b32878e685832b83dc11d6bf53cb338c166f4f9f093bdb75b35eabf5d8fc8f35c931d92d4f678c85afb35ac5fa3fd37f22c514515ed1e1051451400514556d4b52b4d1ec66bcbeb88ed2d2152f24d3305551ea49a52928a7293b245462e4d462aed966a1bbbcb7b081a6b99e3b7857ef492b8551f526be67f899fb5d18e496c7c1b6eac0654ea7749d7de38cff36ffbe6be77f11f8c35bf175d1b8d6754bad465ce479f212abfeeaf451ec057e6d9a71ce0707274f0b1f6b25d53b47efd6ff256f33f4fca780330c6c555c5cbd8c5f46af2fbb4b7cddfc8fba756f8ede02d15996e3c4d64ecbc116c5a7ffd001ac6ff00869ff875e66dfeda971fdefb1cd8ff00d0735f0bd15f1753c40cc9bf729c12f493ff00db91f754fc38cae31fde559b7eb15ffb6b3f40b41f8e9e06f136a56d61a6ebd1cf7970e238a1304a8598f6f99457967eda1ff22ff86ffebe65ff00d0457847c11ff92b3e16ff00afd4af77fdb43fe45ff0dffd7ccbff00a08af72a67788cf386f195b11149c5a5a5fbc5f56cf029e4587c8389f05470d293524dfbd6bed25d123e50a28a2bf143f770a28a2803ed7fd92ffe49327fd7ecdffb2d7b3d78c7ec97ff0024993febf66ffd96bd9ebfab387bfe45186ff02fc8fe41e25ff91ce2bfc72fcc28a28afa13e6828a28a0028af3af889f1dfc2bf0e59edef2ecdf6a4bff002e36587914ff00b47385fc4e7d8d7827897f6c2f12ea123268da759e9307669419e5fcce17ff001daf95cc789f2bcb24e9d6a979ae91d5fcfa2f9b3ebb2ce14cdb358aa94695a0fed4b45f2eafe499f60515f01dff00c7ff00881a8b1697c4d7499ed02a443ff1d5159e7e31f8e18e4f8ab55fc2e9bfc6be565e216053f768cdfdcbf567d7c3c36cc1af7ebc13ff00b79fe88fd0ca2be15f87bf15bc63a878bec20b9f12ea73c2fe66e8e4b9620e236238cfa8a2bd9c0f16e1f1d4dd485292b3b6b6f2ff0033c3cc38371397d554a7562db57d2fe7fe47dd54515c17c6df8af65f073c037baf5c859aebfd4d95ab1c79f3b03b57e83058fb035fa261b0f57175a187a2af293b25e6cfceaa548d2839cdd9238ffda3ff00692b0f82ba50b1b258b50f155da66ded18e5605e9e6c98ede8bd4e3b004d7e74f8a3c55ab78d35bb9d5f5bbe9b51d46e1b7493ccd93ec00e800ec0703b537c4fe25d47c63afdf6b5ab5cbddea37b2996695fb93d87a0030001c0000accafeade1ce1cc3e4387492e6aafe297e8bb25f8eecfccf30cc2a63a777a456cbfaea1451457d79e505145140051451400575ff0c3e2a7883e1278923d6340bb313f0b3db3e4c3709fdc75ee3dfa8ec4572145635e852c4d3951ad1528cb469eccb84e54e4a707668fd60f83ff0016b47f8c7e0fb7d6f4a6f2e41fbbbbb366cbdb4b8e54fa8ee0f71f881dc57e5ffecd7f1866f841f11ed2ea6999742bf65b6d4a2fe1f2c9e24c7aa139f5c6e1debf4f91d64457460cac32181c822bf9578af20790e37929eb4a7ac7f55eabf268fd2f2cc77d768de5f12dff00cfe63a8a28af8a3d73e3aff8288ffc78781bfeba5e7f286be2cafb4ffe0a23ff001e1e06ff00ae979fca1af8b2bfaab81ffe44187ffb7bff004b91f9a673fefd3f97e4828a28afbb3c50afd21fd8a3fe480e93ff005f573ffa34d7e6f57e90fec51ff240749ffafab9ff00d1a6bf2ef117fe44f1ff00af91fca47d1e43fef6ff00c2ff00347bbd56d4b52b5d1b4fb9bebeb88ed6ceda369669e56daa88064927b002acd7c41fb6efc759352d4dbe1f68d718b2b52afaac91b7fad97aac39f45e09ff006b03f86bf0cc8b27ab9e636384a5a2de4fb47abfd1799f698dc5c70745d597c9776701fb4a7ed39a87c5dd4a6d1f47964b1f08c1261221957bc20f1249eddc2f6e09e7a62fc18fd9a7c41f16633aacf22787fc2b0e5a6d5ef0615947def2d491bb1ce4e428c1e72315d07ecf9f02b4cd5f47b9f885e3f9469de07d372ea9292a6f9d4e303b94cfcbc72c7e51deb13e3a7ed1faafc5497fb234b43a17836db11dae976f84f3157eeb4bb783d06147cabc632464ff004351bd1ff847c822a31a7a4ea357517d97f3d4efd175ec7c24ed2ff6bc73bb96d1effe51fccf49b8f8b3f087e0066cfc03e1f8fc65e218786d775021a3571dd1b1cffdb30a0ff78d79878c3f6b1f89be309240de219347b66e96fa4a8b70bf471f3fe6c6b33e117ecf7e2df8c73f99a5da0b3d211b6cbaade65205f50bdddbd9738ee457ae4fe0dfd9ff00e0b1f27c45aaddfc41d7a2ff00596d607f72ade98460a39ea1a463ed5cb2a79360311ece50962b13d74f6925eb7f761e9a1a2962ebc399354a9ffe02bfcdfe27cdd7fe2ed775690bdeeb3a85e39ead3dd3b93f99a6d978ab5bd2dc3da6af7f68e3a34372e847e46be8a6fdabfc09a2feeb40f837a2c512f496e7ca0edf5c444ffe3c6917f6b4f04eae7cad73e0de873c2dc192131175fa030ff515eb7d7f30e5d32c7cbdb9e9dfeebfea72fb1a17ff0078d7d25f99e75e11fdaa3e26783e44f2bc4b71a9c0bd6df55ff49561e859be61f830af53b6f8e3f0b3e3aaad8fc4bf0c45e1cd665f957c41a670037ab301b87d183afae2a28342fd9e7e329f234bbbbdf873ae4bc46976d8819ffe04cc98f60c84d797fc5ffd9b7c5bf0801bcba85355d0588f2f56b105a2c1e9bc754278ebc73c135e4a864d8fc42a72a72c2e25eda7b393f46bdd9fa6be8755f17421cca4aad3ebf697cd3d57e06a7c64fd9835af87163fdbfa2dd47e29f07cabe647a9d9618c487a19002463fdb04afae320533f677fda4756f82faba59dd349a87856e241f69b12726127ac917a37a8e8ddf9c119ff0003bf687d77e0eea02d893aaf86276c5de913b65083f79a3cfdd6fd0f71d08ed7e3d7c11d1351f0cc7f13fe1a9173e14bbf9ef6c221f358b93c90bfc2a0f057f84f4f94f1d75a52ff00914e7c94e9d4d2152d6527d1497d99f66b47d3532825fef5827cb28ef1ede6bbaefd8fbef40d7b4ff1468d67aae97751dee9f77189619e2395753fe791d41e2b42be07fd8b3e3ac9e12f12c7e09d5ee3fe24baa49fe86f21e2dee4f451e8afd31fdec7a9afbe2bf9f388324ab916365869eb17ac5f75fe6b667dd607191c6d15516fd5799c4fc6ff00f9235e39ff00b025e7fe897afc9dafd62f8dff00f246bc73ff00604bcffd12f5f93b5faef869fee788ff0012fc8f96e21fe2d3f4fd428a28afd8cf930afa4bf608ff0092cf7fff006069bff46c35f36d7d25fb047fc967bfff00b034dffa361af96e29ff0091262bfc2cf4b2dff7ca7ea49fb7e7fc965d2ffec090ff00e8e9ebe69afa5bf6fcff0092cba5ff00d8121ffd1d3d7cd34b857fe44985ff000a0ccffdf2a7a8514515f5479a15d47c3af893affc2df11c1ace817ad6b708409222498a74cf2922ff00129fd3a8c1e6b97a2b2ad469e229ca9558a945e8d3d99519ca12528bb347ea87c0ef8dfa3fc6df0b8d42c7169a95be12fb4e76cbc0e7b8f543ce1bea3a822bd22bf253e16fc4bd5be13f8cacbc41a4c87cc85b6cd6e5884b888fde8dbd8fe8403d457ea6f817c67a77c42f09e99e21d2a4f32cafa212283f790f4646ff00694820fb8afe60e2ee1979162155a1ad19edfdd7fcaff47dbd0fd1b2bcc7ebb0e59fc6b7f3f3ff00337a8a28afcf8f742be6efda83f6a78be17c72f86bc34f1dcf8a654fdecfc3258291c123bc847214f03827b03d87ed35f1c23f831e072f68c8fe21d4b741a7c4d83b0e3e6948f45c8fa92a3a66bf33afafae353bc9eeeee692e6ea77324b34ac599d89c9249ea49afd6b82b8563993fed0c6c6f493f757f335d5ff00757e2fc93bfcbe6f99bc3af6145fbcf77dbfe0926a9aa5e6b7a85c5f6a1752dededc399259e772eeec7a924f24d55a28afe8a49452495923e09bbeac28a28a601451450014514500761f0bbe2aebff0008fc4b16b1a15d18db2167b5724c3729fdc75efec7a8ea2bf4c3e107c5bd1fe31f8420d6f4a7f2e5188eeec9db325b4b8e54fa8ee0f71f881f93f5e9bfb3e7c62bbf835e3fb5d483b3e917456df52b71c87849fbc07f797ef0fc47426bf3ce2de18a79d61de22846d5e2b47fcc97d97fa3e8fc8f772bcc6584a8a137ee3fc3cffccfd4ba2a1b3bc8750b482eada559ede745923950e55d48c820f7041a9abf979a69d99fa4057ccdfb7fff00c91cd1ff00ec3b0ffe88b8afa66be66fdbff00fe48e68fff0061d87ff445c57d570aff00c8ef0bfe2ff33ccccffdcea7a1f00514515fd747e5a145145007debff04fcff925faff00fd85dbff0044c55f51d7cb9ff04fcff925faff00fd85dbff0044c55f51d7f24716ff00c8f315fe2fd11fa8e57fee74fd028a2bca3f683f8ba3e19f8605bd8b83aeea0ac96c3af92bfc5291ed9c0f53f435f078ec6d1cbf0f3c557768c55ffe02f37b23e8f0181ad99626184c3abca4edfe6df925ab39bf8fff00b42af833cef0f787645935b65c5c5d0c15b407b0f57fe5f5e9f215dddcf7f732dc5cccf71712b17925958b3331ea493d4d3679e4b99a49a691a596462eeee72cc4f2493dcd475fcc39d67789ceb10ead6768af863d12ff003eeff43fabf22c8b0b9161951a2af27f14bab7fa2ecba7aea1451457cf1f4a145145007dbffb2c7fc91cb1ff00af89ff00f4335f14ea5ff211baff00aeadfccd7dadfb2c7fc91cb1ff00af89ff00f4335f14ea5ff211baff00aeadfccd7e95c4dff228caff00c0ff00281f9670affc8eb36ff1afce656a28a2bf353f530af41f803ff2587c31ff005f07ff00406af3eaf41f803ff2587c31ff005f07ff00406af5729ff91861ff00c71ffd291e4671ff0022dc4ff827ff00a4b3efda28a2bfae0fe330af19f8f3f1f20f86f6eda469252e7c4532679e52d14f4661dd8f65fc4f1807a5f8d7f14a1f85be1092f136c9aadd130d942dddf1cb91fdd5ea7f01debe0bd4751b9d5afa7bdbc9dee6ea77324b2c872cec4e4926bf32e2ee25965b1fa9611fef64b57fcabfcdfe0b5ec7eabc19c2d1cd25f5fc6afdd45e8bf99afd17e2f4e8c76abaade6b9a84f7da85ccb79793b6f926998b331f726aa51457e01293937293bb67f46462a09462ac905145148a0a28a2800a28a2803a0f0478e757f87dae45aa68f7260993878cf31ccbdd1d7b83fa751835f75fc2bf89fa6fc52f0da6a366443771e12eeccb65a07feaa7a83dfea081f9e95d97c27f88d77f0cbc616baac059ed5888aeedc1e25889e47d4751ee3d335f71c31c455327aea95577a327aaedfde5faf75e763e078af86696778775a8ab578ad1ff37f75fe9d9f95cfd0ca2abe9da85beab616d7b692acf6b711acb148bd19586411f81ab15fd289a924d6ccfe5b69c5b8c959a0afceff008bbff2547c57ff00613b8ffd186bf442bf3bfe2eff00c951f15ffd84ee3ff461afca3c43ff0073a1fe27f91fb0786bfefb88ff000afcce468a28afc28fe820a28a2800a51d452528ea2811fa53e16ff916748ffaf48bff004015a9597e16ff00916748ff00af48bff4015a95fd8f43f851f45f91fc495ff8d3f57f9857987c6cf8d965f0ab4b10c212f35eb9526ded49e1074f324c745cf41d4fe64747f13be20d9fc34f08ddeb37404922feeede0ce0cd29fbabf4ea4fb035f00788fc457fe2cd6eef56d4e76b8bdba72f239fd001d801c01d80af81e2ce24794d3585c33fdf496ffcabbfabe9f7fafe89c1dc2eb39aaf178a5fb983dbf99f6f45d7eeef63c47e25d4fc5babcfa9ead7925edecc72d2487a0ec00e800ec0702b328a2bf9e673954939cdddbddb3fa5214e14a2a14d592d125b20a28a2a0d028a28a0028a28a00d4f0d789b52f086b16faa69376f677909caba1ea3b823b83dc1afb8fe0bfc63b2f8ada1966096bad5b002eecc1ffc7d3d54fe8783d89f822b7fc0de33bff00f89ecb5ad39f135bb7cd193f2ca87ef237b11fe3d457d870e71055c9710949de8c9fbcbf55e6bf1dbb5be2b89f86e8e7b866e2ad5a2bdd97fedafc9fe1bf7bfe8fd1597e17f11d9f8b7c3f61ac583efb4bc884a87b8cf553ee0e41f715a95fd3509c6ac14e0ee9ea9f91fcab529ca94dd39ab34ecd76682bcebf6859bc8f839e256e998517f39107f5af45af35fda3ffe48bf893fdc87ff0047475e5e70ed96e25ff727ff00a4b3d5c955f34c2a7ff3f21ffa523e0ba28a2bf924feca0a28a2803dbbf648f0ec7abfc4b96fe640eba6da3cd1e7b48c420fd0bd7da15f19fecb5e3ad03c0daaebd36bba8c7a7acf0c491348ac7710cc48e01f6afa23fe1a0fe1effd0cd6dff7ee4ffe26bfa038371981c1e5318d4ad18c9b9369c927bdbabec91fce3c6f82cc31b9c4e54a8ce518c6293516d6d77aa5ddb3d128ae4bc31f163c27e32d4ffb3f46d661bebcd864f2911c1da3a9e40f5aeb6bf46a388a3898f3d09a92ee9a6bf03f32af87ad859fb3af07197669a7f730ac9f1478a34ef06e8775ab6ab70b6d676ebb998f563d9547724f0056a3bac48ceec151464b1380057c31f1ff00e2f4bf12fc4cd6d672b2e8160ec96c80f13374329faf6f41f535f3bc439e53c8f0bed37a92d22bcfbbf25d7eeea7d370d641533fc5fb2da9c7593f2ecbcdf4f9be867fc5ef8d3ab7c54d4c8767b2d1626ff47b046e3fde7fef37e83b77cf9d51457f3362f175f1d5a588c44b9a4f76ff00adbc8fea8c1e0e86028470f86828c23b25fd6afbb0a28a2b90ed0a28a2800a28a28027b2beb8d36ee2bab49e4b6b98583c72c4c5591874208e95f637c00f8fe9e3e89342d75d21f1046bfbb97eeade281c903b38ea477ea3b81f1954f657b3e9d7905d5acaf05cc2e248e58ce19181c820fae6be8f23cf3119262155a4ef07f147a35fe7d9fe87cc67d9061b3ec33a5555a6be19754ff54faafd4fd37a2bcefe07fc518fe28f83a3ba94a26ad684437b12f1f3638703d1873f50476af44afe9fc262a96368431341de32575fd7e67f27e33095b01889e1abab4e2ecffaecfa79051457957ed05f16c7c33f0b886c9d4ebba8068ed875f297f8a523db381ee7d8d463719472fc3cf155dda3157ff80bcdec8bc0606b6658986130eaf293b2ff0037e496ace67e3ffed0abe0df3bc3de1d9164d6cae2e2e860ada03d87abff002faf4f90aeeee7bfb996e2e667b8b8958bbcb2b166663d4927a9a6cf3c97334934ced2cb2316777392c4f2493dcd475fcc19d67789ceb10ead6768af863d12ff003eeff43fabf22c8b0b9161951a2af27f14bab7fa2ecba7aea1451457cf9f4a145145001451450015e99f06fe376a9f0b352589cbdf683337efec8b7ddf578f3d1bdba1efd88f33a2bb3098caf80ad1c461a5cb25d7fadd791c38dc161f30a12c36261cd0974feb67d99fa5da06bf61e28d1ed754d32e12eacae503c72a1ea3d0fa11d083d08ad0af8a7f66cf8bcfe05f12268ba84dff00122d4a40a4b9e2de63c2b8f407807f03dabed6afe9cc833aa79de11565a4d6925d9ff93e9f7743f94f88b22a990e31d096b07ac5f75fe6b67f7f50a28a6c922c48ceec151464b31c003d6be94f96333c4fe26d3bc1fa1dd6adaadc2db595baee773d4fa281dc93c015f0efc60f8d5ab7c53d4d94b3d9689137fa3d82b71eceff00de6fd076ee4e87c7ff008c12fc4bf1235ad94acbe1fb172b6c80e04cdd0ca47bf6f41f535e515fcf7c57c4f3cc6a4b078495a8c776bed3ff002ecbaefdadfd25c21c290cb29471b8c8deb4b549fd85ff00c9777d365d6e514515f9b1fa8851451401dc7c11ff0092b3e16ffafd4af77fdb43fe45ff000dff00d7ccbffa08af08f823ff002567c2dff5fa95eeff00b687fc8bfe1bff00af997ff4115fa5653ff24b63bfc4bff6d3f2ccdffe4adcbffc2fff006e3e50a28a2bf353f530a28a2803ed7fd92ffe49327fd7ecdffb2d7b3d78c7ec97ff0024993febf66ffd96bd9ebfab387bfe45186ff02fc8fe41e25ff91ce2bfc72fcc28a28afa13e682be66fda07f68d96c6e2e7c33e14b9d932663bcd4a23ca1ef1c67d4776edd07ad775fb4a7c4f97e1ff8356cec25316afaa96861914e1a28c637b8f7e401ee73dabe21249249e49afc938cf892a611ff0066e0e56935ef35ba4f64bcdad5bec7ecbc0fc314f18bfb4f1b1bc53f722f66d6edf927a25dee2c923cd233bb177624b331c927d4d368a2bf0d3f7d0a28a2819d4fc31ff91df4dffb69ff00a2da8a3e18ff00c8efa6ff00db4ffd16d457e85c3dfeeb2ff13fc91f9af12ffbdc7fc2bf367e8ad7e747eda3f13dfc71f1525d16de52da5f87c1b44507869ce3cd6fa82027fc03debf403c5dafc7e15f0aeb1accd83169f672dd303dc2216c7e95f90ba85f4da9dfdcde5cc865b8b891a59246eaccc7249fc4d7f7778719746b62aae3e6bf86925eb2ddfc92b7ccfe3bcff10e14e3457dad5fa2febf020a28a2bfa08f850a28a7451bcd22c71a977621555464927a01400da2becef829fb0cdadce976fab7c4096713cca1d346b67f2fcb07b4ae39cffb2b8c7a9e83d82fbf639f84f7968604f0d35a3630b3417d3ef5f7f99c83f8835f9c6338fb27c257745734edbb8a4d7dedabfcb4ec7bf4b24c5d5873bb2f27bfe47e68d15eeffb497ecc575f05248755d32e65d4fc33732794b2caa3cdb69392124c7041038600742081c67c22bedf2fcc30d99e1e38ac2cb9a0ff00ab35d19e3d7a1530d51d3aaacd0514515e818057e9b7ec9be3c6f1efc14d1a59e5f36fb4ddda6dc1272731e3613ee632873eb9afcc9afb27fe09e7e2261378bf4276ca9582f625cf43f3239fd53f2afce38fb04b15934ab5b5a4d4be4dd9fe77f91efe4959d3c5a874926bf53ecfa28a2bf984fd18f8ebfe0a23ff001e1e06ff00ae979fca1af8b2bed3ff008288ff00c78781bfeba5e7f286be2cafeaae07ff0091061ffedeff00d2e47e699cff00bf4fe5f920a28a2beecf142bf487f628ff009203a4ff00d7d5cffe8d35f9bd5fa43fb147fc901d27febeae7ff469afcbbc45ff00913c7febe47f291f4790ff00bdbff0bfcd1e8bf183c7f17c30f86fae788dc2b4b6901f2236e8f331db1afd37119f6cd7e737c14f86d7ff001dbe2a4563752caf049235f6a9784fcc23dd9739fef312147bb67b1afa43fe0a0de2e6b6d07c31e1a8a423ed53c97d3a83fc3180a99f625dbfef9ae33c0f2ffc28afd93755f1447fb8f11f8c26fb259c9d1e38be65047a6144ae0fab257ce70d529e57917d630ffc7c54f920fb6ad27ff6eda52fb8f4330947138df673f829abbfcff1d11c6fed4bf18e0f17eb90f83fc37b2d7c19e1ec5b5bc36fc473c883697e3aa8e557db27f8a9bfb3bfc05b3f19db5e78d3c673ff0066781349cbcb248c53ed6cbd501ebb474247249dabce71e65f0c3c0777f137c79a3f86ecc9592fa70b24a067ca8c7cceff0082827f0af67fdad7e24dadadcd8fc2df0bff00a27867c388914f1c4789a703a31efb33cfab9627a035f735a94b091a3906592e59495e73eb18fda97f8e6f45e777d0f1a12555cf1d885749d92e8df45e89189f1b7f69ed47c7111f0df85233e19f04dbaf910d9da8113dc46381e66de8bfec0e3d735e16aad2300a0b313800724d6f780fc0dabfc47f1459681a25bfda2fae9b033c246a3ef3b9eca0724ff33815f47eabe27f007ec9cbfd91e1ed3adbc67f11235c5dead7833059c9dd540e847f75483fde6cf15dceae17238c32fcba8f3d596bcab7f394e4f65e6eedbd12663cb5318dd7af3b4575fd12fd0f13f0ff00ecfbf11bc4f6eb3e9fe0fd4de171959278bc8561ea0c9b723dc549ae7ecebf12bc3d034d79e0ed4fca51966b7884f81ea7cb2d81577c4bfb4ffc4df13dcbcb378b2f6c509f961d35beccaa3d06cc13f8926a1f0f7ed2ff00137c3772b341e30d46e803cc77f27da9587a11267f4e6b4bf105b9ad47fc3eff00fe95ff00da936c0ed79fae9f97fc13cd2489e091924468dd4e19586083e8457b3fc12fda675af862cba3eae0f88bc1d38f2ae34bbac48628cf07caddc0e3f80fca79e99cd7a168df117c07fb5104d0bc77a65b785bc6b3011d97886c176c7349d155f27bf036b120f382a48af9fbe267c36d67e14f8b6eb40d6e1097117cd1cc9cc73c67eec887b838fc0820f20d66abe1f3952cb733a1c9512bf2bd6ebf9a125bdbbab34f748a70a984b6230f3bc7bafc9afe933d63f682f817a4e9da1db7c45f87d28bef04ea3879228c926c5d8e31ea133f2e0f2adc1ea2b13f666f8d7ff0abfc56da66aec2e3c21ad116fa8db4c37471eef944b83e80e18775cf5c0ad9fd933e2ac3a078926f0378836dd784fc4d9b492de7e5239dc6d56f60dc21faa9ed5e71f1afe1acdf09be246ade1e72cf6d13f9b6933759206e50fd71c1f7535c54293adedb87f337cfeede127bca17deff00cf076d7ae8cda72e4e5c76195b5b35d13ff26bfc8e83f68df848ff0006be23bc5a7961a25f7fa6e973ab1f9509e5377aa1e33d71b4f7afbebf67ff00893ff0b53e1568badcac1afc27d9af40ed3a7cac7db770d8f4615f2bacbff0bdbf64398cdfbff11f8164cab9e5dad957bfb7959fa98456cffc13dfc5ec97de29f0bc9212af1c7a8c099e0153e5c87f1dd17e55f15c4342a665914de275c46125cb27dd68afe928b8cbd533d7c04e387c6af67f055575e5e5f27747d3df1bff00e48d78e7fec0979ffa25ebf276bf58be37ff00c91af1cffd812f3ff44bd7e4ed767869fee788ff0012fc8cb887f8b4fd3f50a28a2bf633e4c2be92fd823fe4b3dfff00d81a6ffd1b0d7cdb5f497ec11ff259efff00ec0d37fe8d86be5b8a7fe4498aff000b3d2cb7fdf29fa927edf9ff0025974bff00b0243ffa3a7af9a6bebcfdb03e1af897e267c79d2ec3c37a4cfa9ceba2406464188e20679f97738551f5358369fb0078e27b112cdad6876f72467c8324ac07b1609fcb35e16479de5b96e4f84a78baf18cb95697d7ee5a9db8cc1e23118bab2a506d5cf9868aeffe28fc0bf187c21993fe120d30a59c8db62bfb66f32de43e9b8743c1e1803c74ae02befb0f89a38ba6ab61e6a517b34ee8f12a539d29384d59f98514515d06615f5afec17f14df4ef106a1e06bd989b6bf53776218f0b328fde28ff79067fe01ef5f255741f0f7c5537823c71a16bd03157d3ef239cedfe250c372fe2b91f8d7839ee5b1cdb2ead8492d5ad3ca4b55f8fe076e0b10f0b888d55d37f4ea7ebc52330452cc7000c9269904c9730472c6c1e391432b0e8411906bcdbf692f1837823e0a78a3518a4f2ae64b6fb240c3a879488f23dc0627f0afe43c261a78bc4d3c343e29c947ef763f53ab5152a72a8f64ae7e7ffed11f1464f8b1f14755d552567d3206fb2582e7810212030ff78e5bfe055e69475a2bfb430985a782c3c30d455a30492f91f91d5a92ad37527bbd428a28aea330a28af5cf861fb2e78f3e2a5947a8585845a6e952731df6a4e624907aa000b30f7031ef5c58bc6e1b014fdb62aa2847bb7635a546a57972538b6fc8f23a2be9bd57f604f1cd9d9b4b67ab68da84ca33e409248d9bd94b263f322be7df16f8375af026b73691afe9d3e99a845c98675c6476653d194e0e08241ae3c067397e66dc7075a336ba27afdcf536ad84af8757ab06918d451457b272051451401fa21fb117c447f187c283a35cc85ef74097ecd92724c0d9688fe1f328f6415f4457e7d7ec1be276d27e2e5e692d2620d574f75099fbd2c643a9fc1449f9d7e82d7f29719e02380ceaaa82b46769af9eff008dcfd3328aeebe122deeb4fbbfe0057ccdfb7fff00c91cd1ff00ec3b0ffe88b8afa66be66fdbff00fe48e68fff0061d87ff445c57170affc8ef0bfe2ff00336ccffdcea7a1f00514515fd747e5a145145007debff04fcff925faff00fd85dbff0044c55f51d7cb9ff04fcff925faff00fd85dbff0044c55f51d7f24716ff00c8f315fe2fd11fa8e57fee74fd08ee6e23b4b796799c47144a5ddd8e02803249afcf3f8abe3a9fe2278e351d62466fb3bbf976b1b7fcb3854e1063b7a9f726bec0fda4bc4ede19f84daa989fcb9efcad8c67fdff00be3fef80f5f08d7f32788198c9d4a597c1e89733f57a2fbb5fbcfe8cf0e32c8aa557319ad5be58fa2b37f7bb2f90514515f8f9fb5851452d002515eb1e0afd9a3c67e32b38ef4dbc3a459c837249a8314671ea10027f302b57c45fb2578cb46b46b8b296c7580a3261b690ac9f806001fcf35efc387f35a947dbc70f271f4fd37fc0f9c9f11e514eb7d5e7898a96dbfebb7e27b97ecb1ff2472c7febe27ffd0cd7c53a97fc846ebfebab7f335f6e7eccb6371a6fc27b7b5bb824b6b98aeae12486552ae8439c820f22be23d4bfe42375ff005d5bf99aface274e394e589ff23fca07c770a352ce7356b6e75f9ccad451457e687ea815e83f007fe4b0f863febe0ffe80d5e7d5e83f007fe4b0f863febe0ffe80d5eae53ff230c3ff008e3ffa523c8ce3fe45b89ff04fff004967dfb474a2b90f8b7e256f08fc37f106a91bf973456ac90bfa48ff00221ffbe9857f58e22b470d4675a7b4536fd12b9fc7786a13c556850a7bc9a4bd5bb1f1c7c7df880fe3ff008897d2c5217d3ac58da5a2e78daa7e671fef364e7d31e95e6f4a4e4d257f2263315531b889e26abf7a4db7fd791fd9d82c253c061a9e168ab460925f2ff3dd8514515c876851457a1f803e04f8b7e22c0b75616696ba7b1c2dedeb18e36ff77825bea0115d586c257c6d454b0d0739764ae71e2b1987c0d375b1551423ddbb1e79457bddf7ec75e2bb7b6325bea7a5dd4a067cadee84fb02571f9e2bc73c53e12d5fc17aabe9dad58cb6176bced9070c3fbca470c3dc576e3728c7e5d153c551714faf4fbd6870e073acbb32938612b466d744f5fb9ea63d14515e41ed051451401f63fec8fe356d77c1175a1dc3ee9f489408f27930c992a3f060c3e98af77af89ff650d78e93f15a2b32fb63d4ad6580a9e85947983ff4023f1afb62bfa5f83b1af1b9453e67770bc7eedbf068fe58e36c047039cd4e4568d44a6be7bfe29857e77fc5dff92a3e2bff00b09dc7fe8c35fa215f9dff00177fe4a8f8affec2771ffa30d7cef887fee743fc4ff23e97c35ff7dc47f857e6723451457e147f41051451400528ea29294751408fd29f0b7fc8b3a47fd7a45ffa00ad4acbf0b7fc8b3a47fd7a45ff00a00a4f156b69e1bf0d6abaac98db656b25c60f7daa4e3f1c57f61c271a7875396c95ff0003f8a2a4255710e9c16ae565f367c7bfb527c406f15f8f9f48b7949d3b46cc0141e1a6ff00968df81c2ffc04fad78c54d79772dfddcf733b996799da491dbab313927f3a86bf93731c6cf31c5d4c554de4efe8ba2f92d0fec4cb3014f2cc1d2c253da0adeafabf9bd428a28af38f5028a2bb6f007c1cf147c49cc9a45862cd4ed6bdb96f2e107d01eac7d941ae8c3e1ab62ea2a58783949f44aece5c4e2a860e9bad889a845756ec8e268af7d9ff00637f1525b178f56d265980cf97ba400fb03b2bc8fc69e00d77e1fea22cb5cb092ce46c98e4fbd1ca3d558707b7d3bd7a38cc9b30cbe1ed31546518f7e9f7a3cdc167996e633f6784af194bb5f5fb9ee73d4514578c7b8145145007d4ff00b1cf8d5a7b3d5bc2d3be7c8ff4db604f45242c83e80ed3ff000235f4bd7c0ffb3d6bc7c3ff0017740937ed8ee65368e3fbc240540ffbe8a9fc2bef8afe8de08c6bc5e54a9cdeb4db8fcb75f9dbe47f31f1ee02383cddd582d2aa52f9ecff002bfcc2bcd7f68fff00922fe24ff721ff00d1d1d7a5579afed1ff00f245fc49fee43ffa3a3afa8ce7fe45989ffaf73ffd259f25927fc8d70bff005f21ff00a523e0ba28a2bf928fec90a28a2800a28a2803da7f649ff92b1ff6e137f35afb56be2afd927fe4ac7fdb84dfcd6bed5afe88e03ff9147fdbf2fd0fe68f10bfe473ff006e47f53c5bf6a6f1fb784fc0634ab590a5feb2cd002a7056118f30fe390bf4635f1557b0fed4fe256d77e2add5a2beeb7d3218ed900e9b88dec7eb96c7fc06bc7abf29e2dcc258fcd6a2bfbb4fdd5f2dfef773f5fe0dcb639765149dbdea9efbf9edf72b7e21451457c69f7015abe19f0bea9e31d620d2f48b47bcbd9beec69d877249e001ea6b2abee0fd9afe1ac1e0af02dbea73c43fb5f568d6e259197e64888ca463d06304fb9f615f4fc3d92cb3cc67b16ed08eb27e5d979bff0083d0f93e25cf639060bdbdaf393b4579f77e4bfe0753cf7c3dfb1896b547d6fc4252e08cb43630e557fe06c79ffbe4554f177ec7179676525c787b5a17f320c8b4bb8c46cfec1c1c67ea00f7af79b8f8c7e09b59e4866f13e9b1cb1b1474338ca90704547ff0babc0bff00435699ff007fc57ec12e1ee18f67ecaf14fbf3ebf9fe96f23f158712715fb555ad26bb7b3d3d3e1bfe37f33f3fafac6e34cbc9ed2ee17b7b981cc724522e19181c1045415ecffb4fddf86b5bf16d96b5e1ed4ad2fdaf2129762d5c361d300337b95207fc02bc62bf09cc7091c0e2ea61a3352517a35d56e9e9e5f89fd059663259860e9e267070725aa7a34f66b5f3dbc828a28af38f50f4dfd9e7c78de07f893606472b61a8b0b2b904f00311b5bf06c1cfa67d6bef1afcc25628c1949041c822bf46fe1e7880f8abc0da16aacdba4bab38de43feded01fff001e06bf6df0fb1f29d3ad819bf87de5f3d1fe36fbcfc17c48cba30ab473082f8af197aad57e17fb91bf2c8b0c6f23b0444059989c00077afcf6f8b9e3b97e2278ef52d58b31b5dfe4da21fe085785e3b67963eec6bec7fda0bc4ade18f84daecf13ecb8b88c5a4641c1cc876b63fe0258fe15f03572f883984b9e96022f4b733fc97ebf7a3b3c37cb63c95b319ad6fc91fc1bfbf4fb98514515f8e1fb7051457a57c00f8751fc46f1fdbdbdda6fd2ec97ed57431c3a8202a7fc0891f866bb30785a98ec4430d457bd2765fd791c58dc652c061aa62ab3f760aeff00af3d91a9f0bbf66cd7fe2259c7a95ccaba2691260c73ce85a4987aa26471ee48f6cd7a8cdfb17e946d8ac5e24bb49f1f7dedd5973feee41fd6bdd35ef16685e0ab6b63ab6a36ba4c127eee1133040703a01ec31589ff000babc0bff435699ff7fc57ef34386387f034fd8e29c653eae52b3fbaeade5f99fcf388e2be24cc2a3af84528d3e8a30bafbda777dfa7923e37f8a9f05b5df853731b5f6cbcd3666db0dfc00ec27aed607956c76efd89c1af3fafb97e22f8fbe1f78e3c15ab68d3789b4b76b881bca2661f24a065187d180af86cf5afca789b2bc2e598a8fd4aa29539abab34ecfaad3f0bfe87ebdc2d9b63334c24bebf4dc2a41d9dd35cc9ececff001b7ea2514515f207da8bd2bef1fd9ebc78de3bf86d652dc397bfb03f62b924e4b15036b1faa95e7d735f06d7d0bfb1bf889ad3c5bac68cee445796a2755278df1b638fc1cfe55f79c178f960f358d26fdda9eebf5dd7e3a7ccfcf38eb2e8e37289d64bdea5ef2f4d9fe1afc8fae6bc4bf6a9f884de14f04268f69298eff592d112a7958063cc3f8e42fd0b7a57b6d7c33fb4e789dbc45f16350843eeb7d3512ce21d810373fe3b9987e02bf5ae30cc6597e553f66ed2a8f957cf7fc13fbcfc6f82b2c8e659bc1d4578d35cefe5b7e2d3f91e4f451457f349fd4e145145001456d7853c1bacf8df545d3f44b096fee48c90830a83d598f0a3dcd7b0da7ec73e2c9ad4493ea9a55bcc46445be46c7b1213f966bd8c164f98661173c2d1724baf4fbde87898eceb2ecb64a18baf1849f46f5fb96a79e7c11ff92b3e16ff00afd4af77fdb43fe45ff0dffd7ccbff00a08af3ef07fc1cf14fc37f8b3e169357b0cd91bf455bdb66f32127d33d57fe04057a0feda1ff0022ff0086ff00ebe65ffd0457dde0b0d5b09c358fa588838c94968d59fd93f3ec7e2a86338a72ead879a9c5c65aa775f68f9428a28afcb0fd7028a28a00fb5ff64bff00924c9ff5fb37fecb5ecf5e31fb25ff00c9264ffafd9bff0065af67afeace1eff0091461bfc0bf23f907897fe4738aff1cbf30a28a2be84f9a3e25fdab75e6d5be2c4f67bb3169b6d15ba8078c91e613f5f9f1f8578dd765f192fff00b4be2a78a66ceec6a12c60fb23141ffa0d71b5fc959cd7789cc71155f59cbeebe9f81fd919261d6172cc3515d211fbed77f88514515e39ed851451401d4fc31ff91df4dffb69ff00a2da8a3e18ff00c8efa6ff00db4ffd16d457e85c3dfeeb2ff13fc91f9af12ffbdc7fc2bf367d81fb52ea0fa67c02f18cc870cd6ab0e7d9e4443fa31afcbcafd39fdadeddae7f67af172282488e07e3d16e2227f957e6357fa2fe1b25fd9759f5f68fff004989fc51c40dfd662bfbbfab0a28a2bf593e602bdeff0062af055af8bfe34c1717b1acb068f6afa82a30c83286544fc8bee1eeb5e095eedfb18f8e6d7c17f1a6d62bd9161b6d62d9f4ef31ce02c8ccac9f9b205ff8157cf7112acf28c4ac3fc5c8f6df6d7f0b9df80e4fad53e7dae8fd22a28a2bf8ecfd58e0fe3bf8661f177c1ef1769b3207dda7cb3460f69235f310ff00df4ab5f9475faffe3400f83f5c0791f619ff00f45b57e401ea6bf7ef0d2ac9e1b1349bd14a2fef4eff00923e1f8862954a72eb67fd7e21451457ece7c9057d1dfb076a06cfe355cc1bb0b75a54d1e3d4878dff00f6535f38d7bbfec4f214f8fba52ff7ed6e41ff00bf64ff004af9be25829e4d8a4ff924fee573d0cbddb1749f9a3f4868a28afe3e3f553e3aff008288ff00c78781bfeba5e7f286be2cafb4ff00e0a23ff1e1e06ffae979fca1af8b2bfaab81ff00e44187ff00b7bff4b91f9a673fefd3f97e4828a28afbb3c50afd21fd8a3fe480e93ff5f573ff00a34d7e6f57e90fec51ff00240749ff00afab9ffd1a6bf2ef117fe44f1ffaf91fca47d1e43fef6ffc2ff347ce9fb775ecba9fc6bd3ac1016106970c4883bb34921fcce40fc2ac7edb170be1dff8403c0d6cc05b68da42b955e849c4609f7c427fefa3eb52fed51641ff006adf0fac9cc771fd9f9cf4c79bb4ff00235ce7edc333cbf1d6e158fcb1585ba2fd304ff326a3258c672ca692da34a73f9b518feafef2b16dc562a5de497cb57fa2377f637b587c2ba37c43f887731abff6269862b6ddd19cab3b01eff220ff0081d7cd3a85f4faa5fdcde5d4ad35cdc48d2cb23757663924fb926be98f86a7ec3fb0f7c47ba8bfd74baaac4c47f749b55c7e4c7f3af982be9f275edb1f8fc4cb7e7505e4a114ff00393679d8bf72850a6bb37f36dff91f50fc3bb91f007f66bbff001c42a13c59e2b94d869b291f3410824171e9f75db3d09f2f35e1ff000c3e1c6b1f18bc716da1e9ad9b8b8265b8bb9b2cb0c60fcf239efd7f1240ef5ec3fb5531b1f86bf05f4c8be5b58f421360746768e1c9faf1fa9a93f66c9dfc35f03fe2ff00892c0edd622b48eda2997efc2acad9653db96cff00c007a578b87c554c3e595f34a7675abcec9be9effb382f48ad6ddefdceba94e33c4430d2f8211bfe1ccfe6cbbad78bbe0bfc07b97d0f47f08c5f1175cb53e5de6a7aa3a983cc1d4282aca7073f7540ff0068d47a57c48f82ff0018ee1746f12f81e0f00de5c1f2edf57d21d5228dcf42fb5540e7bb2b0f523ad7cd1a7d9c9a9ea16d6b1f32dc4ab12fd58e07f3abbe2dd1ff00e11df156b3a50c8fb0de4d6dcf5f91caff004af5bfd5fc35d4655aa3aed5f9f9e57f5b5f96d7e96b5b439bebd537508f276b2b7dfbfcee74df193e126a9f067c652e8d7ee2e206513d9df4630b71113c30f4231823b11dc609f68d4af4fed0dfb305cea57a7ed1e31f02b0f32e0f324f6847258ffba0924f53093fc46a97c61b87f14fec91f0b75fd4497d52daee5d39257fbcd08f35473df8823a8bf62c637ba8fc41d265e6caf3c3d29994f43821467f091abc8c4e26ad7caa38fadfc7c35469b5d7967c92f94e3baefe87553a718625d08fc1523b76babafb99f3847234322ba31475219594e083eb5f50fed4c57e20fc20f865f11c28377716ff00d9f7b201f7a4da4e3e81e39bfefaaf971b8635f4fdf1fb77ec1b61e6f3f63d64f959ed995fff008b6af6f3b5ecb1581c547e255397e538b4ff00149fc8e3c1fbd4eb537b72dfe69a29fec33abc6fe3fd7fc3375f3d86b9a54892447a3b2118ff00c71e4fceaa7ec86b3f853f6981a3b9f9ca5ed84befb0331fd6315cf7ec773bc3fb4478582f4905d230f51f6694ff00415de7c25b10bfb756a623fb916adaac840ed94987f36af9fce631a788cce9f49e1d4dfac79e2bf2477611b9430f2ed52df27667d7ff001bff00e48d78e7fec0979ffa25ebf276bf5b7e2c5ab5f7c2df185b20dcf368f79181ea4c2e2bf248f06bc7f0d1afaa6257f797e475710afded37e4c28a28afd94f930afa47f609603e345f02704e8f301ff7f61af9babdd3f62dd723d1be3d693148c116fede7b4dcc71c942e07e2500fc6be6f8969ba99362a31fe497e0ae7a197c9471749bee8fd23c0c938193de968a2bf8f8fd54ccf12f86b4df17e857ba3eaf691dee9f77198a586419041ee3d08ea08e41008afca8f8b7e0197e18fc45d73c35239956ca7c4323757898068d8fb9565cfbe6bf5aabf387f6dbbab7b8f8f5a8a4241786cede39b07a3ecddffa0b2d7ebde1c632b431f57089fb928b95bb34d2bfe36fbbb1f2d9fd283a11abd53b7c99e0b451457f439f061474a28a00fd66f835a9b6b3f09bc1d7ae7324ba4da973eade5283fa835e2dfb7e6a8d6bf09b49b3438fb56ac9bbdd56290e3f3dbf957ac7ecf51b45f043c12ac724e970b73e85723f9d78affc141e363e02f0c3e7e51a9329fa989bfc0d7f2c6474e1feb4c21d15497e1cd63f4ac6c9ff0066c9ff00757e87c29451457f539f9a851451401ef3fb217c17b5f8ade3c9ef357844fa168aa93cf0b7dd9e5627cb8cfaafcac4faedc77afd1c8a2482348e3458e3401555460003a002be4fff00827acd03783fc591291f695be899c77da63f97f50d5f59d7f2e71d636b62739a946a3f769d9457c936fe6dfdd63f48c9a8c29e12338ef2d5fde15e39fb51fc1fb4f8a9f0dafe58edd4ebda544f75633aa8de768cb459f460318f5da7b57b1d35c06460464118c1af8bc0e32ae5f89a78aa0ed28bbffc0f47b33d7ad4a35e9ca9cf667e349e0d15a9e2bb14d2fc51ac59c602c76f79344a074015c81fcab2ebfb5212538a9aea7e42d72b698514515623d4ff0065cd45b4cf8f9e0e997ab5d343f83c6e9ffb357ea2d7e537ecfee53e3678208ffa0b5b8fcdc0afd59afe78f12a29661427de1f949ff99f77c3cff7135e7fa20af99bf6ff00ff009239a3ff00d8761ffd11715f4cd7ccdfb7ff00fc91cd1ffec3b0ff00e88b8af8ce15ff0091de17fc5fe67af99ffb9d4f43e00a28a2bfae8fcb428a28a00fbd7fe09f9ff24bf5ff00fb0bb7fe898abea3af973fe09f9ff24bf5ff00fb0bb7fe898abea3afe48e2dff0091e62bfc5fa23f51caff00dce9fa1f37feda3a8347a1786ac73f2cd7334c47ba2a8ffda86be51afa7ff6d646c7841ff847dac7e3fb9af982bf8e78ce4e59dd64fa72ff00e928febbe078a8e4341aebcdff00a5c90514515f147de057befeca7f0bad7c55acdd788f538567b3d31d52de1719579f19c91df68c1c7ab03dabc0abecefd90a7864f85d711c6479b1ea32f983be4a2107f2c7e55f6bc1f84a38ccde11acaea29cadddadbfcfe47c271ae32b60b26a92a0ece4d46fd93dfefdbe67b8514515fd307f2b8d6002b606335f997a8306bfb923906463fad7e92f88f554d0bc3fa96a3210a9696d24e49e9f2a93fd2bf34d8e589f535f8bf88b357c2c3afbefff00493f73f0ce9bb62ea3dbdc5ffa57fc0128a28afc68fdc02bd07e00ff00c961f0cffd7c1ffd01abcfabd2bf672b76b9f8cde1c5033b5e573ec042e7fa57ad942e6cc70c97f3c7ff004a478d9d351cb312dffcfb9ffe92cfbd2bc53f6b8bf6b3f852b10e9757f0c27e803bff00ec82bdaebc1bf6c7427e1b696c0f0baac791ff006ca5afe92e25938e4f896bf95fe3a1fcbbc2f153ceb0aa5fccbf0d4f8ea8a28afe573faec28a28a00f53fd9e3e18c3f123c6d8bf4dfa469c82e2e53fe7a1ce123fa13927d94d7dcf0411db431c30c6b1451a85444185503a003b0af9abf62c922fb1f8aa318f3f7dbb1f52b8931fae7f3afa66bfa3b827074686530af05ef546db7e8da4be56fbee7f3171e636b623389e1e6fdca6924bd526dfabbfdc90579ffc6cf86b6df127c15776de4a9d52d91a6b1980f9848067667d1b183f81ec2bd0290f22bed71586a58ca13c3d6578c959ff005f91f0984c555c0e22189a0ed28bbafebf33f30c82a483c11495bbe3cb34d3fc71e21b58c0548350b88d40e8009180fe55855fc81569ba55254df46d7dc7f6951a8ab538d45d527f7851451599b1da7c18bd361f15bc2b28eada84517fdf6db3ff0066afd0aafce5f868c53e2378598751aa5a91ff007f56bf46abf75f0f24de12bc7b497e2bfe01fcfde25452c661e5de2ff07ff042bf3c3e2f0c7c52f15ffd84ee3ff4335fa1f5f9f3f1bed8dafc5af14a1ea6f5dffefaf9bfad578849fd4a83fef7e8c8f0da4bebd5e3fdcfd51c3d14515f841fd0815a3e1c4865f106989708b240d7510911ba32ee1907f0acea72398dd59490ca7208ed570972c949f4339c79e0e2ba9fa063e08780f03fe296d3bfefd52ffc290f01ff00d0ada77fdfaadff0778822f15785749d5e120a5e5b24d81d891c8fa8391f856cd7f5a53c065f5611a90a3069abaf7575f91fc715731cca94e54e75e69a6d3f7a5baf991c10476d0470c481228d42228e8001802bce3f68fbf6d3fe0d788594e1a458a11f469501fd09af4baf25fda910b7c1bd548e8b3404ff00dfd51fd6b2cedb86578971e9097fe92cdb228aa99b6154bad487fe948f86e8a28afe4d3fb1428a28a00ee7e0c7c3dff8597e3cb3d2a52cb6280dc5db29c1112e3207b9242fe35f7e69ba6dae8f61059595bc76b690208e28625daaaa3a002be50fd8ce48878c75d8db1e7b5882bebb448377ea56beb8afe84e04c1d1a596fd662bdf9b777e4b44bf5f99fcdbe20e36b56cd3eab27ee412b2e976aedfe9f20ae5fe24780ac3e237852f348bd45dcea5ade7232d0ca07cae3f1ebea091deba8a2bf43ad469e2294a8d5578c959af23f35a15ea61aac6b5195a51774fcd1f993a8584da5dfdcd9dca18ee2de468a443fc2ca7047e62abd779f1dacd2c7e2ef8a23450aad7664c0f57018feac6b83afe43c650fab626a50fe5935f73b1fda182aff5ac352c47f3c53fbd5c28a28ae43b0d5f09de9d3bc53a3ddaf582f21947fc05c1fe95fa503902bf322cd8a5dc0c3a87523f3afd375fba3e95fb5787526e18a8f9c7ff006eff0023f09f1322954c24fba9fe1cbfe62d79afed1fff00245fc49fee43ff00a3a3af4aaf35fda3ff00e48bf893fdc87ff47475fa5e73ff0022cc4ffd7b9ffe92cfcb324ff91ae17febe43ff4a47c17451457f251fd9214514500145145007b4fec93ff002563fedc26fe6b5f6ad7c55fb24ffc958ffb709bf9ad7da87a1afe88e04ff9147fdbf2fd0fe68f10bfe473ff006e47f53f39fe255fb6a7f10fc4b74dff002d351b823d8798d81f962b9aad7f17a18fc59ad2372cb7b303f5de6b22bf00c549cf115252ddb7f99fd19848a861e9c63b28afc828a28ae63acbda1580d575bd3ec89205c5c470e47fb4c07f5afd16f145ff00fc239e0ed5af60023fb0d8cb320c70364648fe55f9e3e13ba5b1f14e8f72ec1521bc86424f601c1afd0cf1c698fad78275eb089774975613c283d59a3603f535fb1f01a6b0b8c953f8f4fca56fc4fc47c4269e2f031a9f05ddfef8dff03f37e47691d9d8966624924f24d369482091462bf1c3f6d128a5c518a062514b8a3140095f747ecc17ad77f06f47563930493c40fb79ac47f3af86315f707ecaf018be0f69ec7fe5a5c4ec3fefb23fa57e93c02dacd6697f23fce27e5be22a4f28837ff3f17e5239bfdb2afda2f0468b660e04d7fe61f7db1b0ffd9abe42afabff006d042741f0d3ff0008b9941fc547f857ca15c1c6d272ceaa27d147f247a3c09151c8a935d5cbff004a6828a28af853f410afac3f630d2d23f0ef88b51c7ef26ba8edf3ec89bbff006a57c9f5f5dfec6976afe0ad72d811be3d43cc23b80d1a81ff00a09afbae095179d53e6e8a56f5b3fd0fcfb8ee525915551eae37f4e65fad8e23f6cad5e49fc67a2699bb30db5899c0f4691d81fd235af9eebdf7f6c6d2dedfc7da55f6dc4373a788c1f56491b3fa32d781e2bcee297379ce279f7bfe1656fc0f4f8494164786e4db97f1bbbfe37128a5c518af963eb84a29714628012bd43f669bd6b3f8cda0e0fcb2f9d130f50627fea0579862bd23f67480dc7c66f0da8cf124aff942e7fa57b19336b33c338efcf0ff00d291e267893cab14a5b7b39ffe92cfbd09c035f9b7e33bf6d57c5faddeb7deb8be9a53ff0002727fad7e9237dd3f4afccdd590c7aa5e2372cb3383ff007d1afd53c459354f0d1e9797fedbfe67e45e19c53ab8a9754a3ffb77f91528a28afc4cfde02a6b3b496feee0b6810c934ceb1a20eacc4e00fcea1ae9fe18cd0db7c47f0b4b704085353b66624f0079abc9fa56f429aab5a14dbb26d2fbd9cf88a8e8d19d48abb8a6fee47dcdf0b3e1c587c33f0a5b6996b1a35d3287bbb903e69a5c7273e83a01d87e35d8d1457f5f61f0f4f0b4a3428c6d18ab247f16e271157175a55eb4af293bb62100f519af9c7f6d023fb07c343b9b994ffe3a2be8faf967f6d1d591efbc31a62b0f3238e6b871df0c5557ff00416af95e309a86495efd7957fe4c8faee0a84aa67d87b74e67ff0092b3e67a28a2bf990feac0a28a2803ed7fd92ffe49327fd7ecdffb2d7b3d790fecad6e61f83f60e4604d713b8f71bcaffecb5ebd5fd5bc3e9c729c327fc91fc8fe3fe236a59c629afe797e61487a1a5acaf156b917867c35aa6ab31023b3b69273b8f5daa481f89e3f1af76a4e34e0e7276495d9e05384aacd5382bb6ecbe67e7778c2e7edbe2dd6ee01c896f667cfd5c9ac7a748e64919d8e5989249ef4dafe39a93f69394df5773fb6a943d9c2305d124145145666a15f457c08fd9b6cfc61a1c3e22f133cdf629c936b63136c322838deedd7048380307be79af9e6de16b89e38906e7760aa3d4935fa57a0e951685a25869b00021b4b78e04c0ecaa00fe55fa3f0564f87ccf1352b62a3cd1a6968f66dded7ef6b3d0fcbf8ef3bc465585a547092e59d46f55ba4ad7b76bb6b5399d1fe0bf8274196396cbc3b6714b1e42c8c0bb0c8c1e5893d0d15dad15fbcd3c1616947969d28a5e492fd0fe7aa98ec5d697354ab293f3937fa9c7fc60f0f378abe1678af4a8d774d73a6ceb10c672e1094ff00c780afc9723048afd97232083d2bf2b3f681f87cff000cfe2cebfa388fcbb369cdd59e0706090ee403e992bf5535fbef86b8e8a96230327abb497e4ff43e038868b6a1597a3fd3f53cee8a28afdd4f8b0a55628c19495607208ea2928a00fabfe117edd77fe1bd32df4bf1a69d36b7140a11352b5602e768e81d5b01cffb59078e7279af4ed4bf6fcf025bda96b2d235cbbb82b958de18a35cfa16f30e3f006be02a2be0f15c119262ab3ace938b7ba8b697ddd3e563daa79c6329c3914afeab53f533c21f105fe29fc099bc512592e9ed7f63787eccb2798102b48806ec0cf0a0f41d6bf2ccf535fa3bfb3b7fc9a3e9bff60fbfff00d1b3d7e711ea6bc4e08a34f0d8bcca852568c6a592ec93924766713954a5879cb771bfe41451457eae7cc857ba7ec55ff25ff46ffaf7b9ff00d14d5e175ee9fb157fc97fd1bfebdee7ff0045357cff0010ff00c89f17ff005ee5f933bb01fef74bfc4bf33f4928a28afe3a3f573e3aff008288ff00c78781bfeba5e7f286be2cafb4ff00e0a23ff1e1e06ffae979fca1af8b2bfaab81ff00e44187ff00b7bff4b91f9a673fefd3f97e4828a28afbb3c50afd21fd8a3fe480e93ff5f573ff00a34d7e6f57e90fec51ff00240749ff00afab9ffd1a6bf2ef117fe44f1ffaf91fca47d1e43fef6ffc2ff34791fedd3a73e83f127c09e2b087cb11f92587ac3289003ff7f0fe46b8afdbbb4df23e2d69ba8c786b7d434986459074255dd4fe9b4fe35f4b7ed8de006f1bfc18bfb8b78cc97da2c83518828e4a282241f4d8ccdff0115f3ffc6b8bfe169fecbde00f1b41fbebcd087f665f91d54604659bfe051c67fedad781c318e8ca965d59bf81d4a32ffb7d7343efb5bd4eecc68b52c44175519af968ff00cc8bf67b4ff84b7f665f8b5e178be7b9b751a8a443ab1d81863f1b7c7e22be5eaf6cfd917e22c3e02f8b96b6f7eea9a56b719d36e37fdd56620c6c7fe0400f60c6b94f8f1f0ce7f851f13356d11a365b1321b8b1908e1eddc92983df1ca9f7535fa0e01fd4f38c56127a2ab6a91f3d1467f34d27e8cf0ebaf6b84a5557d9bc5fe68f58f89b6e7e27feca1e04f13da0f3aebc28cda55f22f2638f0a8a4fe0909ffb695c97ecbbf13348f07788758f0e789d82785bc516bf60bc91ce1626c304763d970eea4f6dc0f6aadfb38fc63b3f875ac5fe89e238bed9e0bd7e3fb36a30302c23c82a2503af009040e4839e4814ef8dff00b3a6a5f0e243ae686c75ff00045d8f3ad354b53e688e36e4094af4f67fba78e8781e746851a2eb6478d7cb0a8dca94b6ddf372a7fcd096a9755666ee739f26368eae29292f456bfa346bcbfb3f6a7f0cbe3f78274ab99a1d4346d4b56825b1be85d4fda2059519b2a0e410a467b73c13567c63f02b57f899fb4ef8cb41d28c36b0a5f35edddd4ee02c1149872fb7396fbfc01dc8ce073591fb260bcf127c7bf07c377733dd5b69a93bc492c85961458a460aa0fdd1bd81c0f535affb67ade786fe3d6ad7167733d9ff006ae9d034a6190a79b1ed11956c7553e50c83c7158bad8d8e711c03ac9d5f60fdee5d2fcfa3e5befcabbdafe5a17c945e11d7e47cbcfb5fa5bbfa94ff006a0f881a1deffc23de00f094c2e3c37e1684c3f6946cadc4e400cc08e1b183f30e0966c71835d07ecff6e7e1c7c05f893e3ebc1e4b5fdb7f6469a5b82eed95247a8deebd3fe79b7a579f7c13fd9ef5bf8b57a2fa70da3f84edc97bcd66e46c8c22f2c2327866c03cf45ea7d0ebfed1ff001774af13ff0065782bc1ca2dfc11e1e1e5dbecce2ea5030653ea39382793b998fdee34a987a55234f20c1be749a95596f64a5cceeff9a72e9d15fa1319ca2e58eaaad7568af95b4f248f10eb5f50fc4b53e0efd8b7c01a34bf25e6af7c6f4a9e3319f36407f278bf3af0bf851f0faf3e2878ff0048f0eda2b7fa54c3cf9547faa8473239fa283f5381debd47f6caf1cda6bff112d3c33a4951a3f85ed85846919f944bc79807d02a27d50d7a799bfae66984c147ec37565e4a29c63f7c9fe07361d7b2c355acfafbabe7abfc111fec4ba43ea3f1eb4fb95195d3ecee6e58fa029e57f39057a47eca5667c5dfb4cf8ffc50a37dac2f77223fa3cd71f27fe3a1eb0bf6608bfe15afc1cf88df12ee479527d98e9da7b371ba4f6f6323c43fe026bda7f61ff00b7857e1449ad5cc652f35f9cdc0dc307c84cac7f99dec3d9c57c2f13e3a30598d74f754e847cdeb39fdc9fde7b797516feaf0ff0014dfe4bf23e82d42ce3d42c2e6d65198a78da361ec460ff3afc7bd6b4c9745d66ff4f9c627b49de09063186562a7f515fb195f9a3fb5f781dfc17f1bb589163d967abe3528081c12ff00eb3f1f303fe62bc6f0db18a9e2ebe124fe38a6bd62ff00c9fe0757105272a50aaba3b7dfff000c78ad14515fd047c30568f8735ebbf0b6bfa76b16127957b61709730b1e407460c33ea38e959d454ca319c5c64ae98d3717747eb07c22f8b7a27c60f09db6afa55c209f68177645c79b6d277561d719ce0f422bb8afc78d0bc47aaf85efd6fb47d4aeb4bbc5e04f673344f8f4ca91c7b577b27ed35f1424b536e7c65a804231952a1ffefa033fad7e138ff0daacabb9606b2507d257baf2babdff0003ed28f1045412ad07cde5d4fd09f8c5f1abc3ff0006bc372dfea97092dfba1fb1e9a8e3cdb87ec00ecb9eac781ee700fe5f78bbc517de35f136a5aeea7279b7d7f3b4f291d0127a0f4006001e80554d5b58bfd7afa5bdd4af6e350bc94e5ee2ea569246fab3124d54afd0f86b862870f539352e7ab2de5b69d92edf99e0e6198cf1f24ad68ad97f98514515f6a79014a885dd5541249c003bd257a57ece5e047f885f18bc3ba6942f690ce2f2e8e381145f3907d9880bff000215cb8bc4c30787a988a9f0c136fe4ae694a9bab5234e3bb763f4c3c05a21f0df81fc3da4b2ec6b1d3eded8afa148d54ff2af14fdbaf446d53e090bb54cff00676a505c330ecac1a3fe722d7d103815ca7c56f070f1ff00c38f10f87f8f32facde3889e825033193f460a6bf9072ac7fd5735a38da8f69a6fd1bd7f0b9faa62687b4c34e8c7b597e87e49d14f9e092d67921951a3963628c8c305483820d32bfb213bea8fc9c28a28a00f64fd973e35c7f06bc7cd2ea25bfb035345b7beda3262c1ca4b81c9da49c8f466c64e2bf4a74ad56cf5cd3edeff004fba8af6cae104914f03874753d0823ad7e395755e0df8a7e2ef87db8787bc437da5c4c773430ca7ca63ea50e549f7c57e67c4fc1b1cf2aac5e1e6a156d677da56db6d535b5f5d0fa1cbb367838fb2a8af1fc51fadd5145730dc79a22952531b14708c0ed6c6707d0f238f7afcb7d6ff00693f89be20b46b6bcf18ea02161b585b158091e84c614d7d8dfb0d4af3fc1296491da491b54b866663924e13926bf29ce78371191e05e3311562df32568dfadf5bbb76ec7d3e1336a78cadeca9c5ad2f767c1bf103fe47cf11ff00d846e3ff0046356056ff00c40ff91f3c47ff00611b8ffd18d5815fd3586fe043d17e47e7753e397a8514515d06677df00bfe4b5f823fec2d6fff00a3057ead57e52fc02ff92d7e08ff00b0b5bffe8c15fab55fcf7e257fbf61ff00c0ff00367dd70f7f067ebfa057ccdfb7ff00fc91cd1ffec3b0ff00e88b8afa66be66fdbfff00e48e68ff00f61d87ff00445c57c4f0affc8ef0bfe2ff0033d8ccff00dcea7a1f00514515fd747e5a145145007debff0004fcff00925fafff00d85dbff44c55f51d7cb9ff0004fcff00925fafff00d85dbff44c55f51d7f24716ffc8f315fe2fd11fa8e57fee74fd0f9fbf6c8d21ae7c13a3ea0abbbecb7be5b11fc2ae879fcd07e75f2157e867c5ff091f1b7c38d734a8d775c3c065800ea6443bd47e2571f8d7e7a1054904608afe4ee3dc24a8e671c45b4a915f7ad1fe163fa97c3cc646be552c35f5a727f74b55f8dfee128a28afcd4fd482bd63f67cf8be9f0bfc472c3a8163a1ea1b56e0a8c98587dd900ef8c9040ec7be00af27a2bbb038dad97e2218ac3bb4a2ffa4fc9eccf3f1f81a19961a784c42bc24acff46bcd3d51fa69a66a969acd8c379637315dda4ca1e39a160cac3d41156abf37bc37e39f10784198e8dac5e69c18e5920948463ea57a1fc456cea9f1afc73ac5bb4173e26bf3130c32c5279591e84a815fb252f10f0ce95ead0973f9356fbdebf81f8855f0d714aada8e223c9dda77fb95d7e27bf7ed4bf17ececb429bc21a55ca4fa85d102f5a2208823073b09eccc40e3b0ce7a8af92e9598bb1662598f249ef495f956759bd6ceb16f13555ba25d976ff0033f5ec8f26a19160d6168bbf56fbbeff00e4828a28af08fa10af6ffd9174737ff13e5bc23e4b1b1924ddfed315403f266fcabc42bebdfd8f7c26da6783f52d7654dafa9ce23889ef1c79191f56661ff01afb0e12c23c5e7146cb487bcfe5b7e363e278cb18b0792576deb3f757cf7fc2e7d035e45fb53e94da97c21bf955771b3b886e38ec376c27f2735ebb58fe30f0fc7e2bf0b6ada3c842adedb490063fc24a901bf0383f857f456678678cc0d6c3ade51697adb4fc4fe67cab14b038fa1897b42516fd13d7f03f3668a9ef6ce6d3ef27b5b8431cf048d1c887aab03823f315057f2334d3b33fb35352574145145219e89f033e277fc2aff1ac77b7019f4bba5fb3de2a8c9084e4381dca9e7e991debeefd2b56b3d734f82fb4fb98af2d2750f1cd0b06561f5afcccadef0cf8efc43e0d763a2eb177a7063968e1908463ea57a1fc457e83c37c593c960f0d5e1cf4dbbab6e9f5b774fb687e6fc4fc1f0cf6a2c5509f2554acefb4974bf66bbeba1fa4151c73c73348b1c8aed1b6d70a7254e01c1f43820fe35f016a5f1dbc7baadb9827f135e2c6460f91b6127f1400d7d19fb1f4d25c7c39d5a495da491f579599dce493e4c3c935fa7e55c5d87ce31b1c261e9349a6eeedd3c95ff33f27cdf8331192e0258cc4d58b69a4946fd7cddbf23e5bf89bff00251fc55ff615baff00d1ad5cd574bf137fe4a3f8abfec2b75ffa35ab9aafe7bc6ffbcd5ff13fcd9fd2581ff75a5fe18fe4828a28ae33b8e8fe1b7fc944f0bffd852d7ff46ad7e8dd7e727c36ff009289e17ffb0a5aff00e8d5afd1bafdcbc3cff76c47f897e47e03e257fbd61bfc2ff30af87bf6a7d20e99f17efe6dbb56fa086e17dfe4d87f5435f70d7cd3fb65f855a6b1d0bc451267c976b39d80ecdf327e190ff98af7b8db0af13944a51de0d4bf47f83b9f3bc078b585cea1093d2a271fd57e2ac7caf451457f379fd40145145007b2fc10fda16e3e18c0749d4ade4d4342672e8b111e6dbb1ea573c107aed38e79cf5cfd1fa4fed19f0ff56843aebf1dab9eb1dd44f1b0fcc63f235f05d15f6f95f17e6395d15878da705b2927a79269afc6e7c0e6dc179666d59e265784deee2d6afbb4d3d7d2c7e9ae9da8db6ad616f7b67325c5ace8248a58ce55d48c822b8af8f1a4b6b3f08bc4d6eabbd92d7cf007fd336127fecb577e0f7fc92cf0affd83a0ff00d0057557f6716a36371693aef8678da275f5523047e46bfa0a51fed1cbdc65a7b487fe951ff827f38464b2ccc54a3afb29ff00e932ff00807e64515abe2bd027f0af89753d22e01f3acae1e1248c6ec1c06fa1183f8d6557f24d484a94dc26acd3b3f91fd934ea46ac15483ba6aebd1851451506875df0b3c7b37c36f1ad86b51a34b0a131dc42a706489b861f5e847b815f7e786bc4da678bb478353d26ee3bcb398655d0f43dc11d411dc1e457e6ad6c7877c5fadf84ae5a7d1b54bad3646c6efb3ca543ff00bc3a1fc6beef86f8a2791a950a91e7a4ddedd53eebd7b7f4ff003de28e13a79fb8d7a53e4ab156bbd9aecfd3a3fc3b7e93546b3c6f33c4b22b4a80164046541ce091db383f957c0b77f1f3e205edb9864f135daa118cc41236ff00be9541fd6bdb7f637bdb8d421f175c5d4f25ccf24b6e5e595cb331c49c927935fa8e5bc6387cd71d4f0787a525cd7bb7656b26f657beddd1f93669c1389ca301571d89ab17cb6b28dddeed2dddadbf6678bfed09ff00258fc4bff5d93ff45a579d57a2fed09ff258fc4bff005d93ff0045a579d57e139bff00c8c713fe39ff00e94cfe82c97fe45985ff00af70ff00d250514515e49ec92daffc7cc3fef8fe75fa70bf747d2bf31ed7fe3e61ff007c7f3afd385fba3e95fb47875b62bfedcffdb8fc33c4ddf07ff6ff00fed82d79afed1fff00245fc49fee43ff00a3a3af4aaf35fda3ff00e48bf893fdc87ff47475fa6e73ff0022cc4ffd7b9ffe92cfca724ff91ae17febe43ff4a47c17451457f251fd9214514500745e0ff87faff8fa5b98b41d39b507b6556942c889b41ce3ef11e86ba7ff008674f889ff0042dcbff8110fff00175e95fb16ff00c863c51ff5c20ffd09ebeabafd7387f843059b65d4f175a735295f66ada36baa67e33c47c698fc9f32a982a14e0e31b6ad3bea93e925dcf96ff672f845e2ef057c44fed1d6b477b1b2fb2491f9ad2c6c3712b8185627b1afa928a2bf57ca329a39361beab424dc6edeb6bebe891f8fe739c57cf315f5bc44529592d2f6d3d5bee7e7a7c66d25b45f8a9e28b665d99be92651e8b21debfa30ae32be81fdb07c24da778c34fd7e343e46a307952103a4b1f1cfd54aff00df26be7eafe69cf7092c16675e835b49b5e8f55f833fa9b87f191c7e5587af17bc527eab47f8a0a28a2bc23e805070735fa19f093c67178f7e1fe93aa2c81ee0c221b900f2b328c383e993cfd08afcf2af48f82ff19afbe13eaf26636bdd1ae88fb4d986c1cf674f461f911c1ec47dbf09e770c9b18fdbff000e6acfcadb3f96bf79f05c6390d4cef02beaebf7b4ddd2ee9eebe7a5bcd1f6d9f03f871892740d3093d49b38ff00c293fe106f0dff00d0bfa5ff00e01c7fe15cee83f1dbc0be21b449e2f11d95a12398afa416eea7d087c7e9915ce78fbf69df097852ca45d2ee93c41a911fbb86d4e6207b1693a63e993fcebf73ab9864f468fb79d4a7cbff006ebfb92d5fa1fcff004b2dceeb56fabc29d4e6f3e656f56f44bcd9e8bff083786ffe85fd2fff0000e3ff000a3fe106f0dffd0bfa5ffe01c7fe15e0ff00027f691baf1078867d17c57711892fa62f65721422a31ff9627dbfba4f39e093915f4a556578ccbf38c3fd630d156d9a695d3f3fcc9cdf059964b88fab62a6ef6ba69bb35e4ff030ff00e106f0dffd0bfa5ffe01c7fe147fc20de1bffa17f4bffc038ffc2b728af63ead43fe7dafb91e2fd6b11ff3f1fdecc3ff00841bc37ff42fe97ff8071ff856a58d85b6996c96f676f15adba676c50a044193938038eb5628ab851a74dde1149f92339d6ab515a726d79b6786fed7da4b5f7c33b5bb45c9b2bf8dd8fa232b29fd4ad7c675fa2ff133c2dff09af80b5bd180cc9736ec22cffcf45f993ff1e0b5f9d5246d148c8ea55d490548c106bf06e3ec23a5984311d271fc63a3fc2c7f4378758c8d6cb6a61afad397e12d57e298da28a2bf313f570af75fd923c691681e38bbd1ae6411c1abc41632c78f3932547e20b8fae2bc2aa5b4ba9ac6ea1b9b795a19e171247221c32b039041ec41af4f2cc74f2cc653c5c15dc1fdeb66be6ae7939b65f0cd70357073765356bf67ba7f27667e95ea7a169bad797fda1a7dadf7979d9f698564db9eb8c838ce07e5547fe106f0dffd0bfa5ffe01c7fe15e3bf0aff006a7d1b59d3a0b1f15cc34bd563010dd952609ffda240f90fae78f43d87a4ea1f1a7c0ba6d99b997c53a63c60676c13895ffef84cb7e95fd2d87cd728c7d2facc6a42cf7e6b26bd6fb1fcb389ca339cbeb7d5654e775b72f334fd2da3367fe106f0dffd0bfa5ffe01c7fe147fc20de1bffa17f4bffc038ffc2be68f1ffed6da85d7882cff00e11687ecda55a4c1e46b951bef0742a47f0ae33d39e878e95f48f807c75a6fc44f0d5b6b3a64998a41b64898fcf0c83ef237b8fd460f7ac32fcdb29cd311530d86b3947c96abbaee97f5a1d39964f9c65386a78ac55d467e6ee9f452ecdf4ff326ff00841bc37ff42fe97ff8071ff851ff00083786ff00e85fd2ff00f00e3ff0adca2be8bead43fe7dafb91f33f5ac47fcfc7f7b30ff00e106f0dffd0bfa5ffe01c7fe153d9785344d32e52e6cf48b0b5b84ced961b64475c8c1c1033d0d6ad14d61e8c5dd415fd112f135e4ace6edeac2bf3a7e27e92da1fc44f125932ec115fcdb07fb05c953ff007c915fa2d5f1c7ed75e116d23c796dadc687ecfaac0373638f3630148ffbe767eb5f9d71f611d6cba1888afe1cb5f47a7e763f4df0ef191a199cf0f27fc48e9eb1d7f2b9e11451457f3f9fd1c14e4768dd5949565390475069b45023ee3f815f1c2c3e2268b6fa7dfdc25bf892dd024b0c871f68007fac4f5cf7039073db15eb75f98914af048b246ed1c8a432b29c107d41aedec3e38f8f34db61043e27be318181e6b89081f5604d7ec395f1f7b1a11a58fa6e525a7346dafaa76d7cefaf63f14cdfc3b75ebcab65d554632d79657b2f46afa795b4ee7de7e20f10e9de16d26e352d56ee3b2b3814b3c921c7e03d49ec0726be02f8afe3e97e24f8deff00596568edd888ada26ea912f0a0fb9e49f726b1fc43e30d6fc59309759d56ef5265fba2e252cabfee8e83f0ac7af9ae24e299e78a342943929a77d776fcfd3b1f53c2fc250c81cabd59f3d592b5d2d12ecbd7b8514515f067e8614515b5e0bf0dcde2ff0015e95a3400efbcb848891fc2a4fccdf80c9fc2b4a74e55a71a70576dd97ab32ab521469caacdd94536fd11f757c0ed1ce87f09bc316c46d66b459c83d8c84c9ffb3d76b71750da2079e648509c6e91828cfe345b5bc7696f14112848a35088a3a000600af0efdb14e3e1969bff006168bff44cd5fd5789adfd8995ba918f37b28ad36bd9247f2161687f6ee6ca9ca5cbeda6ddf7b5db7e47aa6aff00113c2fa142d2dff8834eb6503387b94dc7e8a0e4fe02be62fda07f686b6f1cd81f0ef877ccfec92e1ae6ee452a6e3072aaaa790a08079e490380073e039cd257e259b71a63733a12c3420a9c25a3b6adaed7ecfae87ef193702e072ac44715526ea4e3aabd924fbdb5d574d428a28afcf4fd2828a28a00e9be19e9bfdaff0010fc37678dcb2ea10061fecef05bf4cd7e8c57c47fb2af878eb3f15edaeca6e874db792e589e9b88d8bf8e5f3f857db95fbe787f8774f2fa95dfdb97e097f9b67f3af88f8955331a5875f623afac9ff9241451457ea27e4c15f3a7ed97f0524f88be0b8fc43a541e6ebba22339441969edbaba0f52bf780ff780e4d7d1748466bd4cb330ad9562e9e3287c517f7aea9faad0e6c450862694a94f667e3474a2beb2fdac7f6599b41bbbcf1a7842d0cba54a4cba869d02f36add5a4403fe599ea47f0f5fbbf77e4dafeb8ca736c3673858e2b0cf47baea9f67fd6bba3f2ec5616a612a3a7517fc10a28a2bd939028a28a00fd1dfd9dbfe4d1f4dff00b07dff00fe8d9ebf388f535fa3bfb3b7fc9a3e9bff0060fbff00fd1b3d7e711ea6bf2fe0ff00f91866bff5f5ff00e9533e8f35fe061bfc3fa20a28a2bf503e702bdd3f62aff92ffa37fd7bdcff00e8a6af0baf74fd8abfe4bfe8dff5ef73ff00a29abe7f887fe44f8bff00af72fc99dd80ff007ba5fe25f99fa49451457f1d1fab9f1d7fc1447fe3c3c0dff5d2f3f9435f1657da7ff0511ff8f0f037fd74bcfe50d7c595fd55c0ff00f220c3ff00dbdffa5c8fcd339ff7e9fcbf241451457dd9e2857e90fec51ff240749ffafab9ff00d1a6bf37abf487f628ff009203a4ff00d7d5cffe8d35f97788bff2278ffd7c8fe523e8f21ff7b7fe17f9a3dd27863b98648a545922914ab230c8607a822be49f05f856dbe17fc4af167c1df1064f83fc6313dc68f339e15d811b013d1c00067aee8d0ff10afae6bcf7e35fc25b6f8b5e15168b37d835cb1905d697a92f0f6d3af20e473b4e0038f63d40afc3f25cc23859cf0f5e56a752c9b5f6649de335fe17bf7573ecb1741d44aa415e51fc53dd7cd7e27e66fc42f03ea5f0d3c67a9787f53429776329512018122754917d98608fad7d31a15ce9ff00b60fc288742beb98ad7e26f876126d6e2638fb6c4001927b86c00dfdd6c3742456d78dfc16ff00b4af856e34dd46da3d1be3278523f26e6d642105f463a329e851f3b95ba2b363eeb027e42b4bcd73e1e78a56681eeb45d774d9c8ce0a4b0c8a704107f220f047078afe80a553fd60c346d354f194354d6aaf6dd77a7517cade87c3ca3f51a8f4e6a53feade5289575fd0351f0b6b177a56ad672d86a16ae639ade65c3291fd3b823823915b5a5fc50f14e8de0fd47c2d69acdc47a05f8027b127727de0c76e795ce39db8cf7cd7b578b3e3af813e367c39bdff0084eb4692c7c7ba7da9163a969cbb45dbff000a9383819392ac0803715209c57cd95f4b82ab5330a4e38fc3f2ce0d5d3b38b6b55283eabb3dd3d373cfad18d095e854ba6bd1dbb33e96fd81f4afb67c5fd4af1972969a4c841f46692351fa6ead7ff8283e95e4f8efc31a963fe3e34e7b7cfaf97216ff00dab5b5ff0004f0d2b75c78d75261f756d6dd0fd4c8cdfc96b63fe0a19a579de1af07ea5b7fe3deee7b7ddff5d115bff69d7e6557196e3a8c6fa25cbf7c2ff9b3e8634bfe115bf3bfe363e4897e27f8a25f045bf840eb370be1d81da45b146daa4b1dc4311cb0ce4804e0139c560699a5de6b5a85bd8d85b4b797b70e238a0850b3bb1e8001d4d56afa2fe1b7c69f87ff00053e1ddaea1e1cd124d57e245e44e97173a80cc7667247cadc7ca460855e4e70cdc0afd3f1b56597d2be0b0fcf39bd9592e67ab949f45ddefd3a9f3b462abcbf7d52c92ebae9d97f91d9db5b58fec6bf0ba7b8b8786e7e29788a0d91c4a43fd862ff00053c93d19c00321735f2e7867c3baafc42f16d9e93608f7baaea771b14b924b331cb3b1f41cb13e809a5f10f8875cf88de289751d4a7b8d5f59bf940ce0b3bb13854551dba00a07b0afac3e1af8157f664f09c1aa5e58aeaff00163c48bf65d23464f9dadc37ae3a01c176e9c0504724fcd549bc8284ead592a98caefd136969e94e0b76fa5dbd59e8463f5e9a8c572d287f5f3932dfc41f07c7e24d63c11f007c3129feccd2112fb5fbc8c7dd03925bfda3bd9b1d37489e95f5c69ba75be91a75ad8d9c4b05a5b44b0c3120c044500281ec0015e77f037e111f865a1dd5d6a970353f16eb129bbd5b523c9924249d8a7fbab93f5249e3381e9b5f80677984713286168cb9a14efef7f3ce4ef39fcdede491f7183a0e9a7526ace56d3b25b2f975f30af9eff6cff848ff00107e1c0d6b4f83cdd63412d701507cd25b91fbd51eb8c061fee903ad7d0948ca1d4a900823041af2f2dc7d5caf194f1947e283bfaaeabe6b43a71142389a52a53d99f8d1457d11fb58fece937c31d7a5f11e876a5bc297f264ac6322ca56ea87d109fba7fe03d867e77afebfcb731c3e6b85862f0cef197de9f54fcd1f956230f3c35474aa2d50514515e99ce14514500145145001451450015fa03fb127c1e93c15e0b9bc57a943e5ea9aea2981187cd15a8e57fefb3f37d025782feca5fb37cff1435a87c47aedb94f09d94b90920c7dba45fe01fec03f78ff00c0477c7e87c71ac48a88a1114602a8c003d2bf0fe3ee228383ca30b2bbfb6d74b6d1f5eafe4bb9f6392601dfeb5517a7f9ff0090ea28a2bf0a3ed0fceefdb3fe1149e04f88b27886ce0dba2ebeed382a3e58ae7aca87fde3f38f5dcde95f3c57eb77c4ef873a57c54f06dff87b578f305c2e63980cbc128fbb22fb83f98c83c135f977f133e1aeb5f0a7c5975a0eb707973c4774532ffab9e327e5910f707f43907906bfa67827886199e0d60ab4bf7d4d5bfc515b3f55b3fbfa9f9de7180787aaeb417bb2fc1ff5b1cad14515fa61f3c1451450015fa1ff00b0affc90e6ff00b09dc7fe8295f9e15fa1ff00b0affc90e6ff00b09dc7fe8295f99f885ff226ff00b7e3fa9f43917fbdfc9fe87c1ff103fe47cf11ff00d846e3ff0046356056ff00c40ff91f3c47ff00611b8ffd18d5815fa261bf810f45f91e154f8e5ea14514574199df7c02ff0092d7e08ffb0b5bff00e8c15fab55f94bf00bfe4b5f823fec2d6fff00a3057ead57f3df895fefd87ff03fcd9f75c3dfc19fafe815f337edff00ff00247347ff00b0ec3ffa22e2be99af99bf6fff00f9239a3ffd8761ff00d11715f13c2bff0023bc2ff8bfccf6333ff73a9e87c01451457f5d1f96851451401f7aff00c13f3fe497ebff00f6176ffd13157d475f2e7fc13f3fe497ebff00f6176ffd13157d475fc91c5bff0023cc57f8bf447ea395ff00b9d3f40af87ff694f868fe06f1c4ba85b458d2356669e12a388e4eb227b72723d8e3b1afb82b9bf881e05d3be22f85eef46d457e4946e8a6032d0c83eebafb8fd4123bd7e4fc49932ceb04e947f891d62fcfb7a3dbee7d0fd0b8633c79163d5696b4e5a497977f55bfdeba9f9cb45743e3bf036a9f0f3c4571a46ab0ec9a3f9a3957ee4c9d9d4f707f4e41e4573d5fcc356954a15254aac6d25a34fa33fabe8d6a788a71ab4a5cd192ba6b66828a28ac8d828a28a0028a28a0028a29d1c6d2c8a88a5dd880aaa3249f41408d5f097862f7c65e23b0d1b4f4df7577288d7d147763ec0649f615fa29e19f0fdaf857c3fa7e9164bb6d6ce15853d4e0724fb93927dcd7937ece1f054f8034a3adeaf085d7ef530236eb6b11e76ffbc7827d381eb9f6cafe89e0dc8e595e15e2710ad52a74ed1e8bd5eefe5d8fe68e37cfe39b6296170cef4a9f5e929757e8b65f37d428a28afd10fcd0f8e3f6adf86cfe1cf168f125a458d37563fbd2a388ee00f981ff00780ddf5dd5e115fa49e31f0969fe38f0e5e68da9c5e65adca6323ef237f0ba9ec41e6be04f88df0f354f86be249b4ad493207cd05c28f9278fb32ff51d8d7f3df196432c0629e3a8afdd54777fdd93dfe4f75f71fd25c0fc430cc308b015e5fbda6acbfbd15b7cd6cfe4fb9cb514515f9b1fa885145140057d8dfb1c7fc934d4ff00ec2d27fe8986be39afb1bf638ff9269a9ffd85a4ff00d130d7e81c0dff002388ff008647e71c7fff0022497f8a3f99f2f7c4dff928fe2aff00b0add7fe8d6ae6aba5f89bff00251fc55ff615baff00d1ad5cd57c5e37fde6aff89fe6cfb9c0ff00bad2ff000c7f24145145719dc747f0dbfe4a2785ff00ec296bff00a356bf46ebf393e1b7fc944f0bff00d852d7ff0046ad7e8dd7ee5e1e7fbb623fc4bf23f01f12bfdeb0dfe17f98573bf107c1f078f3c1daa68771851751111b9fe090728df83015d1515fab56a50af4e54aa2bc649a6bc99f9051ad3c3d58d6a4ed28b4d3f35aa3f33757d26eb42d52ef4ebd85a0bbb595a29636eaac0e0d53afaf3f698f822fe28b76f146856de66ad0262eede31f35c46070c077751c63b8fa007e44208241e08afe57cf327ad92e2e542a6b17ac5f75fe6ba9fd7390675473cc1c7114dda4b492ecff00c9f47dbe62514515f3e7d2051451401fa1bf07bfe4967857fec1d07fe802bb1ae3be0f7fc92cf0affd83a0ff00d0057635fd7b97ff00b9d1ff000c7f247f16e65fefb5ff00c72fcd9f2bfed77f0d9e1bdb7f18d94598650b6d7db47dd71c239fa8f973ecbeb5f34d7e986b7a359f88b49bad3750816e6caea331cb137420ff0023efdabe0af8bdf0a750f859e237b49834da64e4bd9de638913d0fa30e323f1e86bf15e36c86586c43cca82fddcfe2f2977f47f9faa3f76e04e21862b0eb2cc44bf790f87fbd1edeb1fcadd99c2514515f961fae05145140057d4ffb167fc7878aff00eba5b7f292be58afa9ff0062cff8f0f15ffd74b6fe5257daf067fc8f287fdbdffa4b3e0f8e3fe4435ffeddff00d2e278efed09ff00258fc4bff5d93ff45a579d57a2fed09ff258fc4bff005d93ff0045a579d57819bffc8c713fe39ffe94cfa3c97fe45985ff00af70ff00d250514515e49ec92daffc7cc3fef8fe75fa70bf747d2bf31ed7fe3e61ff007c7f3afd385fba3e95fb47875b62bfedcffdb8fc33c4ddf07ff6ff00fed82d79afed1fff00245fc49fee43ff00a3a3af4aaf35fda3ff00e48bf893fdc87ff47475fa6e73ff0022cc4ffd7b9ffe92cfca724ff91ae17febe43ff4a47c17451457f251fd92145145007d27fb16ff00c863c51ff5c20ffd09ebeabaf953f62dff0090c78a3feb841ffa13d7d575fd2dc17ff224a3eb2ffd299fcb3c73ff0023eade91ff00d250514515f6e7c11c47c63f87e9f127c097da528517aa3cfb476fe1997a73d811953ecd5f9fb756b358dccb6f711b433c4e63923718656070411ea0d7e9cd7cd3fb4e7c0e7d40cde30d06df74eabbb51b58c72e07fcb551ea07de1f8fad7e57c6d90cb1b4d66186579c15a4bbc7bfaafcbd0fd7380f886181aaf2dc54ad09bbc5f6976f47f9fa9f2bd14515f831fd0e14514500145145002ab156041208e4115f64fece1f1c078db4f4f0f6b538fedeb54fdd4ce79bb8c77f7703afa8e7d6be35ab5a66a775a36a16f7d653bdb5ddbb89229633865607208afa2c8b3aad9262957a7ac5e925dd7f9ae8ff004b9f33c4191d0cfb08e854d26b58cbb3ff0027d57ea91fa694579bfc12f8bd6bf153c3a1a42906b768a16f2d87193da451fdd3fa1e3d09f48afe9fc262e8e3a847118795e32575fd77ee7f27e33075f2fc44f0d888da71766bfae8fa0514515d871057c51fb4f7c357f0778d9f58b58b1a56b0c6652a388e6eb229fa9f987d4fa57daf5cff008efc13a7fc41f0cdde8ba9266199729201f344e3eebafb8fd791d0d7cbf1164eb3ac0ca8ad26b58bf3ede8f6fc7a1f59c339dbc8b1f1af2d69cb492f2efeab7fc3a9f9c345747e3df026a9f0efc4771a46ab16d913e68e651f24c9d9d4fa1fd0e41e95ce57f2fd6a3530f5254aac6d28bb34fa33fac68d6a788a71ad465cd192ba6baa0a28a2b2360a28a2800af40f835f162f3e15f8956e577cfa4dc9097b6a0fde5eccbfed2f6fc477af3fa2bab0b8aad82ad1c45095a51774ff00afc4e3c5e128e3a84f0d888f3424acd7f5f81fa63a2eb365e21d2ad752d3ee12eacae504914a878607fcf4ed576be2afd9dbe36bfc3fd55745d5a627c3d78ff7d8ff00c7ac87f8c7fb27f887e3eb9fb4e391658d5d183a30cab29c823d6bfa7b21cee8e778555a1a4d6925d9ff0093e9ff0000fe51e21c86b6438b7467ac1eb19775fe6bafdfb31d451457d29f2c15c17c6bf876bf12bc0779a746146a10ff00a459bb769541f973e8c095fc73dabbda2b971586a78ca13c3d6578c934fe675e131557055e189a2ed2834d7c8fcc5b8b792d27920991a29a3628e8e305581c1047ad475f52fed35f0324bc79fc61a05bee942eed46d221cb63fe5b28f5fef0fc7d6be5aafe57ce329af93e2a586acb4e8fa35dff00cfb33fae725ce28677848e2683d7ed2eb17d57f93ea828a28af10f7c28a28a0028a28a0028a28a002be9afd90fe1c3bdc5df8c2f61c4680db586e1d49e2471f41f2e7ddbd2bc7fe11fc2bd43e29f8923b3815a1d36121ef6f31c449e83d58f200fc7a035f7b689a359f87749b4d334f856deced6311451af651fccfbf7afd4f82722962710b32aebdc87c3e72efe8bf3f467e47c79c410c2e19e57425fbc9fc5e51edeb2fcafdd17abc23f6c6ff9265a6ffd85a2ff00d13357bbd7847ed8dff24cb4dffb0b45ff00a266afd5389bfe44f89ff09f9170affc8ef0bfe23e38a28a2bf960feb90a28a2800a28aee7e0ff00c34baf89fe30b7d3d15d34e88896f6e14711c60f4cff0079ba0fcfa035d386c355c5d68e1e8abca4ec91cb8ac552c1509e22bcad18abb67d23fb25f81dfc3fe07b8d6ee63d973ac481a30472214c85fcc963f4c57ba5416365069b656f696b12c36d046b1451af455518007d00a9ebfac32cc0c32cc1d3c243ecafbdeedfcddcfe3ccdb309e698eab8c9fdb77f45b25f25641451457a87921451450021018104641ec6be63f8ddfb1468de369e7d5fc212c3e1fd5e425e4b3753f649dbd401cc67e808f61d6be9da2bd6cb735c66515bdbe0e6e2faf67e4d6cff00ab1cb88c352c54392ac6e8fc9cf1dfc17f1a7c3699d75ff0fddda42a702ed13cc81be922e57f0ce7dab8a2315fb2eca1d4860181e0835c8eaff087c0faf4864d43c23a2dd4a4e4c925845bcffc0b6e6bf5cc1f896d452c661f5ef17fa3ff0033e5eaf0f6b7a5534f35faaff23f25aade99a45f6b778969a7595c5fdd3f0b05b44d23b7d14024d7ea65b7ecfdf0dad640e9e09d14b039fde59a38fc98115d9691a0697e1fb7f234bd3ad34e83fe79da40b12fe4a057557f12f0ea3fecf866df9b4bf2b994387a6dfbf515bc91e2bf0cb4cd43c07fb21bdbeb36b2e997f65a3ea124b05c2ed78f2d33ae476241071ef5f9c07935fa3ffb6878ea2f08fc17beb05702f75b916c625079d99dd237d36aedfab8afce0af6780d54c450c5663515bdb546ff00576f2bb6be472677cb09d3c3c5df9236febee0a28a2bf503e702bdfbf61fb733fc78b3703221b1b8727d3e50bffb35780d7d51ff0004fbd11ae7e22788b55db98ed34c16f9f46924523f489abe5b8a6aaa392e2a4ff95afbf4fd4f4b2d8f3e329a5dff002d4fbc28a28afe433f533e3aff008288ff00c78781bfeba5e7f286be2cafd17fdacfe05f88fe35db786a3f0fbd92369cf70d37db2531fdf11edc614e7ee9af9d3fe183fe247fcf7d13ff0002dfff008dd7f46f0867b9660b25a34311888c66b9ae9bd75937f91f039ae0b115b1739d38369dbf247ce7457d19ff000c1ff123fe7be89ff816ff00fc6e8ff860ff00891ff3df44ff00c0b7ff00e375f63feb3e4bff004150fbcf27fb3b17ff003e9fdc7ce75fa43fb147fc901d27febeae7ff469af9abfe183fe247fcf7d13ff0002dfff008dd7d7dfb397c39d57e15fc2db1f0f6b2d6ed7f0cd348c6d5cba619cb0c120763e95f9e71ce739766195c69616bc672e74ec9f4b48f7b26c257a18972ab06959fe87a7514515f821f6c707f127e14db78de7b2d5f4fbc7d07c59a6fcd61ad5b282e9eb1c8bd248cf3953ea71d4e7c53e25fc37d17e30cf1693e39b38fc0ff11d479569acc0bbac755c0e3639c07cff00cf362245cf1919cfd4f5435bd0b4ef1269b369faad8c1a8594c30f05cc61d1bf03fcebe8b2eceabe0650f79fbbf0c97c51ee95f4717d62f47d2cdb67057c242b27a6fbae8ffc9f9ad7d4fc88f12e88de1af106a3a4bdd5bdebd94ef6ed7168c5a290a92095240c8e3ae2b36beeff0088ff00b05f87b5c966bbf096a92e813b65859dc833dbe7d01cef51f52df4af9f7c53fb1cfc4ff0cbb18f458b5a807fcb6d32e16407fe02db5fff001dafe90cb78b728c7d38a5885197552f75dfe7a7dcd9f9fe232bc55093f72ebcb5ff00827d17fb00695f66f85baddf9186bad55901f5548a3c7eacd5b1fb75695fda1f03fed1b726c752827cfa021e3ffda95d1feca7e18baf01fc13d22c359b67d2b5279ae269edae879722132b05c83eaaaa7e8456a7ed1fa0cbe38f827e28d274c88ea37d2c292436f6c37c8ec92a380a0724fcb5f8856c72ff005b3eb77f75554afd2c9f2defdac7d8c28bfecbf656d797f1b5cfcb8ab3a658ff0069ea56b67e7c36bf689562f3ee1b6c71ee206e63838519c938e95ebfe18fd903e28789645dda08d2613d66d4a75880faa825ff00f1daf7df875fb02e8fa5c90dd78c758935891705ac2c41860cfa17fbec3e9b6bf72cc38b327c041f357529768fbcff000d3ef68f8da19662abb56834bcf41df0cbe15681f052f45a787ad17e20fc506401a6518b2d2f70fbd23f22318f5fde30e0000d7b7fc3bf8503c33a9ddf8935fbdff8483c677ebb6e3539136a409da0b74ff96718fccf53e83aef0e786349f086971e9da2e9d6fa658c7f761b68c22e7b938ea4f727935a95fcdf98e775f1d29be66dcb4949fc525db4d231feead3bb7a1fa061f070a292b6db2e8bcfcdf9bf95828a28af9a3d00a28a28029eafa3d96bfa65ce9da8dac57b63728639ade650c8ea7a822be11f8fdfb1a6ade0e9eeb5bf05c32eafa0f323d82e5ee6d47700759107a8f98770705abefaa2be9724e20c6e435bda619de2f78bd9ff0093f35f91e7e33034b1b0e5a8b5e8faa3f1a194a315605587041ed495fa85f14bf666f037c56692e750d34e9faabf2752d3b114ac7d5c60abfd5813ee2be5ef1b7ec11e2ed224965f0dea763af5b0c948663f669cfb60e50fd770fa57ef99671d6538f8a55a5eca7da5b7ca5b7df63e231392e2a83bc1732f2ff2ff00873e5ea2bd0f5afd9e7e25682e56ebc17abbe3a9b5b7370bf9c7b85620f859e34693cb1e11d70bff007469d367ff0041afb5866183aab9a15a2d79497f99e3ba1562ed2835f2672f457a2e8ffb3afc4bd75945b782f564dc700dd406dc7e726d15eb3e0bfd827c63ac4a92788b52b1f0fdb7f12467ed33fd30b85fc77579d8be20cab0516ebe262bc93bbfb95dfe07452c0e26b3b429bfbadf8b3e62552ec15416627000ea6bea0fd9f7f635d4fc5f35aebbe36865d274304491e9ce0a5c5d8ff68758d0ff00df4474c641afa73e15fecc1e06f852d0ddd9e9e754d623e46a5a8e24914faa2e36a7d40cfb9af5bafc8f3ef10675e2f0f952714f79bdff00edd5d3d5ebe499f5382c8941aa98977f2e9f32ae97a5da68ba7dbd8585b4567656e8238608502a228e8001d055aa28afc5db726e52776cfad4ada20a28a290c2b83f8bff0006f40f8cde1b6d33598765c460b5a5fc4079d6ce7ba9ee0f1953c1fa804779457461f115b095635e849c671d53467529c6ac5c26ae99f95bf183e03f8a3e0d6aad0ead6a6e34d76c5bea96ea4c128ec09fe16ff64f3e991cd79cd7ec76a7a5d9eb5613595fdac37b673a94960b88c3a3afa153c1af9afe24fec25e16f124925df85afa5f0cdd3649b66533db13ec090cbf81207615fbc64be21e1eac552cd5724bf992bc5faa5aaf95d7a1f158cc86716e586775d9ee7c0b457ba78aff00630f89be1b7736da5dbebb6ea7fd6e9d70a491fee3ed6fc81af3cd47e0df8f34a90a5d78375d888eff00d9f2953f421706bf4ec3e719762d7350c4425e925f96e7ced4c262293b4e0d7c8e3abf43ff00615ff921cdff00613b8ffd052be15b7f863e30bb93641e14d6a67ce36c7a7cac73f82d7dff00fb1c785758f087c1efb0eb7a6dce957ad7f34a2deee331bed2130769e7b1af82f1031342794284269be78e9757ea7b791d39ac57334ed667e7d7c40ff91f3c47ff00611b8ffd18d5815f5078abf621f887acf89f57d42de6d184175772cf187ba70db59c9191b3ae0d65ff00c307fc48ff009efa27fe05bfff001bafa6a1c4d93468c22f150ba4baf91e74f2ec5b9b6a9bfb8f9ce8afa33fe183fe247fcf7d13ff0002dfff008dd1ff000c1ff123fe7be89ff816ff00fc6eb7ff0059f25ffa0a87de47f6762ffe7d3fb8f31f805ff25afc11ff00616b7ffd182bf56abe1cf85bfb19f8f7c1df11bc37ae5fcda41b2d3efe1b9984372ecfb1581381b064f15f71d7e25c7d98e1331c5d19e12a29a51b3b6bd4fb0c92855c3d29aab169b7d7d02be66fdbff00fe48e68fff0061d87ff445c57d335e37fb53fc25d6fe327c3eb0d17417b54bc83538eed8ddc851362c52a9c100f3971fad7c970e57a585cdf0f5ab49463196adec8f533084aa616a420aeda3f32e8afa33fe183fe247fcf7d13ff02dff00f8dd1ff0c1ff00123fe7be89ff00816fff00c6ebfa6bfd67c97fe82a1f79f9dff6762ffe7d3fb8f9ce8afa33fe183fe247fcf7d13ff02dff00f8dd1ff0c1ff00123fe7be89ff00816fff00c6e8ff0059f25ffa0a87de1fd9d8bff9f4fee3da7fe09f9ff24bf5ff00fb0bb7fe898abea3af14fd957e0febbf067c17aa695afbda3dcdcdf9b943672175d86345e49039ca9af6bafe67e25c452c566f88ad424a5193d1ad9e88fd0f2f84a9e169c26acd20a28a2be64f44e4be247c32d1be27686d61aa45b654c9b7bb8c0f3206f507b8f51d0fe447c51f133e0f6bff000c2fd92fedcdc69ccd88751814989c7607fbadfec9fc3239afd04a82f6cadf51b596daea08ee6de552af14a819587a107835f1b9f70c6173b5ed3e0aabed2ebe4d75fcd7e07dc70f715e2f227ecfe3a4f78be9e717d3f27f89f991457d8fe39fd927c39afc8f73a15cc9a05cb72620be6c04ff00ba4e57f038f6af16f10fecb3e3bd119cdb59dbeaf083f7ece719c7fbafb4fe59afc4f1fc279b6064ef49ce3de3afe1bfde8fddb2fe30c9f308ab56509769fbbf8ecfe4cf21a2baabdf855e32d3dcacfe16d5d71fc4b67232fe601155a2f877e2a9db11786b5790fa258ca7ff0065af9c782c4c5f2ba52bfa3ff23e9d63b0b25ccaac5aff0012ff00339ea2bd1f44fd9e3c7fae3a04f0fcd691b7592f5d610bf50c777e42bd6fc19fb1ba23a4de28d63cc039369a68c03f59187f25fc6bd9c170de6b8e6953a0d2ef2f757e3fa5cf0f1dc519465f16eae222df68be67f85edf3b1f37e81e1dd4bc53a9c5a7e93652df5e4a70b142b93f53d80f73c0afaefe097ecdf69e0468759d7fcabfd787cd146bf3456a7dbfbcfefd076f5af55f09f82343f03e9e2cf44d360b0878dc635cbb9f5663cb1fa9adcafd8721e0dc3e592588c5bf69516dfcabd3bbf37f71f8af10f1c627358cb0d834e9d27bff0034979f65e4befb681451457e8e7e601451450015cbfc42f875a3fc4ad09f4dd5a0dd8cb41709c4903ff794ff0031d0f7aea28ac6b51a788a72a35a2a517a34cde857ab86ab1ad464e328ea9add1f9fff00143e0c6bff000bef985e426ef4b66c43a8c0a7cb6f40dfdc6f63f8135c0d7e9c5dda417f6d25bdcc31dc41229578a550cac0f5041ea2bc43c75fb25f86fc42ef73a15c49e1fba6e4c4abe6c04ffba482bf81c0f4afc5738e03ad093ab963e68ff2b766bd1bd1fcecfd4fdd725f10a8d48aa39aae597f3a574fd52d57caebd0f8da8af5ef117ecb5e3bd0d9cdb59dbeb10aff001d94e338ff0075f69fc066b89bef85de30d39cadc7863568fdfec7215fcc0c57e6f88ca730c2bb56a125ff006ebfcf63f4fc3e719762d7350c4425ff006f2bfddb9cbd7d8dfb1c7fc934d4ff00ec2d27fe8986be568bc07e259df647e1ed5247ce36ad9484ff00e835f5dfecade1bd57c2ff000f6fedb57d3ee34db8935279922ba8ca394314401c1e7a83f957d970461eb433653941a5cb2d6cec7c471ee2684f26942334df3474bab9f267c4dff928fe2aff00b0add7fe8d6ae6abe86f197ecb5e32d7bc5fae6a76d2e9a2def2fa7b88c3dc306daf2330c8dbd706b1bfe1913c71ff003d74affc096ffe22bc5c570f66d3c4549470d269b7d3ccf7709c4b93c30d4e32c5413515d7c8f12a2bdb7fe1913c71ff003d74affc096ffe228ff8644f1c7fcf5d2bff00025bff0088ae5ff57337ff00a0697dc75ffacf92ff00d0543ef3cd7e1b7fc944f0bffd852d7ff46ad7e8dd7c8be0ff00d967c65a1f8b345d4ae65d30dbd9dec371204b862db55c31c0dbd702bebaafd7b81f2fc56028578e2a9b836d5afe87e2dc7d98e1331c4509612aa9a5177b74d428a28afd30fcb02bc03e367eccd6fe2b92e35cf0bac767ac392f35912162b93dc83d15cfe47be3935eff00457979965985cd683c3e2a375d3ba7dd3e8ffa67af9666b8bca310b1184959f5ecd766baafe91f9a1ad687a878735196c353b39ac6f2238786742ac3dfdc7bd50afd1ef17780740f1dd9fd9b5cd320be5008491c6248ff00dd71823f035e07e2efd8d51de49bc35adf960e4adaea29903dbcc5ff00e27f1afc4333e05c7e164e5837ed61f74bee7a3f93f91fbce55e2065f8b8a86357b29fdf17f35aaf9af99f2ed15ea5abfecd1f10749248d196fa31fc769708f9fc090dfa56149f05bc75136d6f0aea64ff00b30123f315f155329cc28bb54c3cd7fdbaff00c8fbba59ce5b597353c4c1ff00dbd1ff0033ed8f83dff24b3c2bff0060e83ff4015d8d72df0b74fb9d2be1cf86ecef217b6ba82c218e5864186460a01047ad7535fd55804e384a29ad7963f923f913306a58cad28bba7297e6c2b17c5fe0fd2bc73a1cfa4eb16ab736b28c8ecd1b76653d987aff004adaa2baaa5385683a7515e2f469ecce4a5567466aa5293525aa6b74cf847e2d7c04d73e195c49731a3ea7a113f25f449cc63d2503ee9f7e87f4af2fafd3c923596364750e8c30cac3208f435e33e3dfd967c2be2c792e74bdfe1ebe73926d97740c7de32463fe02457e319cf01cd49d6caddd7f237b7a3ff3b7ab3f71c8fc42838aa39b2b3fe74b7f55fe57f447c53457b37893f651f1be8ceed6315aeb500e435b4c11f1eeaf8e7d8135c25ffc29f19698d8b8f0beaabfed2da3bafe60115f9a62327cc308ed5a8497c9dbefd8fd4f0d9d65b8c5cd431107ff006f2bfdcf5394afa9ff0062cff8f0f15ffd74b6fe5257ce89e05f1248fb17c3faa33ff7459c99fe55f50fec93e13d6bc31a77888eafa5dde99f68780c42ee168cb801f38079e323f3afa6e0ec3d68e7346728349736b676f859f29c6d89a12c8eb42334dbe5b2babfc48f07fda13fe4b1f897febb27fe8b4af3aafa6be2bfecdbe2cf1a7c41d635ad3e4d3c59ddc8ad189a7656c0451c8da7b835c97fc32278e3fe7ae95ff812dffc4573e679066b571d5ea53c3c9a73934edba6d9d395711e51472fc3d3a9898a946114d5f66a2ae789515edbff000c89e38ff9eba57fe04b7ff1147fc32278e3fe7ae95ff812dffc4579bfeae66fff0040d2fb8f57fd67c97fe82a1f79e2f6bff1f30ffbe3f9d7e9c2fdd1f4af8ca1fd91fc6f1cd1b1974ac2b027fd21bd7fdcafb340c002bf56e06cbb1797ac4fd6a9387372daeb7b735ff33f20e3fccf05993c2fd4eaa9f2f3decef6bf2dbf262d79afed1fff00245fc49fee43ff00a3a3af4aae3be2f784ef7c71f0ef58d134e312de5dac623333154e245639201eca6bf40cd69ceb603114e9abc9c2492eedc5d8fce328ab0a398e1ead4768c6716df64a4aecfcf2a2bdb7fe1913c71ff3d74aff00c096ff00e228ff008644f1c7fcf5d2bff025bff88afe69ff0057337ffa0697dc7f537facf92ffd0543ef3c4a8af6dff8644f1c7fcf5d2bff00025bff0088a3fe1913c71ff3d74aff00c096ff00e228ff0057337ffa0697dc1feb3e4bff004150fbce9bf62dff0090c78a3feb841ffa13d7d575e1dfb3afc1ad7be16ea1ad4dacbda325e451a47f6694b9ca96273903d457b8d7ef9c2985ad83ca6951c445c64b9b47bfc4cfe76e2fc550c6e7356be1a6a506a366b6d2290514515f5c7c6052119183c8a5a2803e6df8dbfb308d525b8d77c1f124572d979f4a185590f768bb03fecf43db1d0fcb57d6373a65dcb6b770496b73136d921990aba9f420f22bf4deb90f1dfc28f0cfc46876eb3a724970abb52f213b264fa30ea3d8e47b57e5d9ef04d2c749e2300d426f74fe17fe4ff0f43f5ae1fe3cad808470d98a7520b692f897aff32fc7d4fcf0a2be8df16fec71aa5abbcbe1dd5e0be8b39105e8314807a06190c7fef9af31d5be02f8fb467659bc3579305fe2b402707e9b09afc9317c3f9a609b5570f2f54aebef5747ec983e24ca71d14e8e223e8df2bfb9d99c0515d049f0f7c5309c49e1bd590fa358ca3ff65ab961f09bc67a930583c2fab1cff13da3a2fe6c00af2a382c549f2c6949bf47fe47af2c76120b9a556297f897f99c9d15ed1e1afd93fc6dacbab6a096ba2407926e26123e3d9533cfb122bdcfc05fb2ef84fc2124775a82b7882fd390f76a042a7d447d3fefa2d5f5197f0866b8f92bd3f671ef2d3f0dff0003e4f32e33c9f2f8be5abed25da1afe3b7e3f23c4bf673f867e30bdf1458f88b4f67d1b4c81b2f7770876dc27f146a9c6f07d7a0eb9c815f685351163454450aaa30140c0029d5fbbe4792d2c8f0df57a73726dddb7dfc974feaecfe7bcff3cab9f62beb1520a292b24bb79bddfe5d90514515f447cd051451401c9fc47f869a3fc4ed09b4fd522c48b936f7683f79037aa9f4f51d0fe447c4ff00137e0f6bff000c2fd92fe0371a733621d460526271d81feeb7fb27f0c8e6bf412a0bdb2b7d4ad65b6bb823b9b69576c914c819187a107835f1b9f70c6173b5ed3e0aab692ebe4d75fcd7e07dbf0f715e2f217ecfe3a4f78be9e717d3f27f89f991457d8de39fd927c39afbbdce8373268172dc9871e6c04ffba4e57f038f6af16f10fecb5e3cd119cdbd95beaf0a9ff596538ce3fdd7da7f206bf13c7f0a66d8193bd2738f78fbdf86ff007a3f78cbf8c327cc22ad59425da7eefe3b3f933c8a8aeaaf3e1578cac1cacfe16d5d71dd6ca465fcc022ab45f0f3c533b6d8fc37abc8dd30b6329ffd96be71e0f1317cae94afe8cfa658ec2c9732ab16bfc4bfcce7a8af45d17f67cf1feb6e047e1db8b643d5ef196103f0620fe42bd63c1dfb1b3ef49bc4faca84ea6d74d1927eb230e3f05fc6bd8c1f0e66b8e9254a8492ef25cabef76fc0f131bc4f946022dd5c445bed17ccfee57fc6c7ce7a0f87b52f13ea5169fa5594d7f7929f96285727ea7d07b9e057de5f05bc27aff82fc0b69a5f882fd2f6e62ff5489cfd9e3ed16ffe2c7e9d064015b9e10f02683e04b0fb2687a6c36319037ba8cc927bb39e5bf135bf5fb570df0b2c924f1156a73546ada6914bf5f57f71f85f147173cfa2b0d469f2d24ef77ac9bfd3d17dfd028a28afbf3f390a28a280108c8c1e457cdff1b7f6615d5a5b8d73c1f124374d979f4b185490f768fb29ff0067a1ed8e87e91a2bc8ccf2ac2e6f43d862a375d1f54fba7fd2ee7b59566f8bc9b10b1184959f55d1aecd7f4d743f326fac2e74bbb96d6f2de5b5b989b6c90cc851d4fa1079155ebf443c75f0abc33f1160dbad69c92ceabb52ee2f9264fa30ea3d8e47b57cfbe2dfd8df53b67797c39ac437b16722def94c5201e8186431fc16bf0dccf82331c1c9cb0cbdac3cb497cd7f95cfdfb2ae3ccb31b151c53f653f3d63f26bf5b1f38d15e81abfc03f1f68cecb3786aee603f8ad36ce0fd361358127c3cf14c2d893c37aba1f46b1947fecb5f15532fc6517cb528c93f38b5fa1f754b32c1575cd4abc64bca49fea73d4575da7fc24f1aea720483c2daaf3fc525a3c6bf9b002bbdf0cfec99e33d6591f51fb268709ebe7ca24931eca991f9915d386c9b31c5be5a3424fe4d2fbde87262b3bcb3071e6af888af9a6fee5afe078a57a97c27f801af7c4a9a2bb9636d2f42ce5ef665c1907711aff0011f7e83d7b57d1be02fd98bc25e0d923babc8db5fbf4e4497a0794a7d563e9ff007d6eaf5d545450aa02a818000c015fa664fc072e655734969fc8bf57fa2fbcfcb33bf10e3cae8e531d7f9e4bf25fabfb8c5f07783349f01e870e95a3daadb5ac7c93d5e46eecc7b93ebfd2b728a2bf65a54a1460a9d3568ad125b23f10ab56a579bab564dc9eadbddb0af08fdb1bfe49969bff006168bff44cd5eef5e13fb62827e1969b819ff89b45ff00a266af9de26ff913e27fc27d2f0aff00c8ef0bfe23e37a2a58ada698e2389dcffb2a4d68d9784b5cd4dc25a68d7f74e7a2c36cee7f415fcb91a739bb422dfc8feb49d5a74d5e724bd5993457a2e89fb3ef8fb5d7511f87ae2d50f57bd2b085fc1883f90af5ff00047ec751c324771e2ad544e0104d969f90a7d8c8403f901f5afa1c170de6b8f9254e834bbc972afc77f95cf9ac7f1465197c5bab5d37da2f99fe1b7cec783fc3bf867adfc4bd652c74ab73e5023cfbc707ca817d58fafa0ea6bee7f86df0e74bf865e1c8b4ad354bb13bee2e5c0df3c9dd8ff203b0fceb6b40f0ee9be16d322d3b49b28ac6ce21858a15c0fa9f53ee7935a35fb970f70c50c923ed66f9eabddf45e4bfcf77e5b1f81712f15e233e97b282e4a2b68f57e72ff2d979ee1451457db1f06145145001451450014514500624fe36d06d7c4e9e1d9f56b5835b7856e12c65902492212402a0fdee54f4ce315b75f9f5fb7b314f8d3a7b29208d1a1208ff00aeb35797786ff684f88de128521d37c5fa9242830915c482e1147a0590301f857eb185e02a998e5f471b85ac939c536a4b4bf9357fcbe67cc55cee387af3a3561a27baff002ff827eab573de37f1fe81f0e7449756f106a50e9f6880e3cc6f9e43fdd45eacdec2bf39af7f6b5f8b17f1797278ba645c6330dac119fcd6306bccf5ef12eafe29bd379acea777aadd1ff96d793b4adf4cb13c57a182f0db12ea278daf151feeddb7f3695bee6615b8869f2fee60efe7ff0002e773f1fbe34de7c6cf1bc9aa3a3dae956c0c1a7d9bb67cb8f3cb3638dec793f80e702bcd28a2bf73c26168e0a8430d878da115648f8cab5275a6ea4dddb0a28a2ba8cc2befff00d833c1cda27c2dbfd7655db2eb37a4a1c758a2ca2ffe3e64af84fc2fe1cbdf17788b4ed174e88cd7d7d3a41120fef31c64fa01d49ec057eb5782bc2b69e08f09693a0d88c5b69f6c96ea7182db472c7dc9c93ee6bf23f117318d1c0c30317ef54777fe18ff009bb5bd19f519061dceb4ab3da2bf17ff0000dba28a2bf9d8fbd0a28a2800a28a2800a28a2800a28a2800a28a2800a28a2800a28a2800a28a2800a28a2800a28a2800a28a2800a28a2800a28a2800a4c52d140051451400514514005145140051451400514514005145140051451400981e94b451400514514005145140051451400514514005145140051451400514514005145140051451400514514005252d14005145140051451400514514005145140051451400514514005145140098a5a28a0028a28a0028a28a0028a28a0028a28a0028a28a0028a28a0028a28a0028a28a0028a28a0028a28a0028a28a004c52d145001451450014514500145145001451450014514500145145001451450014514500145145001451450014514500262968a2800a28a2800a28a2800a28a2800a28a2800a28a2800a28a2800a4c52d14005145140051451400514514005145140051451400514514005262968a0028a28a0028a28a0028a28a00290807ad2d14009b47a0a30076a5a2800a28a2800a28a2800a28a2800a28a2800a28a2800a28a2803f3e7f6f8ff0092cfa7ff00d81a1ffd1b357cdb5f497edf1ff259f4ff00fb0343ff00a366af9b6bfaf385bfe44985ff000a3f2cccbfdf2a7a8514515f5279a1451450014515f427ecc1fb325dfc55d4e1d7f5d85ed7c256d2670c0ab5f303f713fd8fef37e039c95f3731cc70d9561a58ac54ad15f7b7d9776ce8c3e1ea626a2a74d5db3d43f61cf81cf671b7c42d6202924aad0e93148b8210f0f37e3caafb6e3dc57d89515adac3656d15bdbc4904112048e28d42aa28180001d00152d7f246759b56ceb1b3c656d2fa25d92d97f9f77767ea384c2c30945528fcfcd8514515e19d81451450014514500145145001451450014514500145145001451450014514500145145001451450014514500145145001451450014514500145145001451450014514500145145001451450014514500145145001451450014514500145145001451450014514500145145001451450014514500145145001451450014514500145145001451450014514500145145001451450014514500145145001451450014514500145145001451450014514500145145001451450014514500145145001451450014514500145145001451450014514500145145001451450014514500145145001451450014514500145145001451450014514500145145001451450014514500145145001451450014514500145145001451450014514500145145001451450014514500145145001451450014514500145145001451450014514500145145001451450014514500145145001451450014514500145145001451450014514500145145007e7cfedf1ff00259f4fff00b0343ffa366af9b6bf5afc71f09fc21f12147fc249a059ea92aa796b71226d9957ae048b860324f00d788789bf606f04ea6ed268faaea9a2b9e91b32dc44bf40c037e6d5fbd70ef1be5983c0d1c16294a2e0ad7b5d3fbb5fc0f89c7e4f88ab5a55a9d9a6f6d99f01d15f615d7fc13c2f5643f67f1b40f1e7832e9cca71f8486ace9fff0004effde037de37cc7dd20d3793f8993fa57da3e35c812bfd63ff00259fff0022791fd8f8ebdbd9fe2bfccf8d2b47c3fe1bd57c57a9c5a768fa7dcea77d2fdd82d623239f7c0edef5f7df85ff00615f879a232c9a949a96bd203929733f951fe51853ff008f1af71f0bf82b41f05590b4d0747b3d26dfbada42a9bbdd88e58fb9af98cc3c47c0d28b8e0a9b9cbbbf757eadfdcbd4f4686415a4ef5a4a2bcb57fe47c9ff00037f61c68a5b7d67e2132fca43c7a1c0e181ff00aece38ff0080a9fa9ea2bec5b3b3834fb586dad618edada14091c3128544503000038000ed53515f8ae6f9de373baded7173bdb64b44bd17ebbf99f5f85c1d1c1c39692f9f561451457847685145140051451400514514005145140051451400514514005145140051451400514514005145140051451400514514005145140051451400514514005145140051451400514514005145140051451400514514005145140051451400514514005145140051451400514514005145140051451400514514005145140051451400514514005145140051451400514514005145140051451400514514005145140051451400514514005145140051451400514514005145140051451400514514005145140051451400514514005145140051451400514514005145140051451400514514005145140051451400514514005145140051451400514514005145140051451400514514005145140051451400514514005145140051451400514514005145140051451400514514005145140051451400514514005145140051451400514514005145140051451400514514005145140051451400514514005145140051451400515e13a87ed7be17d3afee6d24d2756678246898aa458241c1c7cfed55ff00e1b27c2bff00408d5ffef88bff008baf987c4f93c5d9e223f8ff0091f56b8533b924d61a56f97f99efd45780ff00c364f857fe811abffdf117ff001747fc364f857fe811abff00df117ff1753feb464dff004131fc7fc8aff54f3cff00a0597e1fe67bf515e03ff0d93e15ff00a046afff007c45ff00c5d1ff000d93e15ffa046aff00f7c45ffc5d1feb464dff004131fc7fc83fd53cf3fe8165f87f99efd45780ff00c364f857fe811abffdf117ff001747fc364f857fe811abff00df117ff1747fad1937fd04c7f1ff0020ff0054f3cffa0597e1fe67bf515e03ff000d93e15ffa046aff00f7c45ffc5d1ff0d93e15ff00a046afff007c45ff00c5d1feb464dff4131fc7fc83fd53cf3fe8165f87f99efd45780ffc364f857fe811abff00df117ff1747fc364f857fe811abffdf117ff001747fad1937fd04c7f1ff20ff54f3cff00a0597e1fe67bf515e03ff0d93e15ff00a046afff007c45ff00c5d1ff000d93e15ffa046aff00f7c45ffc5d1feb464dff004131fc7fc83fd53cf3fe8165f87f99efd45780ff00c364f857fe811abffdf117ff001747fc364f857fe811abff00df117ff1747fad1937fd04c7f1ff0020ff0054f3cffa0597e1fe67bf515e03ff000d93e15ffa046aff00f7c45ffc5d1ff0d93e15ff00a046afff007c45ff00c5d1feb464dff4131fc7fc83fd53cf3fe8165f87f99efd45780ffc364f857fe811abff00df117ff1747fc364f857fe811abffdf117ff001747fad1937fd04c7f1ff20ff54f3cff00a0597e1fe67bf515e03ff0d93e15ff00a046afff007c45ff00c5d1ff000d93e15ffa046aff00f7c45ffc5d1feb464dff004131fc7fc83fd53cf3fe8165f87f99efd45780ff00c364f857fe811abffdf117ff001747fc364f857fe811abff00df117ff1747fad1937fd04c7f1ff0020ff0054f3cffa0597e1fe67bf515e03ff000d93e15ffa046aff00f7c45ffc5d1ff0d93e15ff00a046afff007c45ff00c5d1feb464dff4131fc7fc83fd53cf3fe8165f87f99efd45780ffc364f857fe811abff00df117ff1747fc364f857fe811abffdf117ff001747fad1937fd04c7f1ff20ff54f3cff00a0597e1fe67bf515e03ff0d93e15ff00a046afff007c45ff00c5d1ff000d93e15ffa046aff00f7c45ffc5d1feb464dff004131fc7fc83fd53cf3fe8165f87f99efd45780ff00c364f857fe811abffdf117ff001747fc364f857fe811abff00df117ff1747fad1937fd04c7f1ff0020ff0054f3cffa0597e1fe67bf515e03ff000d93e15ffa046aff00f7c45ffc5d1ff0d93e15ff00a046afff007c45ff00c5d1feb464dff4131fc7fc83fd53cf3fe8165f87f99efd45780ffc364f857fe811abff00df117ff1747fc364f857fe811abffdf117ff001747fad1937fd04c7f1ff20ff54f3cff00a0597e1fe67bf515e03ff0d93e15ff00a046afff007c45ff00c5d1ff000d93e15ffa046aff00f7c45ffc5d1feb464dff004131fc7fc83fd53cf3fe8165f87f99efd45780ff00c364f857fe811abffdf117ff001747fc364f857fe811abff00df117ff1747fad1937fd04c7f1ff0020ff0054f3cffa0597e1fe67bf515e03ff000d93e15ffa046aff00f7c45ffc5d1ff0d93e15ff00a046afff007c45ff00c5d1feb464dff4131fc7fc83fd53cf3fe8165f87f99efd45780ffc364f857fe811abff00df117ff1747fc364f857fe811abffdf117ff001747fad1937fd04c7f1ff20ff54f3cff00a0597e1fe67bf515e03ff0d93e15ff00a046afff007c45ff00c5d1ff000d93e15ffa046aff00f7c45ffc5d1feb464dff004131fc7fc83fd53cf3fe8165f87f99efd45780ff00c364f857fe811abffdf117ff001747fc364f857fe811abff00df117ff1747fad1937fd04c7f1ff0020ff0054f3cffa0597e1fe67bf515e03ff000d93e15ffa046aff00f7c45ffc5d1ff0d93e15ff00a046afff007c45ff00c5d1feb464dff4131fc7fc83fd53cf3fe8165f87f99efd45780ffc364f857fe811abff00df117ff1747fc364f857fe811abffdf117ff001747fad1937fd04c7f1ff20ff54f3cff00a0597e1fe67bf515e03ff0d93e15ff00a046afff007c45ff00c5d1ff000d93e15ffa046aff00f7c45ffc5d1feb464dff004131fc7fc83fd53cf3fe8165f87f99efd45780ff00c364f857fe811abffdf117ff001747fc364f857fe811abff00df117ff1747fad1937fd04c7f1ff0020ff0054f3cffa0597e1fe67bf515e03ff000d93e15ffa046aff00f7c45ffc5d1ff0d93e15ff00a046afff007c45ff00c5d1feb464dff4131fc7fc83fd53cf3fe8165f87f99efd45780ffc364f857fe811abff00df117ff1747fc364f857fe811abffdf117ff001747fad1937fd04c7f1ff20ff54f3cff00a0597e1fe67bf515e03ff0d93e15ff00a046afff007c45ff00c5d1ff000d93e15ffa046aff00f7c45ffc5d1feb464dff004131fc7fc83fd53cf3fe8165f87f99efd45780ff00c364f857fe811abffdf117ff001747fc364f857fe811abff00df117ff1747fad1937fd04c7f1ff0020ff0054f3cffa0597e1fe67bf515e03ff000d93e15ffa046aff00f7c45ffc5d1ff0d93e15ff00a046afff007c45ff00c5d1feb464dff4131fc7fc83fd53cf3fe8165f87f99efd45780ffc364f857fe811abff00df117ff1747fc364f857fe811abffdf117ff001747fad1937fd04c7f1ff20ff54f3cff00a0597e1fe67bf515e03ff0d93e15ff00a046afff007c45ff00c5d1ff000d93e15ffa046aff00f7c45ffc5d1feb464dff004131fc7fc83fd53cf3fe8165f87f99efd45780ff00c364f857fe811abffdf117ff001747fc364f857fe811abff00df117ff1747fad1937fd04c7f1ff0020ff0054f3cffa0597e1fe67bf515e03ff000d93e15ffa046aff00f7c45ffc5d1ff0d93e15ff00a046afff007c45ff00c5d1feb464dff4131fc7fc83fd53cf3fe8165f87f99efd45780ffc364f857fe811abff00df117ff1747fc364f857fe811abffdf117ff001747fad1937fd04c7f1ff20ff54f3cff00a0597e1fe67bf515e03ff0d93e15ff00a046afff007c45ff00c5d74bf0f3f68bd17e24f89a2d174dd2b528a774791a59d63091aa8ce4e189eb81d3a915b51e22cab11523469574e52764b5d5fdc615f86b37c352956ad876a31576f4d12f99eb3451457d19f3214515f37f8ebf6be7f05f8cb57d0ffe1155bc5b0b86804c6ff617c77c79671f9d007d21457ca83f6e718e7c17ff00953ffed3514dfb72ccc3f75e0e44ff007f512dff00b485007d61457c8337edbfac37faaf0cd927fbf70edfd057a8fecf9f1ef51f8bfa96b167a8e9d6b64d67124b1b5b337cc092082093ed401edb4567eb9e21d33c35626f356d42db4db5076f9d752ac6b9ec324f5f6a6683e25d27c53666ef47d4ad753b6076992d6559003e870783ed401a7451450014514500145145001451450014514500145145001451450014514500145145001451450014547717115a4124d3c890c31a96792460aaa075249e82b1340f1f786fc537525b68faee9fa95c4632d15adca3b01eb807a7bd006fd14514005145140051451400515e49f1efe385c7c19fec3306931ea8ba8f9dbbcc98c7b366ce980739dffa5607c19fda5eebe2bf8d7fb11f418b4e8becef39996e4c846dc718da3d6803dea8a28a0028a427009f4af9264fdb7f52495d7fe115b5c0240cddb67ff41a00fade8af918fedc3a976f0ada8faddb7ff13535bfedc776a479fe118641dfcbbe2bfce33401f59d15f3f786bf6cdf096ab3a45ab585f68a5bacc544f12fd4afcdf92d7b8681e22d33c53a645a86937d06a16527dd9a070c3e87d0fb1e450068d14514005145140051451400514526e19c6467d280168a28a0028a28a0028a28a0028a28a0028a28a0028a28a0028a28a0028a28a0028a28a0028a28a0028af01f8e9fb496a5f0a3c5f1e8965a35b5eab5aa5c79d3cac3962c3181feefad6cfeceff001b355f8c5fdbe752b0b4b25d3cc1e57d9777cdbfccce7713d360e9eb401ecb45145001451450014515e15f1b7f691b9f847e3083468b428b528e4b44b932bdc18cfccceb8c6d3fdda00f75a2bc7be037c77b9f8cb77acc5368f1e989609130293990b172dc1ca8feed7ae5cdcc5670493cf2a430c6a59e49182aa81d4927a0a00968ac1d03c7be1bf155cc96fa3ebba7ea77118cb456b728ec07ae01e9ef5bd4005145140051451400514514005145140051451400514514005145140051451400514514005145140051457807c73fda4f52f855e305d12cb46b5bc536c93f9f3cac3962c3181f4f5a00f7fa2bc73f677f8d5aafc628f5e7d4ac6d2c869ed008fecbbbe6dfbf39dc4f4d83f3af63a0028a28a00fcd5f14ff00c8cdab7fd7dcbffa19acbad4f14ffc8cdab7fd7dcbff00a19acbafe38aff00c597abfccfedca1fc187a2fc828a28ac4dc28a28a0028a28a0028a28a0028a28a0028a28a0028a28a0028a28a0028a28a0028a28a0028a28a0028a28a0028a28a0028a28a0028a28a0028a28a0028a28a0028a28a0028a28a0028a28a0028a28a0028a28a0028a28a0028a28a0028a28a0028a28a0028a28a0028a28a0028a28a0028a28a0028a28a0028a28a0028a28a0028a28a0028a28a0028a28a0028a28a002beabfd8dfc21f67d2f59f124c987b8716701239d8b86723d892a3fe035f2b471b4b22a229676200503249afd15f867e145f04781345d1828592dadd7cec7795be673ff007d135fa4f02603eb398bc4c969495fe6f45f85d9f97788398fd572c5858bf7aabb7fdbab57f8d97cce9e8a28afe843f9b42bf3aff6808fcaf8c9e2a5f5bb2df9a83fd6bf452bf3d7f6938fcaf8dbe275f59636fce143fd6803aaf807fb3b69ff00173c337dabdfeab736220bb36ab15ba29ce1158924ff00be3f2af4f7fd88fc3c47c9e21d481ff69233fd2af7ec52c3fe1596ac33c8d5a4e3fed8c55f41d007cc92fec3fa51ff0057e28bb5ff007ad54ffecc2bb9f82ffb3c27c1ef105f6a516bcfa9add5b7d9cc0d6c22c7ccadbb3b8e7a6318ef5ec39a5a00f947f6d0f0e788351d5b43bfb6b6b9bbd122b768cf92aceb14db892580e995da013fdd3547f632f0df882cbc59ab6a32dadcda688d6462769919525977a94c67a9037f23a67debdafe2c7c7ed1fe11eb363a7ea7a75ede1ba80ce24b508428dc4630c473c545f0abf686d17e2d788eeb48d2f4dbeb4682d5ae8cb74100203aae30ac79f9c7e46803d5a8ae53e247c4ad23e16e8716abad0b836d24c2dd05b47bd8b952c0750070a7a9af39f05fed5ba0f8ebc6da6f87ec749beb75bd7645baba645da42961f2a93d48c75ef401ee3457907c56fda5fc37f0d2e24d3e256d73594e1ed2d9c0488fa48fce0fb004fa815e3abfb6f6b82e4b3786ec0dbe7ee099c3e3fdee9fa5007d834579a7c1df8efa2fc5f8268ada27d3b56b75df3584cc18edce372371b9738078046471c8cfa5d00145703f153e34787be1358a3ea72b5c5fcca4c1a7dbe0cb27b9ecab9ee7df19af9c759fdb5fc537370dfd99a3697636e7eeace2499c7fc08328ff00c76803ecca2be4df05fedaf766f6387c55a2c06d98e1aeb4cdcac9ee5189ddf8115eb3f117f68ff0ef80f49d03528237d72d3580ef0bd9c806d45c649cf7cb63071c83e9401eb345711f0b3e2e68df1734cbabcd222bb83ecaeb1cd15dc614a92323041208e3d6b03e257ed1fe18f85fadc9a46a36da8dd6a091ac9b2d615db86191f3330fd33401ead457997c29f8efa47c50d2f5bd4040746b7d2997ce6bc9970118121c9e8a3e56fcabce3c77fb67e97a55e4969e19d2db57d84a9bdb9731444ffb2b8dcc3dceda00fa528af92b43fdb7af56ed06b1e1a81ed89c33d94e55d47a80d907e991f5afa6fc1de30d2fc77e1fb5d6747b8fb4595c0c82461908eaac3b107a8a00daa28af06f8b1fb57e8be06be9f4ad12d86bdaa42c525937edb789bb8dc32588ee071ef9e2803de68af87ae3f6c8f1e4b3ef48b498533fead6d988fd5c9af4bf84dfb5d4de2cf10e9fa16bfa2a45757d32c115d69c4ec0ec7037231240f5218e3d2803b8fda9745d6f5ef851736fa1c53dc48b731c97305b825e484672001c9c36c38f6af94be06f853c4b75f14fc3d2e9b637909b5bd8e4b89fcb6558a20c3ccdc7a00572307ae71debedbf8a5f12acfe1578646b57d693de4067483cbb7c6e058139e48f4af38f0e7ed75e19f13f88f4ad1ecf47d5527d42e63b65799630a8cec14138727033401eef4515c57c4ef8b9e1ff00851a625ceb13b3dc4d9fb3d940034d291e83b0f5278fc78a00ed68af8db5cfdb63c4b7370dfd93a269b636fd85d6f9e41f88651fa5687843f6d8d452f238fc4da25b4d6ac70d3e9bb91d07aed7621bf31401f5cd15e51e3bfda37c39e0ef0ae89af5a06d6ecf559192116ce158051f3920f42095041c1c9ad9f84ff19f44f8bf6d7d269305ddb4b65b04f15dc6015dfbb6e08241fba7fc2803c6bf6e48f3a7f8464feecb72bf988ffc2b89fd8ba0f37e2a5fbffcf3d2a56fc7cd887f5af41fdb7e2cf86bc3327f76ee55fcd07f85717fb13267c7fadbfa69847e72a7f85007d994514500237dd3f4afcb3d4a3f2b51ba4c636cac3f535fa98dd0d7e5d78853cad7f524c636dcc83ff1e3401f4afc2afd937c3de31f03e93ae6ababea426bf87cef2ad0c68a9927032cad9e2ba8bafd89bc26f1916dad6b113e3832b44e33f4082bd3be05a6cf841e131ff4e119fcc5777401f097c55fd973c45f0eaca6d4eca65d7b48886e966823292c23d5a3c9e3dc13ef8ae27e177c52d63e15f8862d474d999ed9980bab266fdddc27704763e8dd47d320fe91328752ac03291820f7af80bf695f86d07c39f88b2ad84421d2b514fb5db46bd232490e83d830c81d8301401f747853c4f63e33f0ed86b5a6c9e6d9de4424427a8ec54fb82083ee0d6b57cbdfb13f8c64b8d3f5cf0ccf26e5b765bdb6527a2b7cb201ed9d87eac6bea1a0028af08f8a9fb58685e07be9f4bd1adbfb7f53858a4aeb26cb789bb8dd83b88ee071ef9af1f93f6d2f1b34e1d74ed11631ff002cfc894e7ea7cca00fb5e8af02f84dfb58e93e37d421d275eb55d0b53998243307dd6f2b1e8b93ca13d81c8f7cf156bc51fb5af873c23e33d4b42bcd32fe64b19bc87bbb628c0b0c6ef9491d0e475ed401ee75f0bfed5ba95e58fc6cbd92deea681d2d6008d13952a3667823dc9afaeb5ff8a1a2f873e1fc5e31ba370da44b0c53c6238ff7acb263661491cfcc3a9af85fe39fc41b0f89bf106eb5bd3609edecde28e245b90039da304900903f3a00fa93f641d6b54d7be1adfdc6aba85d6a3226a724513dd4ad232a08a23b41624e324f15ee55f157c09fda4348f851e0c9745bed26f2f266bb7b8f36dd93690caa31c91cfcb5ef5f09ff0068ad2be2df88e7d1ec34abdb3961b66ba696e0a15da19571c1eb971401eb745213815e05f147f6b8d13c1d7d3699a05a0d7efe262924fe66cb78d8760c012e41f4c0f7a00f7ea2be286fdb4bc6c6e038d3b44118ff00967e44b83f8f999af62f847fb5568fe3ebf8748d66d8685ab4c4242dbf7413b7650c79563d81ebeb9e2803dd68af08d77f6bbf0d7873c5fa9e8979a5dfbc76370d6cd776c51c3329c31da48e0104753d2bdb74bd461d634cb4bfb62c6deea149e32c304ab0046476e0d005aa28a2800a28a2800a28a2800a28a2800a28ae3be257c56d03e15e92b79ad5c1f365c882d211ba6988ebb47a7a938033ee2803b1a2be3bd6ff006dbf104d70dfd91a069d6907f08bc6799feb95283f4ad9f047edacf35f47078af46861b77201bcd34b7eefdcc6c4923e8d9f63401c87eda0a17e2b5891fc5a4c44ff00dfd96bb8fd8723c69de2e7f596d87e424ff1af3dfdaf357b2d7be21e8fa869f731de595c68d0bc53c4db95c1966e41af4cfd8823c786fc4d27f7aee25fc90ff8d007d31452330452cc40503249ed5f397c51fdb074ff000edf4da6f856ce3d66e22251efa7622dc30fee81cb8f7c81e99a00fa3a8af86d7f6c5f1f2dc7984696c9ff003c8da9dbff00a167f5af69f843fb56e95e3abf8748d7ad9344d5663b21955f36f33765c9e518f60720fae481401ef75f167edad16df89ba4c9d9b498c7e534bfe35f69d7c6ff00b6dc58f1c68327f7b4f2bf948dfe3401d07ec350622f18cc7bb5a20fc3cd27f98af48fdaa344d735ef851341a1c53dc3a5d472dd416e0b3c9000d9181c9c36c6c7fb39ed5c1fec3d1e341f14bfadcc23f256ff001af6bf8a7f12ecfe14f86535abeb49ef206b84b7f2edf1b81604e79238f96803e27f815e14f12dd7c54f0f4ba6d8de43f65bc8e4b99fcb6558e107f79b8f400ae460f5ce3bd7e84d784f86ff006b9f0d78a3c49a568d65a3ea893dfdc476c249963554666001387391cd7b1f89f5d8bc2fe1bd53589e36961b0b592e9e34c6e608a58819ee71401a7457ceba6feda5e1ebfbdb7b66d03528da69163055e36c1271ea2be891c8a005a2a9eb1a9c7a2e917ba84a8f2456903cee91fde60aa58819efc57825a7eda5e1abcd42dad9744d4a3496558ccb218c0404e3380dda803e87a2901c8ae33e277c59d07e14e90b79abcccf3cb916f670e0cb311e83b01dc9e07d702803b4a2be2cf107eda1e2dbeb97fecad3b4ed2edbf8564569a4fc58903ff1dab7e15fdb4fc4367788bafe9565a8d99237b5a030cca3d464953f4c0fad007d914573fe07f1d68ff10f408757d16e85c5b3f0ca78789fba3af623ff00ae3208354fe27fc42b7f861e139b5ebab29efa08a448da3b72011b8e0124f419c0fc4500759457cf3e05fdae6d7c6de3bd3b446d1174ab0b9de1af6e2ec12842330c8da00048c75ef577c77fb5ff00857c317b259e916d3788e78ce1a581c47067d03904b7d40c7bd007bcd15e5bf03be38afc678b5861a33690da7188106e3ce0fbf7f7dab8c6cfd6bb9f16f8bb4af03e8771abeb3769676508e59b92c7b2a8ea58f602803668af8ffc63fb6aeb17379247e19d22dacecc1c2cd7e0c92b8f5daa405fa7cdf5ac6d17f6ccf19d8dcab6a167a6ea56f9f993ca689b1ecc0e07e20d007db345703f0a3e33683f16f4d7974e76b6d42100dc69f391e647fed0fef2e7b8fc715df50014571bf12fe2be81f0ab4a5bcd66e18cb2e4416708dd34c47a0ec3d49c0fcc57cdbadfedb7e209ae1bfb2740d3ad20fe1178cf33fd72a507e9401f6257c47fb67285f8b168477d2e227fefe4b5d9781ff6d579efa3b7f15e8f0c16ee40379a6eefddfb98d89247d1b3ec6b83fdaeb56b3d73e236957fa7dcc7796771a3c2f14d136e575324bc83401e8dfb0ec78d2bc5927acd6ebf92bff8d7d415f34fec431e3c2de2493fbd791afe49ff00d7afa5a800a28a2803f357c53ff2336adff5f72ffe866b2eb53c53ff002336adff005f72ff00e866b2ebf8e2bff165eaff0033fb7287f061e8bf20a28a2b1370a28a2800a28a2800a28a2800a28a2800a28a2800a28a2800a28a2800a28a2800a28a2800a28a2800a28a2800a28a2800a28a2800a28a2800a28a2800a28a2800a28a2800a28a2800a28a2800a28a2800a28a2800a28a2800a28a2800a28a2800a28a2800a28a2800a28a2800a28a2800a28a2800a28a2800a28a2800a28a2800a28a2800a28a2800a28a2800a28a2803d27f679f087fc261f14f498a44df6b64c6fa7c8c8c4782a0fd5ca0fc6bef5af9e3f63bf087d83c31aa788664c4b7f30b78491ff2ce3ea47d5891ff0000afa1ebfa4382b01f53caa3524bdea8f9be5b2fc35f99fcc1c7598fd7b379528bf7692e5f9ef2fc74f90514515f7a7e7615f9ff00fb52204f8e7e24c77fb39ffc978ebf402bf3f3f69e93cdf8e3e263e8d02fe56f18a00e27c3fe3af117852de58346d6eff4b8656def1da5c34619b18c900f5abb27c57f1acdf7fc5dae30f4fed19bff008aafa13f643f00786bc51e0cd62f758d0ec754bb4bf312c97902cbb5046840018103926bde1be0ff00819860f843441f4b0887fecb401f9f327c41f14cdfeb3c49ab3ffbd7d29ffd9abed5fd94efeeb52f8456b3de5d4d793b5d4e0c93c85dbef74c9aeb1fe0af80dfaf847481f4b441fc85747a078734cf0b69cb61a458c1a759ab17105ba05504f538a00f957f6e0836f883c2f37f7ed664fc994ffecd547f62587778f35d97fbba6edfce54ff000adffdb960e7c1b30ebfe9687ff2091fd6b3bf61f8b7788bc4f2ff0076d625fcdcff0085007aff00ed55a4aea7f05b5890fdfb3921b84faf98aa7f4735f0968f25f45aa5a9d31e64d40c8ab6e6d89126f27036e39ce4f6afd08fda062137c1bf152b741685bf2607fa57c2ff00093fe4a9f83ffec2f69ffa396803e82f86ff00b1b4773671dff8d6fa717328dffd9f66e06ccff7e420e4fb2fe66b0bf680fd99b4af0078524f12787ae6e8dbdb488b756b74c1f0acc1432b000fde2a0839ebd78afb16bcd7f68f4127c14f1402323c943f94a86803e3bfd9d7599744f8c9e1a92372a27b836ce07465914ae0fe241fc057df1e2bf11db7847c35a9eb377936f636ef3b28ead8190a3dc9c0fc6bf3d3e0a2eef8b5e121ff0051280ffe3e2bec4fdab2ee4b5f827acac648f3a4823623d3cd53fd2803e21f15789b53f1ef89eef56d41dae750bd973b54138cf0a8a3d00c003dabea0f85ff00b1e696ba3c17be32927b8d42650e74fb793cb8e107f859872cdeb8200e9cf5af08fd9eb4db7d57e33785e0ba50d10b932e1ba6e44675ff00c79457e895007ce1f113f63ad06f7489a7f09493e9da9c6a5a3b69e5324337fb396e549f5c91eddebe42bf8aeeca67b0bb12c525ac8f1b41264794f9c30c76391cfd2bf532bf3fff006a0d3adf4ef8d7afadba84597c999d4740ed1296fccf3f8d007d07fb18e962d3e17dedd91f3ddea32107fd954451faeeaf32fdb67495b7f1ce87a8a8c1bab03137b947273f938fcabd9bf64b8d53e0b69a57abdc4e5bebe611fc80af35fdb9a2026f06cbfc4cb76a7f0f27fc6803c1be1bf833c47f1175593c3ba0b4822b8db2dd8321581554e03c9eb82c71d4e4f15f52787ff631f0959e98b1ead7fa86a37cc3e79a2710a29ff65707f526b85fd883fe463f137fd7ac5ffa19afaf6803f3cbe3bfc241f08bc5d1d85bdcbde69d750f9f6d2ca0070324156c704823a8ea08af6cfd87f59965d37c53a53b130c32c1731ae7805c3ab7fe80b593fb714606ade137c7cc60b804fd193fc69ffb0e2e752f16b7a456c3f592803d1ff6a9f8a371e01f04c3a769b318355d60b42b2afde8a1503cc607b13b9547d491c8af8fbe1cfc3dd53e2778a6df45d2d4091c179677cec8631f79dbdb903dc903bd7af7edaf7323fc47d1edc93e547a5aba8ed9696404ff00e3a3f2aec7f61fd36dd748f13dfe01ba69e2809eea8149fd49fd07a50075ba0fec7fe04d36c122d412f356bac7cf7124ed10cffb2a98c0f639fad49e12fd95f42f04fc44b0f1269ba85cbda5a6f75b0b950f890a9008718e0649c104e40e6bdba8a00f17fdae60f37e0d5e3633e55dc0ff00f8f63fad7c93f03e1f3fe2ef8497ae35189bf26cff004afb1bf6a6844df03bc427ba1b761ff7fe31fd6be47fd9de2137c68f0b29ed725bf2463fd2803f40f5bd5edf40d1afb53bb6d96b6703dc4ac3b2aa963fa0afcd9f1f78db51f889e2cbed6f5072f35cbfeee3072b120fba8bec07e7c9ea6bee7fda4aee4b3f827e2892224318638cedf469514fe84d7c51f0674eb7d5be2af85ad6e943c0f7f11656e8d86c807d8918a00f7df849fb20d8dd68b6faa78ce4b8375708244d3207f2c44a790246ea5bd8631ef5d078eff639f0d6a5a54cfe18967d27534526249a532c121feeb6ecb0cfa83c7a1afa1a8a00fcb8d5ecaff45bd9f49bf59609ace6747b690f11c9c06e3a67e51cf7c0afae3f624d3043e09d7f50c73717e20cfb246a7ff6a1af1ffdadf4f82c7e325e3c0a15ae6d619a50bfdfdbb7f928af7afd8dd153e124a54f2da94c5bebb507f2028031bf6db507c0fa0b771a8903fefdb570dfb1181ff09af880f7fecf1ffa316bb9fdb6cffc50fa08ff00a881ff00d16d5c27ec487fe2bad787ae9d9ffc88b401f64d145140087a1afcc2f182ecf16eb4a3a0bd987fe3e6bf4f4f435f97de2893cdf136acff00debb94ff00e3e6803f433e098c7c24f0963fe81b0ffe822bb6ae1be07b6ff845e123ff0050f887e95dcd0015f2cfedc90466d3c23370250f7283d48c467fa7eb5f5357c65fb68f8b22d57c6da56870b871a55bb3cb8fe1925c1c7fdf2a87f1a00ccfd8da5923f8b532a676be9b32be3d37c67f9815eebfb54fc4d9fc07e058ec34f98c1aa6b2cd0248bc3470803cc607b1f9957fe0448e95e51fb12680f71e2bd7f5a2a7cab5b35b5048e0b48e1bf411feb55bf6dabb91fc7ba1db127ca8f4df31476cb4ae0ffe822803c6fe1d7c3fd4fe26f8a6db44d3140964cbcb3bfdc8631f79dbd8647d4903bd7d7da1fec7fe04d3b4f486fd2f355badbf3dc4970d1e4f72aa98007b1cfd4d719fb0f69d6ff61f14dfed06e8c9043b8f554c31e3ea7ff4115f525007c53f1f3f667ff8573a737883c3d3cf77a323017104f8696db2701b700372e78e99191d7a8f0492592eee1a495da59a46dccee72ccc4f249ee4d7e9c78cf4f8355f08eb56774035bcf67347206e9828457e67e911ac9ac59231c234e809f6dc2803f43fc55f0bad7c69f0bedfc237571259c2905bc626840250c7b71807fddc7e35f0f7c68f86d1fc2af1bcba1c37ad7f0f9293a4ae9b1b0d9e0807d41afd1a5fba3e95f0b7ed7cdbbe314e3fbb6500fd0d005ef835fb3243f157c1435d975e934d76b8785625b6120c2e39cee1dc9af73f82bfb388f83fe28bcd607880eaa27b46b5109b4f2b6e5d1b7677b67ee6318ef4efd91d36fc19b23fdeba9cff00e3f8af67a00f08fdad3e26cfe0bf065be8da74c61d43592f1b48a7e648140df83d8b6e0bf42d5f26fc31f86fa9fc52f1543a369b88f23cc9ee5c65208c1e58faf5000ee48fad7a97eda57724bf13f4e81891143a5c6554f4c9924c9fe43f0aefff00621d36dd3c37e24bf0a0dd49771c0cddc22a647eac7f2a00ea747fd907c0561a7ac37915eea7738f9ae65b96424f72153000f639fa9af10f8f9fb373fc30b55d7b41b89ef3430e16559b065b5627e5248032a4f19c0209039ce6bedeae6be2569f06abf0f7c496b72a1a1934f9c1dddbe4241fc0807f0a00fcd68966d4afd14b34b713c80167392ccc7a93f535fa8ba6d9a69da75adac7feae089625fa0000fe55f993e108d64f16e8a8e708d7b0827db78afd3e1d05002d14514005145140051451400514514015754d4a0d1f4cbbbfba7f2ed6d6179e57feea28249fc81afcdcf891e3cd43e2578c2fb5abe662667db0439c886207e441f41f9924f7afba7f684bb92cfe0cf8aa48890c6d7cb3b7d19d54fe84d7c43f0634cb7d63e2af85ad6e955e07bf89991ba36d3bb07eb8c5007be7c24fd906c6eb45b7d53c6725c1bab8412269903f962253c8123752dec318f7adff001e7ec73e1bd474a99fc3124fa4ea68a4c71cd2996190ff0075b765867d41e3d0d7d0f45007e5a6aba75de8fa8dce9f7d13c1776b23432c32754604823f3cd7d7bfb12478f03ebd27f7b500bf946bfe35e41fb5ce9b6fa7fc62ba92050ad75690cf285fefe0ae7f2515ec7fb13367c01adafa6a64ff00e424a005fdaffe284fe1af0fdaf85f4e98c577aaa33dd3af056dc1c6dff819c8fa291debc5ff00678f80ff00f0b66fee350d4e492dfc3f64e1243170f712633e5a9ec002093ee00eb90ffdae2ee5b8f8cd7b1c84ed82d608e3cf65d9bb8fc58d50f869fb487883e16f860e89a5e9da65c41e734fe65d47217cb6339dae3d05007d4da9fecbff000eb50d29aca3d0bec4db709756f3c9e6a1f5cb31cfe208af8bbe297c3cbcf85be34bbd0eea4f3847896dee1463cd88fdd6c763d411ea0d7a25ff00ed87e3fbd0443fd9963ef6f6a4ff00e86cd5e69e2af15f897e28eb6b7fab4b36ada82c6215314006d40490a15140eac7b77a00fb63f669f8893fc42f86b6f25f4a66d4f4e90d95c48c72d26d00a39f72a4027b906bc5ff006df503c4de1a6ee6d251ff008f8ff1aedff637f08eb5e1cf0e6bd73aad8cf6105ecf17d9e3b9428edb436e6da79c7cc003ec6b89fdb7cffc54be191ff4e92ffe862803a8fd8840ff00845fc487bfdb23ff00d02babfdaf20f3be0ddcb633e55e40ff00a91fd6b92fd880ff00c537e261ff004f717fe806bbefdaa6012fc0fd7dbbc6f6ec3feffc63fad007c7bf02e1f3fe2ff84d7d2fe36fc8e7fa57dd5f19095f84fe2fc7fd02ee07fe4335f11fece7109be34f8594f6b866fca363fd2bef4f1ae8ade24f076b9a4c78125f58cd6ca4f62e8547ea6803f363c29b7fe128d1f7fdcfb643bbe9bc57ea00e82bf2d5e3b9d1355292c6d05dda4d878e41828eadc823d88afd2bf00f8c6cbc7be11d375cb16062ba8833203931b8e190fb83914017bc4c8b2f8735547e11ad650df4d86bf2fe2731dc238eaac08fcebf46fe33f8c6d7c0ff000db5bd42e58077b77b7b78c9e6495d4aa81f9e4fb035f9e9e19d06efc53e21d3f49b18ccb77793ac31a8f527a9f61d49f41401fa6ba96ab6fa368d75a95d3f97696b035c4aff00dd455dc4fe42bf39fc67e2ad63e317c4092f1d5e7bcd4275b7b3b553c46a5b11c6bf9fe2493debedafda32ea4b0f825e2778890c608e238feeb488a7f426be0df0778a2e7c15e27d3b5cb48619ee6c6512c71dc02509f7c107f5a00fb33e1e7ec9fe11f0ee8f0ff6fda0d7b56750669257611237754504703d4e49f6e95e7bfb43feccfa57873c3d71e26f0a44f6915a7cd77a7972ebb3382e8492463392338c74c63079cb9fdb4fc6d30222d3745833d08825623f3931fa5723e29fda4bc7be2ed2eeb4dbbd4a28ac2ea368a682ded5177a1182b9209fc8d0059fd99fe22dc781be25585ab4ac34bd5e45b3b9889f97731c46ff0050c473e84d7d77f1f34f4d4fe0e78ae271b82d934c3ea8438fd56be1af87be04f11788bc53a42e9ba4de4bfe951b79e216f2e301812ccd8c003ad7df5f15e3127c2df172b74fec8baffd12d401f9aaa09200e49e38af77f0efec75e33d6b4b86f2eeeb4fd25a550eb6d70ee655cf4dc154807db35e47e06b75bbf1ae810380c92ea16e841e84191457e9c8e82803c87f676f833a8fc1fd375a8b54bab4bab8be9a3656b4662a1101c67728e72c6be68fda63e285c78fbc7f75610cc7fb1b4891adade31d1dc712487d4920807d00f535f76ea73b5b69d75320cbc7133a8f520135f96d2cad24ef23b177662cc5ba939a00fad3e06fecafa44de1eb4d73c616ef7d7579189a1d3cbb2470a11952fb482588c1c670338c135d07c54fd943c37ad6837171e16b31a3eb30a178a38e4630ce40fb8c189da4f6231ef9af283fb6978c96148e2d27438f6a85cf9329fcbf79587a9fed65f1175056115fdad806e3fd1ad10e3fefb0d401e7be04f18ea1f0ebc5f63acd93347716928f322270244ce1e36f62323f5ea2bf47cf892c53c3075f6971a68b4fb7197fe996cdf9fcabf34ecf41d6fc4d74d25a69b7ba8cf33924dbc0ce5989f61eb5f6af8f2cf50f0a7ecab358dd8315fdb68f6f6b32039db9d88cb9f6048a00f8efe22f8eb50f893e2fbdd6af998bcefb61873911460fc883e83f3393debe8af84dfb20585c68b6fa9f8ce4b86bbb85122e9b03f96225238123752dec318e9cd7827c14d32df57f8b1e16b5ba50d035f46ecadd1b69dc01fa90057e905007cefe3dfd8e7c39a8693349e17927d2b53452638a694cb0ca7fbadbb2cb9f5078f435f1e6a9a7dde91a85c585f44f05ddac8d0cb0c9d5181208fcf35fa975f07fed6da6dbe9ff00192f5e050a6eada19e50bfdfdbb4fe8a0d007b27ec4b1e3c07aec9fded4b6fe5127f8d7d195f3bfec4e7fe2ddeb43d35463ff90a3afa22800a28a2803f357c53ff002336adff005f72ff00e866b2ebd47c43f027c7977af6a53c3e1bba78a4b991d18326082c483f7ab3ff00e140fc40ff00a162effefa4ffe2abf932b655983a926b0f3ddfd997f91fd8b4337cb9528a78986cbedc7b7a9e7d457a0ff00c281f881ff0042c5dffdf49ffc551ff0a07e207fd0b177ff007d27ff0015597f64e61ff40f3ffc065fe46ffdb196ff00d04c3ff038ff0099e7d457a0ff00c281f881ff0042c5dffdf49ffc551ff0a07e207fd0b177ff007d27ff001547f64e61ff0040f3ff00c065fe41fdb196ff00d04c3ff038ff0099e7d457a0ff00c281f881ff0042c5dffdf49ffc551ff0a07e207fd0b177ff007d27ff001547f64e61ff0040f3ff00c065fe41fdb196ff00d04c3ff038ff0099e7d457a0ff00c281f881ff0042c5dffdf49ffc551ff0a07e207fd0b177ff007d27ff001547f64e61ff0040f3ff00c065fe41fdb196ff00d04c3ff038ff0099e7d457a0ff00c281f881ff0042c5dffdf49ffc551ff0a07e207fd0b177ff007d27ff001547f64e61ff0040f3ff00c065fe41fdb196ff00d04c3ff038ff0099e7d457a0ff00c281f881ff0042c5dffdf49ffc551ff0a07e207fd0b177ff007d27ff001547f64e61ff0040f3ff00c065fe41fdb196ff00d04c3ff038ff0099e7d457a0ff00c281f881ff0042c5dffdf49ffc551ff0a07e207fd0b177ff007d27ff001547f64e61ff0040f3ff00c065fe41fdb196ff00d04c3ff038ff0099e7d457a0ff00c281f881ff0042c5dffdf49ffc551ff0a07e207fd0b177ff007d27ff001547f64e61ff0040f3ff00c065fe41fdb196ff00d04c3ff038ff0099e7d457a0ff00c281f881ff0042c5dffdf49ffc551ff0a07e207fd0b177ff007d27ff001547f64e61ff0040f3ff00c065fe41fdb196ff00d04c3ff038ff0099e7d457a0ff00c281f881ff0042c5dffdf49ffc551ff0a07e207fd0b177ff007d27ff001547f64e61ff0040f3ff00c065fe41fdb196ff00d04c3ff038ff0099e7d457a0ff00c281f881ff0042c5dffdf49ffc551ff0a07e207fd0b177ff007d27ff001547f64e61ff0040f3ff00c065fe41fdb196ff00d04c3ff038ff0099e7d457a0ff00c281f881ff0042c5dffdf49ffc551ff0a07e207fd0b177ff007d27ff001547f64e61ff0040f3ff00c065fe41fdb196ff00d04c3ff038ff0099e7d457a0ff00c281f881ff0042c5dffdf49ffc551ff0a07e207fd0b177ff007d27ff001547f64e61ff0040f3ff00c065fe41fdb196ff00d04c3ff038ff0099e7d457a0ff00c281f881ff0042c5dffdf49ffc551ff0a07e207fd0b177ff007d27ff001547f64e61ff0040f3ff00c065fe41fdb196ff00d04c3ff038ff0099e7d457a0ff00c281f881ff0042c5dffdf49ffc551ff0a07e207fd0b177ff007d27ff001547f64e61ff0040f3ff00c065fe41fdb196ff00d04c3ff038ff0099e7d457a0ff00c281f881ff0042c5dffdf49ffc551ff0a07e207fd0b177ff007d27ff001547f64e61ff0040f3ff00c065fe41fdb196ff00d04c3ff038ff0099e7d457a0ff00c281f881ff0042c5dffdf49ffc551ff0a07e207fd0b177ff007d27ff001547f64e61ff0040f3ff00c065fe41fdb196ff00d04c3ff038ff0099e7d457a0ff00c281f881ff0042c5dffdf49ffc551ff0a07e207fd0b177ff007d27ff001547f64e61ff0040f3ff00c065fe41fdb196ff00d04c3ff038ff0099e7d457a0ff00c281f881ff0042c5dffdf49ffc551ff0a07e207fd0b177ff007d27ff001547f64e61ff0040f3ff00c065fe41fdb196ff00d04c3ff038ff0099e7d457a0ff00c281f881ff0042c5dffdf49ffc551ff0a07e207fd0b177ff007d27ff001547f64e61ff0040f3ff00c065fe41fdb196ff00d04c3ff038ff0099e7d457a0ff00c281f881ff0042c5dffdf49ffc551ff0a07e207fd0b177ff007d27ff001547f64e61ff0040f3ff00c065fe41fdb196ff00d04c3ff038ff0099e7d457a0ff00c281f881ff0042c5dffdf49ffc551ff0a07e207fd0b177ff007d27ff001547f64e61ff0040f3ff00c065fe41fdb196ff00d04c3ff038ff0099e7d457a0ff00c281f881ff0042c5dffdf49ffc551ff0a07e207fd0b177ff007d27ff001547f64e61ff0040f3ff00c065fe41fdb196ff00d04c3ff038ff0099e7d457a0ff00c281f881ff0042c5dffdf49ffc551ff0a07e207fd0b177ff007d27ff001547f64e61ff0040f3ff00c065fe41fdb196ff00d04c3ff038ff0099e7d457a0ff00c281f881ff0042c5dffdf49ffc551ff0a07e207fd0b177ff007d27ff001547f64e61ff0040f3ff00c065fe41fdb196ff00d04c3ff038ff0099e7d457a0ff00c281f881ff0042c5dffdf49ffc551ff0a07e207fd0b177ff007d27ff001547f64e61ff0040f3ff00c065fe41fdb196ff00d04c3ff038ff0099e7d457a0ff00c281f881ff0042c5dffdf49ffc551ff0a07e207fd0b177ff007d27ff001547f64e61ff0040f3ff00c065fe41fdb196ff00d04c3ff038ff0099e7d457a0ff00c281f881ff0042c5dffdf49ffc551ff0a07e207fd0b177ff007d27ff001547f64e61ff0040f3ff00c065fe41fdb196ff00d04c3ff038ff0099e7d457a0ff00c281f881ff0042c5dffdf49ffc551ff0a07e207fd0b177ff007d27ff001547f64e61ff0040f3ff00c065fe41fdb196ff00d04c3ff038ff0099e7d457a0ff00c281f881ff0042c5dffdf49ffc551ff0a07e207fd0b177ff007d27ff001547f64e61ff0040f3ff00c065fe41fdb196ff00d04c3ff038ff0099e7d457a0ff00c281f881ff0042c5dffdf49ffc551ff0a07e207fd0b177ff007d27ff001547f64e61ff0040f3ff00c065fe41fdb196ff00d04c3ff038ff0099e7d457a0ff00c281f881ff0042c5dffdf49ffc551ff0a07e207fd0b177ff007d27ff001547f64e61ff0040f3ff00c065fe41fdb196ff00d04c3ff038ff0099e7d457a0ff00c281f881ff0042c5dffdf49ffc551ff0a07e207fd0b177ff007d27ff001547f64e61ff0040f3ff00c065fe41fdb196ff00d04c3ff038ff0099e7d457a0ff00c281f881ff0042c5dffdf49ffc551ff0a07e207fd0b177ff007d27ff001547f64e61ff0040f3ff00c065fe41fdb196ff00d04c3ff038ff0099e7d457a0ff00c281f881ff0042c5dffdf49ffc551ff0a07e207fd0b177ff007d27ff001547f64e61ff0040f3ff00c065fe41fdb196ff00d04c3ff038ff0099e7d457a0ff00c281f881ff0042c5dffdf49ffc551ff0a07e207fd0b177ff007d27ff001547f64e61ff0040f3ff00c065fe41fdb196ff00d04c3ff038ff0099e7d52dadb4979731410a192695c2222f56627005779ff0a07e207fd0b177ff007d27ff00155ddfc12f80be26b4f891a55f78834696c74eb163745e52a433a8f900c13ceec1fc0d7561723c7e27110a2e8ce2a4d2bb8b495defb7438f199fe5d86c3d4aeabc24e29bb2926dd96cb5ea7d49e05f0cc7e0df07e91a2c4062cedd63623a33e32edf8b127f1adea28afea9a54e3469c6941594524bd11fc8956acebd4955a8ef2936dfabd58514515a99057e797ed1b279bf1abc507d2745fca341fd2bf436be02f8e1e0ef10ea9f16fc51716ba1ea5730b5d92b2456923295c0c1040e9401ee1fb123e7c0daf2fa6a20fe71aff857d1b5f3bfec65a4dfe93e15f10477d657166cd7aa556e226427e419c6457d1140051451401f2afedccdf2f8317def0ffe89acefd87db1aff8a17d6da13ff8f356e7eda5a06abadcbe123a7e9d777e912dd0736d0b49b09f2b19da0e3383f91acffd8cfc3dab68be23f113ea1a65e58c6f6b1856b981a30c779e01205007b77c7f6dbf06fc547fe9cc8ffc7857c2df093fe4a9f83ffec2f69ffa396beecf8f3693df7c21f13c16b0c9713bdae162894b337ccbd00af8a7e15784f5bb7f89fe12925d1efe28d355b57777b67014095492491c0005007e8a579bfed16c17e0b78a49ff009f751ff9116bd22bce3f688b4b9bef835e2582d2096e6e1e28c2c50a1663fbd4ce00e7a64d007c4df04cedf8b7e12ffb09423ff1e15f74fc6af08cbe38f85fafe916e9e65d49079b020ead22307551f52b8fc6be28f83fe15d6ed7e29f85259b48be8a34d4a06677b6701407192491c57e875007e5ff0085fc4175e0ff0012e9dac5a71756170b32ab74254f2a7d8f20fd6bf457e1dfc4ad13e266830ea5a4dd23b151e7dab30f36ddbbabaff5e87b57807ed0bfb31de5fea775e26f085bfda1a7265bcd2d301b7f52f10ef9ea57ae7a67381f31bc7aa786b516465bbd2efa2e194868a44faf422803f497c6fe3cd17e1ee8736a9acde25bc280ec8f23cc99bb222ff113ff00d73815f9d1e3bf16dcf8ebc5faaebd74364b7d31902673b17a2ae7be1401f85747e09f857e34f8bda944d6f6f753db9387d4efd9bc945cf3f3b7defa2e4d68fc6df82f2fc2df1169ba658b5d6a915cd92ccd71e57de977307000e80614e39ebd6803e95fd8fae7cff83f1a67fd4df4c9ff00a0b7fecd5c0fedccdfbcf060f6bc3ffa26bb6fd8eac6fb4ef865a8417d693da37f6a48f189e328594c517233d4641e6b93fdb5344d4b57b8f091b1b0b9bc58d2e839b7859c29262c67038e94018bfb107fc8c7e26ffaf58bff004335f5ed7c9ffb17687a8e95e20f12bded85cda235b44aad3c2c809dc781915f585007c97fb7191fda3e121dc45727f58e97f61c3ff130f170f58ad8feb2558fdb4744d4f56d63c30d63a7dd5e471c13066b7859c292cbc1c0e297f62cd1b51d2b54f149bdb0b9b4578600ad3c2c80905f819140163f6d7f05cd7367a278a2de32f1db6eb2ba23f8558ee8cfd33bc7d5857967ecd7f17e0f85be2b9e1d4d8ae89aa2ac7712019f25d49d9263b81b981c7639ed8afb9b5dd12cbc49a45de97a8dbadd58dd46629627e8c0ff0023dc1ec6be1ff8b7fb32f88bc077d3dce916b3ebba096cc735ba6f9a21e9220e78fef018fa74a00fb9b4fd4ad356b38aeecae61bbb5957747342e1d1c7a8238354dfc55a3a6bd1688752b6fed6951a45b312032951c93b7b7e3fd2bf33ad357d574812436d79776409c3c714ac993ee01af5cfd9bbc19e2c97e29689af45a45e9d3e195cdc5ecc8523d8c8cadf336371f9ba0c9a00fa53f6a46dbf033c49eff661ff009311d7c8dfb3ab6df8d3e163ff004f0c3ff21b57d79fb4d69d79aafc19d72dac6d66bcb8668088a042ee409909c01c9c62be56f80fe10d7ac3e2ef866e2e344d46de08ee72f2cb6aeaaa36b7249181401f6a7c4ff0b378d7e1f6bda2c6019aeed5d61c9c0f307cc99f6dc057e71697a85e785b5fb5bd87305fe9f70b2a07182922364023ea3a57ea2d7cc9fb457ecd173e23d42e3c51e138564be98efbdd3810be6b77923edb8f75efd473c100f67f85ff0015745f8a5e1f86fb4eb88d2ec20fb558b38f3607ee08ea467a3743f98ad9f16f8cb47f03e8b36a9acdec5676b10272edf339feea8eacc7d057e6adcd9eabe18d48c73c379a55fc5fc322b4322fe7822ba9f087c39f1a7c5cd4a25b3b7bcbe8c9dada85e3379310ef991bf90c9f6a00cdf89be389be2378df54d7e64310ba93f751139f2e3501517eb8033ef9afabbf62cb8f37e17ea5113cc7aac98fa18a23fe35e03f1bbe06cbf0a6f742b6b496e355fb65a9696611706656f98281d060a70493d6bddbf630b0bfd37c1faf4579677168ad7aaf1f9f114dd9400e3239e82802bfedb87fe28af0f8ff00a8837fe8b6ae0bf6266c7c41d6d7d74c27ff0022c75e8ffb666917fabf847414b1b2b8bd64be62cb6f13395fdd9eb815c2fec6fe1fd5749f883abcb7ba6ddd9c2da632892781914b79b1f1923af07f2a00fb028a28a0046fba7e95f96babc9e6eab78ffde99cff00e3c6bf525fee37d2bf331fc09e279e790af87755662c720594879cff00bb401f76fecfbab59defc23f0cc505dc334b0da2a491a480b21048208ec6bd0e6ba86dd0b4b3246a3bbb002bf34ffe15c78bd06eff0084635a51ebf6097ff89a824f03789a3fbfa06aabfef59c83fa5007db3f16bf691f0dfc3ed327874ebcb7d6b5e65c436b6efbd10ff7a465e001fddce4fb751f0d5f5eea5e2ed7e5b99da5bfd53509f71206e792463d001ee7000ae9fc39f04bc73e29b848ecbc357e8ac71e75d44608c7bee7c0fcabeadf81bfb34d8fc349a3d6758963d53c4207eeca0fdcdae7aeccf25bfda38f603a900ebfe067c351f0bbe1fd9e9936d6d46626e6f5d7a79ac07ca0f70a005fc33debc73f6d9f07cd3dae85e268632d141bacae587f0863ba33f4cef19f71eb5f52566f893c3b61e2cd0ef748d4e01736377198e58cfa7a83d883820f6205007c37fb357c5cb7f85de2f9e2d4d8a68baa2ac5712019f25d49d9263b819607d9b3db15f7758ea16ba9da4575677115d5b4abba39a170e8e3d411c1af82be2c7ece9e25f873a84f2dada4fac6845898af6da32ec8be92a8e548f5e87d7b0f37d3b56d5ac41b7b0bcbcb7121c7956f2baee27d81e6803ed4fda5fe34e9de0ef09dff0087ec2ea39fc41a8c4d6e6289831b68d8619df1d0904803af39ed5f0f41218a68dd7ef2b061f9d7b87c26fd96f5ff001d5c2dff0088d2e342d1f3b8f9ab8b99ff00dd56fba3fda61f406bc9effc1dab58eb77ba7269f753cd6b70f037970b372ac41e83da803f4dade513411c8bf75d430fc457c29fb5c36ef8cf7c3d2d601ff8e57dbbe1b323787b4b33234729b58b7a38c153b06411eb5f307ed6df0875bd53c490f8af47b19b51b592dd61ba8edd0bc9132e70c5473b4ae391d3073d45007a17ec81a84375f082381245696d6f6649141e54921867f0615edd919eb5f993a25c789f419e51a44baae9f34836c82c9a48d987a1db8cd7bafecbde11f17ddfc4c875ed6acf541616f6d2e2ef500e03330da0297fbdd4f4f4a00d3fdb6bc1f31bad0bc4f121683cb3a7cec3f84825e3fcf327e55c17ecc5f182d7e1a789ee6c75693cad175508b24c7a4122e76b9ff67920fe07b57dabe2cf0b69fe34f0f5ee8baa43e7d95dc651c775f4653d883820fa8af84be29fecf7e27f86d7f33a59cdab68bb898b50b58cb00bff004d00e50fd78f426803efdb4bdb7bfb68ae6da78ee2de550c92c4e19581e8411c115e13fb50fc69d3fc35e14bef0be9b751dceb9a8c660992260df6684f0fbf1d19870075e73e99f8e74dd5b58b6516961797b1094e0416f2b8dc4ffb20f26bd9be13feca9aef8d1bfb43c4a27d034bc656391717331f653f707bb0cfa0ee003c4f46b8fb26b1633f4f2a747fc981afd4807e507dabf309bc29ac26a33d9a6997734f04ad13ac50b310c0e08e07a8afd31589eff4611b968649a0dac7a3292bfcc66803c13c55fb65e83a1788e6d3ec347b8d5ed2090c725ea4eb1ab10704a2e0ee1e84919af6df06f8bf4df1df872cf5bd26633595d2e5770c3290705587620e41afce6f16f80f5bf0778967d1350b0992f5242b1858c9130cf0c9c7cc0f6c57dc1fb35782752f02fc2db4b4d5a3682f6e667bb6b77fbd086c00a476385048ec4d0055f8c5fb47e8ff0009b518b4bfb149ac6acc8257b78a411ac4a7a6e6c1c13d718e9cf1919d9f83ff001b347f8c16172d6514963a85ae3cfb299816507a3291f7978eb8183d474cfcc7fb5a780f56d2be255ef881ade59b49d4d6268ee554b2a3ac6a86363d8fcb91ec7d8d767fb19780757b0d5755f135e5bcb69a74b6bf64b7f354af9e4bab16507a81b319ff006bd8d007befc51f8a3a4fc28f0eff6aea9be5691fcab7b5871be67c67033d00c727b7d700f9ffc2dfdaaf45f889e238b44bad365d12f2e4edb667984b1cadfdd2d81b58f6e39e99ce3399fb62f81356f14785f48d534c824bb4d2a494dc41082cc11c2fcf81d42ece7d3767a66be79f805e00d63c5ff00123439eceda65b2d3ef22bbb9bbda4246a8c1b1bbfbc76e00f7f406803f42a8a28a00e73e22f868f8c7c0baee8ab8f36f2d248e224e009319427db7015f9bfa5ea17be11f11dadec40c1a869d72b2aab8e56446ce08fa8e457ea1d7ccdfb45fecd373e25d427f14784e1592fe5f9af74e042f9a7fe7a47db71ee3bf51cf500f69f865f13f47f8a1e1d8752d367413ed02e6cd987996efdd587a67a1e86b73c49e27d2fc23a3dc6a9abde45636502e5a495b19f603b93d80e4d7e69490eb5e10d50aba5f68da8c7c1043c12aff222b7f42f0d78dbe2e6a515bdb26a7aec81b6f9f7323bc717a9676385fce8021f8ade3b93e2478f354d7990c515c3858226ea91280a80fbe064fb935f4cfec48e0f8275f4ee35007f38d7fc2bc5be2efc00d43e1b2787eded23bad66f2eedddeee4b6859e359030f9570338008ebc9ebc741ecffb1769ba8697a2f89e1beb2b9b3cdc42c9f68899377cac0e3239e83f3a00e1bf6d1f094d61e34d33c409193697f6c2077ec258c9e3db2a571f4350fecb5a9f80efdae340f15691a5cdaac937996577a8428e25040062cb70082323d7711dabeacf883e02d2fe24785eeb44d563dd0ca37472a8f9e1907dd753ea3f5048e86be19f88dfb3ef8bfe1ddecbbf4e9b54d3031f2f50b18cba15f5603250fd78f426803eedb3f02786b4fc7d97c3fa55be3a793671ae3f25acef1b7c43f0c7c2ed25ae756bb82cc0198ed2100cd29f4441c9faf41dc8afcfeb6f893e31d3ed059dbf89b59b7b641b4431df4aaaa3d000dc55df0afc34f197c50d495ac34ebcbf329cbdfdcee110f7691b8fc324fa0a00fd00f0078dec3e227852c75dd372b6f72a731391ba27070c8d8ee08fe47bd7cc1fb6f1ff008aabc363fe9ce4ff00d0ebe81f829f0a93e1278406966f5efaea793ed17326711890a80422f60001cf53d7d87867ed9ba0ea7ab78a3c3f258e9d75791ad9bab3dbc2ce01dfd09028035ff61e6ff89178a47a5cc27ff1d6af44fda9df6fc0df108fef35b0ff00c988eb84fd8bb47d4348d27c502fec6e6cb7cd014fb444d1eec2be7191cf6aefbf69dd3af355f835acdb58dacd7970cf01114085dc8132127039a00f923f6716dbf1afc2e7fe9bb8ff00c84f5fa195f02fc03f08ebda7fc5ff000cdc5ce8ba8dbc11dc12f2cb6aeaaa36372491815f7d5007c99fb5c7c1afb34ede37d220fdd4842ea7120fbadd166c7a1e037be0f735c67ecc9f1a93e1cebcfa3eaf3f97e1ed45c16918fcb6d3740ffee9e037e07b57dbf7d636fa9d94f69750a5c5b4e86396290655d48c1047a115f047c6cf813aafc39f14ccba7595cdf685724c9693c51b49b0778dc81c11ea7a8c1f50002f7ed31f1897e2578a92c34c9bccd034c256165e93ca78693dc761ed93fc55eb1fb22fc1ff00ec9d3cf8d75583177768534e8dc731c47ef49f56e83fd9cff7abc97e02fc06d47e20f8a629f57b19ed3c3f64c24b96990c7e79ea225cf5cf723a0f722beef8618eda148a2458e28d42a220c0503a003b0a00e6be287861fc67f0f75fd1a21ba7bab475846719900dc9ff008f015f9cfa05e43e1ff13595c6a560b7b6f6b72a6e6ca75e2450df32107a71915fa815f337ed05fb30cfe25d46e3c4be118e337d31df77a692104adde442780c7b83d7ae73c100f54f02f86be1a78af44b7d57c3fa0685716d20077259446443dd5f232ac3d0d767168fa468d134b1595958c7182c5d2248c281df38e2bf3771e2af873a9380755f0e5f7dd3b4c96ce40fa63229d79e26f16f8da54b3b9d4f58d72473f2dbc93cb3927d9726803eead27e3e784b5cf8851784b4ebcfb65d488e45dc5830348bcf96adfc471b8e471c63249addf8b076fc2df181ff00a83ddffe896af9afe01fecc9ae36bda7f893c4ab2e8b6d672a5cdbda676dc4aea72bb87f02e4720fcc7a6075afa57e2adbcd77f0cbc5705bc4f3cf269572891c6a599898980000ea6803f3cbe1fbf97e3bf0e3ff007751b73ff9116bf4d874afcd8f09784b5e83c57a33b68ba82edbd85b9b571d1c7b57e938e828011d0488cac32ac3041afcccf1ff008567f04f8d357d16e1191acee191377f126728df8a907f1afd35af1af8ff00fb3fc1f15ad5352d35e3b3f11db26d577184b94ec8e7b11d9bdf078e80153e0841f0cfe22785ad2e6cfc37a1aeaf0c6ab7b69259c6d2c720182c37027693c83ef8eb915eb769e16d174fc7d9b48b1b6c74f2ad9171f90afce7d73c1de2df869aa6ebeb0d4345ba85be4b940cab9f5491783f5069b7bf10fc61ae442d2ebc47acdf46ff002f9125e4ae1bdb6e79a00fb93c5ffb407837c17afd868d35fa5d5e5c4eb0ca2d4864b404e3748dd063d3afb574df11fc327c67e02d77468f065bcb49122c9c0f33194cfb6e02be30f857fb33f8a3c7b7d0cfa95acda0e8818192e6e90a4aebe91a1e493ea463ebd2beebd32c23d2b4eb5b2899de2b689614691b7310a001927a9e3ad007e62e91a9def847c47697f08306a1a75cacaaae3eeba367047d4608afd14f869f13746f89fe1d8352d32e13ceda05cd9b30f32ddfbab0f4f43d0d78a7ed15fb34dcf88f50b8f14784e1592fa6f9ef74e042f9adde48fb6e3dc77ea39ebf2c3c5ad7843542ac97da36a31f0410f04abfc88a00fd2cf12f8a34bf07e8f71aa6af791595940b9692438cfb01d493d80e4d7e757c53f1d49f11fc77aaebce8628ee2402189baa44a02a03ef8033ee4d58d0bc31e36f8b9a94505b47a96b9203b7ed17323bc717aee918e17f3aea7e2efc01d43e1bff00605b59c775acdd5ddb3497525b42ce8b286e554019c00475e4f5e338001ed9fb12b83e05d7533c8d4738fac6bfe15e9bf17be33691f0834ab7b8bf8e4bcbdba245b59424067c6373127eea8c8e79ebd2bcc3f62ed3aff4bd07c4b0df595c59e6e6264fb444c9bbe5607191cf41595fb67f81356d51f47f11d95bc97763690b5bdc8894b187e6dc1c81d8e4827b607ad007a17c20fda5b46f8abab3692f63268daa9432450cb289126039215b039039c11d01f4a2be70fd99be1beb1e2af1f5aea71433dae95649234b7bb4aae591942a9eed96e9e80d1401f78d15cc4aede6bf27ef1ef4cdedfde3f9d717d67c8ef5857dceaa8ae577b7f78fe746f6fef1fce8facf907d51ff0031d5515caef6fef1fce8dedfde3f9d1f59f20faa3fe63aaa2b95dedfde3f9d1bdbfbc7f3a3eb3e41f547fcc7554572bbdbfbc7f3a37b7f78fe747d67c83ea8ff0098eaa8ae577b7f78fe746f6fef1fce8facf907d51ff31d5515caef6fef1fce8dedfde3f9d1f59f20faa3fe63aaa2b95dedfde3f9d1bdbfbc7f3a3eb3e41f547fcc7554572bbdbfbc7f3a37b7f78fe747d67c83ea8ff98eaa8ae577b7f78fe746f6fef1fce8facf907d51ff0031d5515caef6fef1fce8dedfde3f9d1f59f20faa3fe63aaa2b95dedfde3f9d1bdbfbc7f3a3eb3e41f547fcc7554572bbdbfbc7f3a37b7f78fe747d67c83ea8ff0098eaa8ae577b7f78fe746f6fef1fce8facf907d51ff31d5515caef6fef1fce8dedfde3f9d1f59f20faa3fe63aaa2b95dedfde3f9d1bdbfbc7f3a3eb3e41f547fcc7554572bbdbfbc7f3a37b7f78fe747d67c83ea8ff98eaa8ae577b7f78fe746f6fef1fce8facf907d51ff0031d5515caef6fef1fce8dedfde3f9d1f59f20faa3fe63aaa2b95dedfde3f9d1bdbfbc7f3a3eb3e41f547fcc7554572bbdbfbc7f3a37b7f78fe747d67c83ea8ff0098eaa8ae577b7f78fe746f6fef1fce8facf907d51ff31d5515caef6fef1fce8dedfde3f9d1f59f20faa3fe63aaa2b95dedfde3f9d1bdbfbc7f3a3eb3e41f547fcc7554572bbdbfbc7f3a37b7f78fe747d67c83ea8ff98eaa8ae577b7f78fe746f6fef1fce8facf907d51ff0031d5515caef6fef1fce8dedfde3f9d1f59f20faa3fe63aaa2b95dedfde3f9d1bdbfbc7f3a3eb3e41f547fcc7554572bbdbfbc7f3a37b7f78fe747d67c83ea8ff0098eaa8ae577b7f78fe746f6fef1fce8facf907d51ff31d5515caef6fef1fce8dedfde3f9d1f59f20faa3fe63aaa2b95dedfde3f9d1bdbfbc7f3a3eb3e41f547fcc7554572bbdbfbc7f3a37b7f78fe747d67c83ea8ff98eaa8ae577b7f78fe746f6fef1fce8facf907d51ff0031d5515caef6fef1fce8dedfde3f9d1f59f20faa3fe63aaa2b95dedfde3f9d1bdbfbc7f3a3eb3e41f547fcc7554572bbdbfbc7f3a37b7f78fe747d67c83ea8ff0098eaa8ae577b7f78fe75674fb830ddc6493b49da79f5a6b109bb5852c2b49bb9d0d14515d870851451400544d730ab1569630c3a82c322a5ae1b5a18d52e7fdfa00eda29a398131bab81c12a734fac1f097fc7b4ff00ef8fe55bd40051451400c9268e1c798ea99e9b8e29239e2949f2e447c75da41ae7fc5ff7ad7e8dfd299e12ff008f8b8ff707f3a00e95d9514b310aa3a9278a892f2d9d82acd1331e000c326a0d6ffe41573feeff005ae434cff908daff00d755fe7401ded35dd6352cec1547524e053ab3f5eff904dc7d07f31401652f2d9d82acd1331e8030c9a9eb83d2ff00e4256dff005d17f9d779d2800e959b7975a5c8c16e5ade52a7203a86c1ac3d6f5b7bc91a1858adba9c71fc7ffd6acfb5b0b8bd27c9899c0ea474fce803b8b7b88674cc2e8ea3fb87a513dd4103012ca91b1e46f205718f6d7ba4c8b2947848e8c3a53350d424d4a559240032a85e3a50077314b1ccbba37575f55391492cf1438f36444cf4dc40cd64f85171a7c87d643fc8555f177deb5fa37f4a00df8a78a6cf95223e3aed607152d731e11ff5f71fee8fe75d3d00472cf1438f36444cf4dc40cd114f14d9f2a447c75da41c573be2e1fbeb63fec9a5f08ffacb9fa2ff005a00e969aeeb1a96760aa3a92702a2bcbb8ecadde690fcabdbd4fa5717a86a536a329691b0bfc283a0a00e9e5bad21e7591cdbbcabd1ca8247e38ad08678a75cc522b8f5539ae2a1d1ef2e103a5bb153d09e33f9d58d1ed278358811d1e2209273c6462803af7758d4b3b0551d4938151a5d4123055963663d00619aa5e22ff9044df55fe62b9ad13fe42b6dfef5007714515ca6bbadbdc4ad040c5615e0b29fbc7fc28036af6eb4c93e4b96825c1fbae0360d5ab6b88274fdc3a328ec87a7e15c3db594f78488626931d48e83f1a9a4b2bdd2d96528f091d1d7a7e62803b39ee60b72be74891e7a6f20669d14d1ccb989d5c7aa106b88d4352975268da503722ede3bfbd6ef84971693b7abe3f4a00db9658e100c8ea80f7638a6c5710cc488e44723921581ac6f16ff00c7ac1fef9fe554bc27ff001ff2ff00d73fea2803aba28a2800a805e5b938f3a3ff00be854c7a1af3b618623de803d03ed307fcf58ffefa14d3796e3acf10ff00818ae221b0b9b85dd1c123afa85e29e74abc5eb6d2ff00df26803b88e5494651d5c7fb2734faf3dfdedac9fc71483ea08ae8346f11348eb05d1c93c2c9fd0d0074545155efaf12c2d9e67e83a0f53e94012cb2a4285a46545f5638159e977a48b9322b5b89cf064da01fcf15cadedfcda84a5e5627d14741f4a921d1af6740e96edb4f42703f9d00770ac1d4152181e84557fb7da872a6788303820b0ce6b92b5bebbd1662855947f144fd0d5166323963c96393401e860e471d291dd6352ccc1547524e053605db046be8a07e95cc78a6e9def441922345071ea4f7a00e846a3664e3ed10e7fdf153c72a4ab98dd5c7aa9cd70f67a65cdfab3431ee55e0924015aba169d7763a8832c4c8854827391401d35325963853748ea8beac702a1d42f934fb5699f9c70abea7d2b8abcbe9afe6324ac58f65ec3e9401d5c577a4adc9910dbaccdd640a013f8e2b495830041041e845711168b7b32075b76da7d703f9d3ed350bbd1a5319040ef14838a00eb05fda6e2be7c5b81c11b866acd79d64b364f249af42c148b0392178a008a6bcb5865092cb1ac9e8c46454e3915e7b2bb492333925c92493eb5d7786e4924d2d37e480c4293e94017ee2e21b74ccce88a78f9cf5a7c52c732078d95d0f42a722b90f123bb6ab207ced50028f6c55bf094927da26419f2b6e4fd73c7f5a00e95dd6342ce42a8e493d05456d756f71910488f8ea14d63f8b6491608146446cc777d7b7f5ac4d264923d4adcc79dc5c0e3b8ef401dd51451400514572baf6b6f3cad6f039585786653f78ff0085006d5edd69b27eeee9a0940fe1701b153da5cdacaa16d9e3207f0a6063f0ae2ad6c2e2f49f26267c753d07e752cfa65ee9d895e368c0fe3539c7e5401dacb3c50902491109e9b8819a229a2981f2dd5c0ebb4838ae22ff005297501179b82d1ae370efef5b7e115fdcdc1ff680fd2803a0a64b2a42bba47545f5638155755d4574db63211b9cf08bea6b8e9ee2e3519f2e5a5918f0a3fa0a00ea25b9d1e4984920b67947472809fcf15a16f7305c2fee64471fec9ae497c397ec9bbca03d8b0cd5696daeb4d9033a3c2c3a30ff001a00ef2a39678a123cc91133d37102a96877b2dfd909265c303b777f7bdeb23c5bff001f307fb87f9d0074914d1cc098dd5c0ebb4e69ceeb1a96760aa3a92702b03c23feaee7eabfd6af788ffe4132fd57f98a00bc975048c15658d98f401866a5ae1f44ff0090adb7fbdfd2bb8a002a39a78a000cb22460f4de40a2e2e12d6179643b514649ae1f51bf9351b9695f81d157d050077114d1cca4c4eae077420d495c2e97a8be9b742419287875f515dbc52acf12c8877230c83400fa28ae535cd75e795a081ca42a70597ab7ff005a8037aeeeec4031dc490b0ee8f83fa5476775a5c4365b35bc20ff000a284ae56d34ababe1ba28895fef1e054d3e837d029630ee03fb841a00ed01c8c8e450c428249000ea4d723a1ea3736f791db8cc91bb6d31b76f71e95d2ea7ff0020ebaffae6dfca801c2f6d89004f1127b071562bcfad866e621fed8fe75e83400514560f8835b6b6636d01c498f9dc7f0fb0f7a00d6b9bab684113c91ae7f8588fe554adee7478642d0fd9a273d59502e7f1c572d6f6971a8487ca4695ba96ff001356dfc3b7c8b9f2837b2b0cd007628eb2286460ca7a107229d5c2da5e5d6957185dc873f346c383f857711b168d59976b10095f4a007567dedd69927c974d04b8fe1701b1589aeeb6f712b5bc0c56153862a7ef1ff0accb5d3ee2f89f26267c753d07e7401dada5cdacca16dde3200fba98e3f0a9659e28481248884f4dc40cd7153e9b7ba762578da3c7f1a9ce3f114dbfd4a5d404465c6e45db91dfde803b78a68a604c6eae075da41c52cb2a43197919510752c78ac3f08afee2e0fab01fa543e2d91fcd8139f2f04fd4d006fdb5c4170b981d1d47f70f4a2b8fd0a5963d463f2b2490411ea3145005e9bfd6bffbc6994f9bfd6bff00bc6995e2bdcf7d6c145145218514514005145140051451400514514005145140051451400514514005145140051451400514514005145140051451400514514005145140051451400514514005145140051451400514514005145140051451400514514005145140051451400514514005145140051451400514514005145140051451400514514005145140051451400514514005145140051451401d2da4df68b68dfb91cfd6a6acad126c89223dbe61fd7fa56ad7af4e5cd14cf12ac7926d0514515a1905713ae8c6ad71f51fc8576d5c578806357b8fc3ff00411401b1e131fe8731ff006ffa56ed72da06b16fa7dbc91cdb812db81033dab4ff00e126b1fef3ff00df3401ad45641f13d97ac9ff007cd68595e477f00962ced271f30c50061f8bc716bff02fe94cf088fdf5c1ff00647f3a778b8f36a3fde3fca99e123fe91703fd81fce8036b5aff009055cffb95c7e99ff211b5ff00aeabfcebafd6db6e9573feee3f5ae434e21750b624e009179fc6803bdaa1aeff00c826e3fddfeb57eb3f5e38d26e3e83f98a00e534aff9095b7fd7415d66b739b7d2e76538623683f5e2b93d2bfe4256dff5d07f3aea7c431993499b033b70dfad00725656c6f2ee28471bdb04fa0ef5ddc1025b44b1c6a151460015c4e913adb6a5048dc286c13e99e2bbaa0064b1acd1b23a86561820d70ba8da7d8af6587390a78fa7515ded711ae4eb3ea93b29ca82173f418a00e87c30bb74b53eae4d52f17f5b5ff817f4abde1a6ce949eccc3f5aa1e2e3f35a8f40c7f950033c23febee3fdd1fceba7ae63c2440b8b819e4a8e3f1ae9e8039bf177dfb6fa37f4a3c23f7ee7e8bfd69be2e6fdedb0efb49a5f08fdfb9fa2ff005a003c5b704c90400fca06f3efd87f5a83c33a7a5d5c3cd20dcb16300f4269de2c8c8bd85fb3478fc89ff1a9fc253a8f3e1270c70c3dfd6803a3a4c734b450066f88467489ff00e03ffa10ae6b4219d5adff00defe95d27888e3489bdca8fd45735a21c6ab6dfef62803add5a736da74f22f0c1700fa13c57136d09b9b88e21c1760b9aecb5c8ccba55c01d42eefc8e6b91d3a616f7d048df755c13f4a00ee2dada3b485628d76a28c53dd16452ac03291820f7a5072323a52d0070bab598b0bf9225fb9d57e86ba0f0a2e34e73eb21fe42b1bc453acfaa49b4e420099f715b5e1639d35bda43fc850045e2dff008f483fdffe954fc27ff1fd2ffd73fea2aef8b3fe3ce1ff007ffa553f09ff00c7e4dfee7f5a00ea68a28a0043d2bcf651891c7b9af43af3db818b8947fb47f9d0076ba30c6976dfee0abb5534918d32dbfdc156e802adfe9d0ea3094917e6fe171d45713756cf6770f0c830c871f5f7af40ae63c5b0059e09475752a7f0ff00f5d006a6817e6fac40739963f95bdfd0d66f8b67264821ec0173efdbfc6a2f09ca56f658fb3267f107ff00af4ef16c645d42fd8a63f23ffd7a008fc3360b7572f348372c58c03dcd7595cdf84a75067849c31c30f7f5ae928033f5ab04beb27c81e6202c87bfd2b8a519603d4d77b7d3adb59cd231c05535c1c676c8a7d08a00f4303000ae3fc4c3fe26affeeaff002aec074ae43c4e3fe2687fdc1401b5e1900694a7d59ab5ab27c3273a52ff00bcd5ad401cc78b272d710c3fc2abbbf13ffeaa67862c16e2679e41b84780a0fafad278ae32b7d1bf668f1f91356bc253aec9e127e6c871ee3a50074359baf5825e58bb60799182ca7f98ad2aaba9ceb6f613bb1c0d840fa9e050070d0aee9907ab015e875e7b6c76dc447d181fd6bd0a8033ae341b3b998caf190c4e4ed3806afc71ac28a88a15146001da9d450054bed2edf50c19932c380c0e0d3ecec61b08ca429b41e49ea4d58a28022b9b58af2231ca81d0f6355acb46b5b0937c4877f6663923e957a8a0028a28a00aba9ce6db4f9e4070c10e0fbd7116b01bab98e20705d82e6bb4d66332e9772a3aedcfe5cd71fa74e2dafa091beeab827e9401dc5bdba5ac2b146bb51460548ca1d4ab0041e0834039191d29680386d62cc58dfc91af09f797e86b73c263fd0e6ff7ff00a564f88a759f549369c840133efdeb5fc27ff1e52ffd74fe828033bc5339935058ff0086341c7b9ff228d0750b3d3d5da6dde731c060b9c0a6789a329aa337675047f2fe94fd23428f53b532999918315200ce28036d7c4360dff2df1f553fe15236a3a7ddc651a789d4f55738fe7594fe11fee5cfe69ffd7ac6d474f7d36e3ca775738dd95a00eded5228e044836f94a30bb4e4573be2dff8f9b7ff0070ff003ab1e12dde45c649d9b863eb8e7fa557f177fc7c5bff00ba7f9d004fe111fb9b93fed0abde221ff1289ffe03ff00a10aa5e11ff5171fef0fe5573c4671a4cbee547ea28039cd086756b7fa9fe46bb6ae23433b755b6ff7b1fa57617d2186ca771d55188fca80399f116a9f6b9fc88cfeea33c91fc4d53786b4a12bfdae5194538407b9f5ac245deea3d4e2bd020856de148d06154600a00e6bc4ba6082517318c24870c0766ffebd3bc33a9f9727d9243f2b7284f63e95bfa840b7165346c320a1fceb838dcc6eaca70c0e41a00ee7559cdbe9d7122f0c1700fd78ae220f2fcf4f373e5e46ec75c5767ad4666d26e00ebb777e4735c7d940b7375144edb15d82eef4a00ea62f1169ea81558c6a0600d878a9d35db17e970a3ea08ace6f08a7f0dcb0faad53bdf0cc969049289d1d50648231401d043f619ee84f1344f3e319561934fd4bfe41d75ff5c9bf9570f6bbbed316c2436f1823d735dbea671a75cffd736fe5401c5588cdec03fe9a2ff3aefebcfad9c4773139e8ae0feb5e800e45000c76a93e95e7d712b4f3c92372cec49af4075dc8cbea315e7aea51d95b820e0d0074fa7eb7a75a5b244a59001c929d4fad5d5d7ac1fa5c01f5047f4ace5f0a44e8acb72d82320ed15149e11700ecb853fef2e28035da5d3efa48d8c90c8e872a770ce6a5d52736da7cf20e1829c1f73c5708c36b119ce0e322bafb88de6f0de0e4b79218e7af183401ca5ac06eae62881c176033e95dedbdba5ac2b146a1514600ae1b4d9c5b5fc12370aae327dabbc072322800650ea558020f041ef5c3eaf662c6fe5897ee7de5fa1aee6b8cf10ceb3ea926d39080267e9d68035fc263fd0a63ff004d3fa0ad5bbb286fa2f2e64dcbd47a8acaf09ffc78cbff005d3fa0adca00a763a55b69e498530c782cc7268ab9450072f37fad7ff78d329f37fad7ff0078d32bc57b9efad828a28a430a28a2800a28a2800a28a2800a28a2800a28a2800a28a2800a28a2800a28a2800a28a2800a28a2800a28a2800a28a2800a28a2800a28a2800a28a2800a28a2800a28a2800a28a2800a28a2800a28a2800a28a2800a28a2800a28a2800a28a2800a28a2800a28a2800a28a2800a28a2800a28a2800a28a2800a28a2800a28a2800a28a2800a28a2800a28a2800a28a28027b19bc8ba8db3819c1fa57495ca574763379f6b1b77c60fd6bbb0d2de279f8a8ed22c514515da79e15c57884e7579ff00e03ffa08aed6b89d74e756b8fa8fe42801963a45c6a11b3c2aa554e0e4e39a9cf86ef87fcb353f4715afe13ff8f097feba1fe42b6e8038b3e1dbf1ff002c33ff00031fe35d1e856b2d9e9eb1cc9b1c3138ce6b468a00e63c5adfe916e3d149fd699e133fe9b28ffa67fd456eea1656531596ec28da3019db68fe749a7d958c4e66b408491b4b23e47f3a0083c4b2f97a5baf7760bfd7fa5725042f7332c518cbb1c015decf6d15d26c963591739c30aad0e8d696f70b34716c75e98271401836bafdd69a4c171199027187e187e3516a9afc9a945e508c451e7246724d74f7ba6dbea0b89a3cb0e8c3822b37fe113b6ddfeb65c7a71fe14018da05b99f548881954f9c9f4c57652c6b346c8c32ac0823daa2b2b082c23290a6dcf527926ac500707a8e9f269d72d1b8caf556ecc2b434ff00134b6b108e64f395780d9c11fe35d35d5a43791f9732075f7ed58f2f84a166cc73ba0f4600d0054bef14493c45208fc9cf05c9c9fc2b19e09238d1d94857c9527bd75369e18b681c348cd391d8f03f2abf77a6dbdf2a2cd1ee09f74038c7e54019de1493758ca9fdd933f98159fe2b977df469fdc4fd49ae96dace1b342b0c62307ae3bd4773a65addb16961576fef743f9d0071b6715ce1ee2dc3661c1257a8cd6ac3e2d9163c4b00771fc4ad8cd6f59e9f0582b8853686393939aab79e1fb4bc72fb4c4e7a98ce33f850072da86a126a370659001c6028e8056f784edd92de6988c07200fc3ffd752c5e16b48d8176924c762702b5e38d62454450aaa3000ed401435bd37fb46d085ff5a9f327bfb571f1c92d9dc065263950fe22bd06a85fe8d6da81dcea564fefa707f1a00cb87c5b84025b7cb7aa37069d65e2492ef518a331ac70b9db8ea73db9a43e1119e2eb8f74ff00ebd5db0f0edb5948b212d2c8a720b7407e94009e276c696c3d5c0ae6b4938d4ad8ff00d3415da5e5ac377094b800c60eee4e3154adb4fd2da6568046d221dc36484918fc68034d943a95619523041ae1f54d39f4eb9642098cf28dea2bb9a8ae2da2bb88c7320743d8d0072da6f88e5b288452279d18e14e70454f79e2a796329045e513fc6c7247d2accde13859b31cce83d08cd496be16b685834aed363f84f0280397786458d6565211c9c31ef8eb5d1f84a4cdbdc47fdd60df98ff00eb56b5d69d6f7912472c79443f280718fca9d6b650592910c62307ae3a9a00c9f169ff0044847fb7fd2a9f848ffa64dfee7f5ab3e2e3fb8b71fed1fe5557c267fd3a5ffae7fd4500755451450015e7d72737129ff6cff3af4035e7b31ccae7fda3401dc69273a6db7fd73156ea9e8fce976dfee0ab94005739e2e71fe8c9dfe63fcaba192458519dd82aa8c926b88d5aff00fb46f5a41c20f9501f4a00b9e1652da931ec233fcc56eeb7a77f68d9955ff5a87727bfb552f0ad998ada49d860c870bf41fe7f4adda00f3e8a496cee032931ca87f106b7a1f16e10096df2feaadc1ad5bfd1adb503ba452b27f7d3835987c229bb8b96c7fbbffd7a00ccd4b579f56758c2ed4cfcb1af249feb54248da19191c6d753823d0d769a7e8b6da79dc8a5e4fefbf27f0a59746b39a769a48433b1c9c938fca801977a8b5ae90972803315520374e715c95f5f49a85c19a4003118c2f415dcbdb45241e4b46a62c01b31c571faedb456ba8bc712ec4c038140058eb971a7c1e54610ae49cb024ff3ad8d0b59b8d46ede39766d08586d18e722a0d0349b5beb269268f7b87233b88ec3d2b62d34ab5b190c90c5b1c8c67713c50043aee9a750b4f907ef63f997dfd4572304d2d95c074263910ff906bd02a85fe8b6da81dcea524fefa704fd68032e2f170d9fbcb7cbfaab706b3750d567d62448c2ed5cfcb1af3935a9ff00088a6eff008f96c7a6dffebd69e9fa3db69df346a5a4fefbf26803897468642ac30ca7047a115e830bf9b0a38e8ca0d547d16ce49da678433b1c9c938cfd2aeaa8450aa00503000ed400b45145001451450014514500145145002300c082320f045711ab69afa75d32e09898e51bd47a577151cf6f1dd46639503a1ec680395d37c472d94422913ce8c70a73822a6bcf153cb194822f289fe363923e95726f09dbbb131caf18f43cd4969e19b5b770ee5a723a06e9f9500729246f1ed2ea5778dc33dc7ad74de123fe8938ff006ffa567f8ab8d453feb90fe66aef844fee6e07fb43f95005af106986fad83c633347c81ea3b8ae774cd525d2e62546e43c321e33ff00d7aee2b3750d06dafd8be0c521eac9dfea28029c9e2c8047948642fe8d803f3ae7a79a5d42e8bb65e590f007e8056e7fc221f37fc7d71fee7ff5eb534fd16df4e3b901793fbefd7f0a00769161fd9f64919fbe7e66c7ad62f8b4ff00a45b8ff60ff3ae9eb95f161ff4d847fd33fea6802df84bfe3dee3fde1fcaac789db1a591eae2ab7844feeae47fb43fad6cde5ac1770edb800c60eee4e31401c5e9276ea76c7fe9a0aec754ff00906dcffd736fe5556dac34b6995a011b488770d92648c7e35a32c6b346d1b8ca30208f6a00e02dce2e223fed0fe75e8559cbe1fb0460441c8e7973fe35a34011dcb6db7949eca4fe95e7ca32c07a9af437412232b0cab0c11ed545740b0570c20c10723e63fe340178a864da46411822b89d574e7d32ec819f2c9ca3ff009ef5dc545716d15dc4639503a1ec680306cbc541620b731b33018de98e7f0aa9abebeda847e4c4a63873939ead57a7f0946cd98a7641e8cb9a75b785218d819a56940fe10368a00a1e1cd39ae6e85c30fdd447209eeddab7b5c97cad2ae0faaedfcf8ab914490c6a88a111780076a65d5a457b118e65dc99ce338a00e0511a460aaa598f40064d5b8758bdb6411a4ec14700100e3f3ae9edb41b5b4ba49e3de1973852722a4bbd1ad2f58b49161cff00129c1a00a9e1bd426be8e7f39cb9523048f5ff00f5566f88f4b6b7b86b98d7314872d8fe13ff00d7ae82c34c834d0fe486f9f19dc73d2acba2c8855806523041e8680396d27c446ca210cea648d7ee95ea3daa5d47c4fe742d1db23216182edd40f6ab575e1582562d0c8d0e7f871b85451784503664b82c3d15714018da5e9efa8dd2c601d83976f415dc6c5d9b3036e318f6a8ed2ce2b288470a045fd4fd6a6a00e1f56d35f4eba65c1313728dea2ade9be2396ca211489e746bc29ce0815d45c5b4575198e540e87b1ac797c276ecc4c72bc63d0f340152f7c52f3445208fca278de4e48fa562491bc7b4ba95dc370cf71eb5d65a7866d6d9c3b969d8740dd3f2ac9f14f1a8affd731fccd0068784cffa1cc3fdbfe95bb581e113fe8f703fda1fcab7e800a28a2803979bfd6bff00bc6995d11d36d989262193ee693fb32dbfe790fccd79ef0f2ee7a4b151ec73d45743fd996dff003c87e668feccb6ff009e43f3347d5e5dc7f5a8f639ea2ba1feccb6ff009e43f3347f665b7fcf21f99a3eaf2ee1f5a8f639ea2ba1feccb6ff009e43f3347f665b7fcf21f99a3eaf2ee1f5a8f639ea2ba1feccb6ff009e43f3347f665b7fcf21f99a3eaf2ee1f5a8f639ea2ba1feccb6ff009e43f3347f665b7fcf21f99a3eaf2ee1f5a8f639ea2ba1feccb6ff009e43f3347f665b7fcf21f99a3eaf2ee1f5a8f639ea2ba1feccb6ff009e43f3347f665b7fcf21f99a3eaf2ee1f5a8f639ea2ba1feccb6ff009e43f3347f665b7fcf21f99a3eaf2ee1f5a8f639ea2ba1feccb6ff009e43f3347f665b7fcf21f99a3eaf2ee1f5a8f639ea2ba1feccb6ff009e43f3347f665b7fcf21f99a3eaf2ee1f5a8f639ea2ba1feccb6ff009e43f3347f665b7fcf21f99a3eaf2ee1f5a8f639ea2ba1feccb6ff009e43f3347f665b7fcf21f99a3eaf2ee1f5a8f639ea2ba1feccb6ff009e43f3347f665b7fcf21f99a3eaf2ee1f5a8f639ea2ba1feccb6ff009e43f3347f665b7fcf21f99a3eaf2ee1f5a8f639ea2ba1feccb6ff009e43f3347f665b7fcf21f99a3eaf2ee1f5a8f639ea2ba1feccb6ff009e43f3347f665b7fcf21f99a3eaf2ee1f5a8f639ea2ba1feccb6ff009e43f3347f665b7fcf21f99a3eaf2ee1f5a8f639ea2ba1feccb6ff009e43f3347f665b7fcf21f99a3eaf2ee1f5a8f639ea2ba1feccb6ff009e43f3347f665b7fcf21f99a3eaf2ee1f5a8f639ea2ba1feccb6ff009e43f3347f665b7fcf21f99a3eaf2ee1f5a8f639ea2ba1feccb6ff009e43f3347f665b7fcf21f99a3eaf2ee1f5a8f639ea2ba1feccb6ff009e43f3347f665b7fcf21f99a3eaf2ee1f5a8f639ea2ba1feccb6ff009e43f3347f665b7fcf21f99a3eaf2ee1f5a8f639ea2ba1feccb6ff009e43f3347f665b7fcf21f99a3eaf2ee1f5a8f639ea2ba1feccb6ff009e43f3347f665b7fcf21f99a3eaf2ee1f5a8f639ea2ba1feccb6ff009e43f3347f665b7fcf21f99a3eaf2ee1f5a8f639ea2ba1feccb6ff009e43f3347f665b7fcf21f99a3eaf2ee1f5a8f639ea2ba1feccb6ff009e43f3347f665b7fcf21f99a3eaf2ee1f5a8f639ea2ba1feccb6ff009e43f3347f665b7fcf21f99a3eaf2ee1f5a8f639ea2ba1feccb6ff009e43f3347f665b7fcf21f99a3eaf2ee1f5a8f639ea2ba1feccb6ff009e43f3347f665b7fcf21f99a3eaf2ee1f5a8f639ea2ba1feccb6ff009e43f3347f665b7fcf21f99a3eaf2ee1f5a8f639ea2ba1feccb6ff009e43f3347f665b7fcf21f99a3eaf2ee1f5a8f639ea2ba1feccb6ff009e43f3347f665b7fcf21f99a3eaf2ee1f5a8f639ea2ba1feccb6ff009e43f3347f665b7fcf21f99a3eaf2ee1f5a8f639ea2ba1feccb6ff009e43f3347f665b7fcf21f99a3eaf2ee1f5a8f639ea2ba1feccb6ff009e43f3347f665b7fcf21f99a3eaf2ee1f5a8f639ead5d126c19223dfe61fd6ae7f665b7fcf21f99a7c563042e1d23dac3be4d5c28ca124ee6752bc27171b13d14515da700570dac9cea973fefd77359771e1db5b99de57326e73920371401cf69bad4da644d1c688cac777cd9ab67c5973da18bf5ad2ff00845ecbfe9a7fdf5487c2d667f8a51f461fe1401987c57767a4708fc0ff008d68e85ac5c6a571224a102aae7e518e73514de1ab58fa3cbf891fe156b43d3e3b369990b12703e6340147c576f33c914a016842e38ec734cf0ac130b8925dacb0ecc64f42735d3d14005145140051451400514514005145140051451400514514005145140051451400514514005145140199e228259f4d6584162181651d48ae6f47b79a4d46131ab0dae0b37a0ef5dbd1400514514005145140051451401cef8b8fcb6a3ddbfa554f0a9c6a4def19fe62ba0d474a875331f9ace36671b081d71fe15158e856fa7dc79b1b485b046188c7f2a00d2a28a28010f4af3c73976fad7a2562ff00c229684ffac9bfefa1fe14019765e249acedd21f291d50601c906a66f16cc47cb0203ee49abc7c2969ff003d26ff00be87f852af856cc75694fd587f850073d7daadcea07f7aff002f645e054fa4e8b2ea122b30296e3ab9efec2ba48343b2b720ac019bd5fe6abc0003038140091c6b122a20daaa3000ec29d4514005145140051451400572faee977575a9b3450b3a951861d3a5751450065f87eca6b1b3749942b172c0673d856a514500145145001451450014514500145145001451450014514500145145001451450014514500725e2a3ff1314ffae63f99ab7e113f2dd0f75feb57357d1e1bc944cece1b6e30a463f951a0d92599b80858e76fdefc68035a8a28a0028a28a002b93f159cea118f48c7f335d65675fe8906a338965690305db85231fca80337c207fe3e87fba7f9d5ff0011412cfa71588162181655ea454da76930e98d21899cef033b883fd2af500711a35bcd26a3098d586d7059bd077aede8a2800a28a2800a28a2800a28a2800a28a2800a28a2800a28a2800a28a2800a28a2800a28a2800a28a2800ae4bc53ff002125ff00ae63f99aeb6b2756d1e1bc97ce7670d8c6148c7f2a00a9e113f25c8f75feb5d0d64e8564967e7842c7247defc6b5a800a28a2803ffd9, 75062, 'GFDL_logo.jpg', 'image/jpeg', NULL, NULL);
INSERT INTO `vendor` (`vendor_id`, `fname`, `lname`, `designation`, `secondary_email`, `telephone`, `company`, `company_url`, `companytype`, `company_info`, `tags`, `username`, `companyaddress`, `regionofincorp`, `countryofincorp`, `logoBytes`, `logolength`, `LogoName`, `logoType`, `telephoneCode`, `VendorSupport`) VALUES
('e9e8f083-0ca7-4adb-82d8-1fb26b95b8a8', 'amit11', '', '', '', '', 'aa', '', 'Data Aggregator', '', '-SELECT-', 'amit11', '', NULL, NULL, NULL, NULL, NULL, NULL, NULL, NULL),
('ebaa988a-a38f-4fdd-948d-10964c99ce9c', 'PhilCap', '', '', '', '', 'Phillip Capital', '', 'Research Report', '', NULL, 'philcap', '', NULL, NULL, NULL, NULL, NULL, NULL, NULL, NULL),
('ed1fb3d3-4ac9-4fd7-b471-e1f2497583b9', 'MacqRes', '', '', '', '', 'Macquarie Research', '', 'Research Report', '', NULL, 'macqres', '', NULL, NULL, NULL, NULL, NULL, NULL, NULL, NULL),
('ed5403fe-3795-4704-a904-2e522fa4bbc4', 'Simeon', 'Ang', 'Investment Analyst', '', '65-62315927', 'Maybank Kim Eng', 'http://www.maybank-ke.com.sg/', 'Research Report', 'Maybank Kim Eng is a leading brokerage house and investment bank in ASEAN.', '-SELECT-', 'simeonang', '', 1, '3', NULL, NULL, NULL, NULL, NULL, NULL),
('f25a3af5-71d1-4b4c-9a0e-f7e39b8ce747', 'CIMBGro', '', '', '', '', 'CIMB Group', '', 'Research Report', '', NULL, 'cimbgro', '', NULL, NULL, NULL, NULL, NULL, NULL, NULL, NULL),
('f5438cf5-ae76-44eb-9dc7-5c19bc48fdc1', 'abc', '', '', '', '', 'abc inc', '', 'Research Report', '', 'null', 'abc', '', NULL, '', NULL, NULL, NULL, NULL, NULL, NULL),
('f9a0dbbb-f3d2-471c-92cc-844ce8960657', 'JadInv', '', '', '', '', 'Jadwa Investment', '', 'Research Report', '', NULL, 'jadinv', '', NULL, NULL, NULL, NULL, NULL, NULL, NULL, NULL),
('fab34c79-d4bd-4554-8b2f-f9dd27e39a5b', 'NRAcAp', '', '', '', '', 'NRA Capital', '', 'Research Report', '', NULL, 'nracap', '', NULL, NULL, NULL, NULL, NULL, NULL, NULL, NULL);

-- --------------------------------------------------------

--
-- Table structure for table `vendor_analystprofile`
--

CREATE TABLE IF NOT EXISTS `vendor_analystprofile` (
  `AnalystProfile_id` int(11) NOT NULL AUTO_INCREMENT,
  `AnalystAwards` varchar(255) DEFAULT NULL,
  `AnalystCountryofIncorp` varchar(255) DEFAULT NULL,
  `AnalystName` varchar(255) DEFAULT NULL,
  `AnalystRegionofIncorp` varchar(255) DEFAULT NULL,
  `AnalystYearofExp` varchar(255) DEFAULT NULL,
  `offering` varchar(255) DEFAULT NULL,
  `OfferingDesc` varchar(255) DEFAULT NULL,
  `raesearchAnalystwithCFA` varchar(255) DEFAULT NULL,
  `ResearchArea` varchar(255) DEFAULT NULL,
  `ResearchSubArea` varchar(255) DEFAULT NULL,
  `solution_id` int(11) NOT NULL,
  `vendor_id` varchar(255) NOT NULL,
  `ResearchAnalystWithCFA` varchar(255) DEFAULT NULL,
  PRIMARY KEY (`AnalystProfile_id`),
  KEY `FK23416ABE705F6E0E` (`solution_id`),
  KEY `FK23416ABEE943DF47` (`vendor_id`)
) ENGINE=MyISAM  DEFAULT CHARSET=utf8 AUTO_INCREMENT=11 ;

--
-- Dumping data for table `vendor_analystprofile`
--

INSERT INTO `vendor_analystprofile` (`AnalystProfile_id`, `AnalystAwards`, `AnalystCountryofIncorp`, `AnalystName`, `AnalystRegionofIncorp`, `AnalystYearofExp`, `offering`, `OfferingDesc`, `raesearchAnalystwithCFA`, `ResearchArea`, `ResearchSubArea`, `solution_id`, `vendor_id`, `ResearchAnalystWithCFA`) VALUES
(1, 'Best Stocks AXA fin corp', 'India', 'a', 'Europe', 'Date (1970)', 'offering1', NULL, NULL, 'undefined', 'undefined', 21, '868ab300-1a91-4f75-b4b2-0c7a394b2f72', '1'),
(2, 'Best Equities JP Morgan,Best Stocks AXA fin corp', 'India', 'analyst', 'Europe', 'Date (1970)', 'off2', NULL, NULL, 'undefined', 'undefined', 34, '1fdb9591-26d5-4d17-917b-0289f43bb238', '1'),
(3, 'Best Equities JP Morgan,Best Stocks AXA fin corp', 'India', 'analyst', 'Europe', 'Date (1970)', 'off1', NULL, NULL, 'undefined', 'undefined', 34, '1fdb9591-26d5-4d17-917b-0289f43bb238', '1'),
(4, 'Best Equities JP Morgan', 'Singapore', 'Amit Gaurav', 'Asia Pacific', '10-15', 'Asia Economy', NULL, NULL, 'undefined', 'undefined', 52, '868ab300-1a91-4f75-b4b2-0c7a394b2f72', '1'),
(5, 'Best Equities JP Morgan', 'USA', 'MIKE DAVID', 'Asia Pacific', '3-5', 'FXASIA', NULL, NULL, 'undefined', 'undefined', 78, '7d411b93-605e-4890-8da3-e19e73905bd5', '1'),
(6, 'Other', 'UK', 'Daniel Sebatitian', 'Europe', '3-5', 'UK', NULL, NULL, 'undefined', 'undefined', 77, '7d411b93-605e-4890-8da3-e19e73905bd5', '1'),
(7, 'Best Equities JP Morgan', 'USA', 'Mr. Niraj Sadana', 'North America', '5-10', 'FX', NULL, NULL, 'undefined', 'undefined', 76, 'b1a4dd8e-4a77-4f38-aa2c-0d731f919438', '1'),
(8, 'Best Equities JP Morgan', 'Italy', 'Mr. Aamir Suhail', 'Europe', '5-10', 'IndFin', NULL, NULL, 'undefined', 'undefined', 74, 'b1a4dd8e-4a77-4f38-aa2c-0d731f919438', '1'),
(9, 'Best Equities JP Morgan', 'Germany', 'Mr. Sachin Kumble', 'Asia Pacific', '5-10', 'SmallCap', NULL, NULL, 'undefined', 'undefined', 73, 'b1a4dd8e-4a77-4f38-aa2c-0d731f919438', '1'),
(10, 'Best Equities JP Morgan', 'India', 'Mr. Kailash Satyarthi', 'Asia Pacific', '5-10', 'India-Industry', NULL, NULL, 'undefined', 'undefined', 75, 'b1a4dd8e-4a77-4f38-aa2c-0d731f919438', '1');

-- --------------------------------------------------------

--
-- Table structure for table `vendor_analyticsfeaturessupported`
--

CREATE TABLE IF NOT EXISTS `vendor_analyticsfeaturessupported` (
  `AnalyticsfeaturesSupported_id` int(11) NOT NULL AUTO_INCREMENT,
  `AnalyticsSolutionsSubType` varchar(255) DEFAULT NULL,
  `SnalyticsSolutionsType` varchar(255) DEFAULT NULL,
  `solution_id` int(11) NOT NULL,
  `vendor_id` varchar(255) NOT NULL,
  PRIMARY KEY (`AnalyticsfeaturesSupported_id`),
  KEY `FK7FDDC7A2E943DF47` (`vendor_id`),
  KEY `FK7FDDC7A2705F6E0E` (`solution_id`)
) ENGINE=MyISAM DEFAULT CHARSET=utf8 AUTO_INCREMENT=1 ;

-- --------------------------------------------------------

--
-- Table structure for table `vendor_analyticssoftwaredetails`
--

CREATE TABLE IF NOT EXISTS `vendor_analyticssoftwaredetails` (
  `AnalyticsSoftwareDetails_id` int(11) NOT NULL AUTO_INCREMENT,
  `Accessibility` varchar(255) DEFAULT NULL,
  `AddOns` varchar(255) DEFAULT NULL,
  `AnalyticsSolutionsSubType` varchar(255) DEFAULT NULL,
  `AnalyticsSolutionsType` varchar(255) DEFAULT NULL,
  `ApplicationBriefDesc` varchar(255) DEFAULT NULL,
  `ApplicationCostType` varchar(255) DEFAULT NULL,
  `ApplicationName` varchar(255) DEFAULT NULL,
  `ApplicationSubscriptionCCY` varchar(255) DEFAULT NULL,
  `ApplicationSubscriptionCost` varchar(255) DEFAULT NULL,
  `ApplicationSubscriptionType` varchar(255) DEFAULT NULL,
  `CustomizableCalculationModels` varchar(255) DEFAULT NULL,
  `ExistingUserBase` varchar(255) DEFAULT NULL,
  `LaunchedYear` varchar(255) DEFAULT NULL,
  `Offering` varchar(255) DEFAULT NULL,
  `OfferingDesc` varchar(255) DEFAULT NULL,
  `OperatingSystem` varchar(255) DEFAULT NULL,
  `RealTimeMarketData` varchar(255) DEFAULT NULL,
  `Softwarespecifications` varchar(255) DEFAULT NULL,
  `Suitability` varchar(255) DEFAULT NULL,
  `solution_id` int(11) NOT NULL,
  `vendor_id` varchar(255) NOT NULL,
  PRIMARY KEY (`AnalyticsSoftwareDetails_id`),
  KEY `FK8C6F416CE943DF47` (`vendor_id`),
  KEY `FK8C6F416C705F6E0E` (`solution_id`)
) ENGINE=MyISAM  DEFAULT CHARSET=utf8 AUTO_INCREMENT=13 ;

--
-- Dumping data for table `vendor_analyticssoftwaredetails`
--

INSERT INTO `vendor_analyticssoftwaredetails` (`AnalyticsSoftwareDetails_id`, `Accessibility`, `AddOns`, `AnalyticsSolutionsSubType`, `AnalyticsSolutionsType`, `ApplicationBriefDesc`, `ApplicationCostType`, `ApplicationName`, `ApplicationSubscriptionCCY`, `ApplicationSubscriptionCost`, `ApplicationSubscriptionType`, `CustomizableCalculationModels`, `ExistingUserBase`, `LaunchedYear`, `Offering`, `OfferingDesc`, `OperatingSystem`, `RealTimeMarketData`, `Softwarespecifications`, `Suitability`, `solution_id`, `vendor_id`) VALUES
(1, 'Web Browser Based', '', NULL, NULL, '', 'Subscription based', '', 'undefined', '', 'undefined', 'on', '', '', 'Alternative Investment Solutions', '', '', NULL, NULL, 'Portfolio Managers', 22, '868ab300-1a91-4f75-b4b2-0c7a394b2f72'),
(2, 'Web Browser Based', 'a', NULL, NULL, 'desc', 'Subscription based', 'a', 'a', 'm', 'undefined', 'true', 'e', '2001', 'Backoffice Operations', 'desc', '7', NULL, NULL, 'null', 24, '868ab300-1a91-4f75-b4b2-0c7a394b2f72'),
(3, 'Web Browser Based', 'a', NULL, NULL, 'desc', 'Subscription based', 'a', 'a', 'm', 'undefined', 'true', 'e', '2001', 'Alternative Investment Solutions', 'desc', '7', NULL, NULL, 'null', 24, '868ab300-1a91-4f75-b4b2-0c7a394b2f72'),
(5, 'Web Browser Based', 'a', NULL, NULL, 'a', 'Min Balance Required', 'a', '', '', 'undefined', 'false', '1', '1111', 'Banking Solutions', 'a', 'a', NULL, NULL, 'All Users', 24, '868ab300-1a91-4f75-b4b2-0c7a394b2f72'),
(6, 'Web Browser Based,Binaries(Executable) Based,Dedicated Desktop', 'www, eee,rrr', NULL, NULL, 'Desc', 'Subscription based', 'App1', '1000', '100', 'undefined', 'true', '20', '2000', 'Banking Solutions', '123', '11', NULL, NULL, 'All Users,Risk Managers,Backoffice ', 33, '1fdb9591-26d5-4d17-917b-0289f43bb238'),
(7, 'Web Browser Based', 'add on ', 'Alternative and institutional investments', 'Product Valuation', 'application desc', 'Min Balance Required', 'application soln', '', '', 'undefined', 'false', 'exit', '2001', 'Product Valuation', 'offering des', 'os', NULL, NULL, 'Risk Managers', 23, '868ab300-1a91-4f75-b4b2-0c7a394b2f72'),
(8, 'Binaries(Executable) Based', '', 'Alternative and institutional investments', 'Banking Solutions', 'Structural analysis on Corporate Investment.', 'Min Balance Required', 'CorpInvest', '', '', 'undefined', 'false', '', '2015', 'Banking Solutions', 'Corporate investment ', 'Linux', NULL, NULL, 'Retail/Corporat Banking Users', 51, '868ab300-1a91-4f75-b4b2-0c7a394b2f72'),
(9, 'Web Browser Based', '', 'Commodity trading solutions', 'Regulatory, Compliance ', 'Supports Operational Risk Modelling', 'Min Balance Required', 'OpRis', '', '', 'undefined', 'false', '', '2001', 'Regulatory, Compliance ', 'Supports Operational Risk Modelling', '', NULL, NULL, 'All Users', 71, 'b1a4dd8e-4a77-4f38-aa2c-0d731f919438'),
(10, 'Web Browser Based', '', 'Custody management', 'Margining Solutions', 'Supports Collateral Risk Modelling', 'Min Balance Required', 'CollMan', '', '', 'undefined', 'false', '', '2002', 'Margining Solutions', 'Supports Collateral Risk Modelling', '', NULL, NULL, 'All Users', 72, 'b1a4dd8e-4a77-4f38-aa2c-0d731f919438'),
(11, 'Web Browser Based', '', 'Alternative and institutional investments', 'Regulatory, Compliance ', 'Supports Credit Risk Modelling', 'Min Balance Required', 'CredRis', '', '', 'undefined', 'false', '', '2003', 'Regulatory, Compliance ', 'Supports Credit Risk Modelling', '', NULL, NULL, 'All Users', 70, 'b1a4dd8e-4a77-4f38-aa2c-0d731f919438'),
(12, 'Web Browser Based', '', 'FCP/CCP clearing suite', 'Regulatory, Compliance ', 'Supports Market Risk Modelling', 'Min Balance Required', 'MarRis', '', '', 'undefined', 'false', '', '2003', 'Regulatory, Compliance ', 'Supports Market Risk Modelling', '', NULL, NULL, 'All Users', 69, 'b1a4dd8e-4a77-4f38-aa2c-0d731f919438');

-- --------------------------------------------------------

--
-- Table structure for table `vendor_asset_class_search_info`
--

CREATE ALGORITHM=UNDEFINED DEFINER=`finvendo`@`mocha6007.mochahost.com` SQL SECURITY DEFINER VIEW `finvendo_finven`.`vendor_asset_class_search_info` AS select distinct `ven`.`username` AS `username`,`ven`.`company` AS `company`,`ven`.`vendor_id` AS `vendor_id`,`venloccostinfo`.`asset_class_id` AS `asset_class_id`,`venloccostinfo`.`security_type_id` AS `security_type_id`,`venloccostinfo`.`assetclass_description` AS `assetclass_description`,`venloccostinfo`.`security_type_name` AS `security_type_name`,`venloccostinfo`.`regionofincorp` AS `regionofincorp`,`venloccostinfo`.`countryofincorp` AS `countryofincorp`,`venloccostinfo`.`region_id` AS `region_id`,`venloccostinfo`.`country_id` AS `country_id`,`venloccostinfo`.`exchange_id` AS `exchange_id`,`venloccostinfo`.`cost_id` AS `cost_id`,`venloccostinfo`.`cost_range` AS `cost_range`,`venloccostinfo`.`cost_name` AS `cost_name`,`vensupawadistinfo`.`support_id` AS `support_id`,`vensupawadistinfo`.`support_name` AS `support_name`,`vensupawadistinfo`.`award_id` AS `award_id`,`vensupawadistinfo`.`awar_name` AS `awar_name`,`vensupawadistinfo`.`distribution_mode_id` AS `distribution_mode_id`,`vensupawadistinfo`.`distribution_mode_name` AS `distribution_mode_name` from ((`finvendo_finven`.`vendor` `ven` join `finvendo_finven`.`vendor_location_cost_info` `venloccostinfo` on((`ven`.`vendor_id` = `venloccostinfo`.`vendor_id`))) join `finvendo_finven`.`vendor_support_award_dist_info` `vensupawadistinfo` on((`ven`.`vendor_id` = `vensupawadistinfo`.`vendor_id`)));
-- in use (#1356 - View 'finvendo_finven.vendor_asset_class_search_info' references invalid table(s) or column(s) or function(s) or definer/invoker of view lack rights to use them)

-- --------------------------------------------------------

--
-- Table structure for table `vendor_awards`
--

CREATE TABLE IF NOT EXISTS `vendor_awards` (
  `va_id` int(11) NOT NULL AUTO_INCREMENT,
  `Awardname` varchar(255) DEFAULT NULL,
  `Awardsponsor` varchar(255) DEFAULT NULL,
  `vendor_id` varchar(255) NOT NULL,
  `Awardedyear` int(11) DEFAULT NULL,
  `awardAnalyticsSolutionsType` varchar(255) DEFAULT NULL,
  `awardAssetclass` varchar(255) DEFAULT NULL,
  `awardResearchArea` varchar(255) DEFAULT NULL,
  `awardSolutionTypes` varchar(255) DEFAULT NULL,
  `awardVendorType` varchar(255) DEFAULT NULL,
  PRIMARY KEY (`va_id`)
) ENGINE=InnoDB  DEFAULT CHARSET=utf8 AUTO_INCREMENT=24 ;

--
-- Dumping data for table `vendor_awards`
--

INSERT INTO `vendor_awards` (`va_id`, `Awardname`, `Awardsponsor`, `vendor_id`, `Awardedyear`, `awardAnalyticsSolutionsType`, `awardAssetclass`, `awardResearchArea`, `awardSolutionTypes`, `awardVendorType`) VALUES
(4, 'name', 'awar', '868ab300-1a91-4f75-b4b2-0c7a394b2f72', 1001, 'Banking Solutions', 'Equities', 'Commodity Analysis', 'Data Aggregator vendor', 'Research Reporting vendor'),
(6, '12', '12', '1fdb9591-26d5-4d17-917b-0289f43bb238', 1900, 'Banking Solutions', 'Equities', 'Commodity Analysis', 'Data Aggregator vendor', 'Data Aggregator vendor'),
(7, 'name', 'awar', '868ab300-1a91-4f75-b4b2-0c7a394b2f72', 1002, 'Banking Solutions', 'Equities', 'Commodity Analysis', 'undefined', 'Research Reporting vendor'),
(8, 'Award Market Data', 'India', '868ab300-1a91-4f75-b4b2-0c7a394b2f72', 2005, 'Banking Solutions', 'Indices', 'Commodity Analysis', 'undefined', 'Data Aggregator vendor'),
(9, 'Best EQ Data Vendor', 'FinanceAsia', 'b1a4dd8e-4a77-4f38-aa2c-0d731f919438', 2001, 'Banking Solutions', 'Equities', 'Commodity Analysis', 'undefined', 'Data Aggregator vendor'),
(11, 'Best EQ Vendor', 'EuroClear', '7d411b93-605e-4890-8da3-e19e73905bd5', 2009, 'Banking Solutions', 'Equities', 'Commodity Analysis', 'undefined', 'Data Aggregator vendor'),
(13, 'Best Equity Analyst', 'Finance Asia', 'b1a4dd8e-4a77-4f38-aa2c-0d731f919438', 2016, 'undefined', 'Indices', 'undefined', 'undefined', 'Research Reporting vendor'),
(15, 'Best Data Provider', 'HFM US Technology Awards', '1f9e5863-7dbe-49fa-8831-80edba6d243c', 2016, NULL, '7', NULL, NULL, 'Data Aggregator vendor'),
(19, 'Best Financial and Market Data Solution - Finalist', 'SIIA CODiE AWARDS', '1f9e5863-7dbe-49fa-8831-80edba6d243c', 2016, NULL, '7', NULL, NULL, 'Data Aggregator vendor'),
(20, 'Best Financial Management Mobile Application - Finalist', 'SIIA CODiE Awards', '1f9e5863-7dbe-49fa-8831-80edba6d243c', 2016, NULL, '7', NULL, NULL, 'Data Aggregator vendor'),
(21, '2016 FIA Expo Innovator of the Year award', 'FIA', 'ced82430-ce6f-4240-80ad-fa0877a19e4f', 2016, NULL, '1', NULL, NULL, 'Data Aggregator vendor'),
(22, 'Best Market Analyst', 'Zee Business', 'b69fe2cb-7610-4e51-ac1a-feab57135a83', 2013, NULL, '7', NULL, NULL, 'Research Report'),
(23, 'Best Aggregrator', 'JP Morgan', 'b1a4dd8e-4a77-4f38-aa2c-0d731f919438', 2016, NULL, '1', NULL, NULL, 'Data Aggregator');

-- --------------------------------------------------------

--
-- Table structure for table `vendor_datacoverage`
--

CREATE TABLE IF NOT EXISTS `vendor_datacoverage` (
  `dataCoverage_id` int(11) NOT NULL AUTO_INCREMENT,
  `cost_ids` varchar(255) DEFAULT NULL,
  `country_ids` varchar(255) DEFAULT NULL,
  `email` varchar(255) DEFAULT NULL,
  `phoneno` varchar(255) DEFAULT NULL,
  `region_ids` varchar(255) DEFAULT NULL,
  `solution_id` int(11) NOT NULL,
  `vendor_id` varchar(255) NOT NULL,
  `vendor_offering_id` int(11) NOT NULL,
  `coverageexchange` varchar(255) DEFAULT NULL,
  PRIMARY KEY (`dataCoverage_id`),
  KEY `FK63DFB529FF21BA78` (`vendor_offering_id`),
  KEY `FK63DFB529E943DF47` (`vendor_id`),
  KEY `FK63DFB529705F6E0E` (`solution_id`)
) ENGINE=MyISAM  DEFAULT CHARSET=utf8 AUTO_INCREMENT=16 ;

--
-- Dumping data for table `vendor_datacoverage`
--

INSERT INTO `vendor_datacoverage` (`dataCoverage_id`, `cost_ids`, `country_ids`, `email`, `phoneno`, `region_ids`, `solution_id`, `vendor_id`, `vendor_offering_id`, `coverageexchange`) VALUES
(1, '$200/Month', 'Malaysia', 'catchjamil@gmail.com', '9810451210', 'Europe', 20, '868ab300-1a91-4f75-b4b2-0c7a394b2f72', 13, 'SGX'),
(3, '$200/Month', 'India,Malaysia,Singapore', '1@1.com', '1', 'Asia Pacific', 29, '1fdb9591-26d5-4d17-917b-0289f43bb238', 15, 'NSE,BSE,SGX'),
(4, '$200/Month', 'India,Malaysia,Singapore,Thailand', 'a@b.com', '2000', 'Asia Pacific', 62, 'b1a4dd8e-4a77-4f38-aa2c-0d731f919438', 20, 'NSE,BSE,SGX,SSE'),
(5, '$200/Month', 'Japan,South Korea,Saudi Arabia,Iran', 'a1@b.com', '20001', 'Asia Pacific', 62, 'b1a4dd8e-4a77-4f38-aa2c-0d731f919438', 21, 'DUBAI MERCANTILE EXCHANGE,ABU DHABI SECURITIES EXCHANGE'),
(6, '$200/Month', 'UK,France,Italy,Russia', 'a3@b.com', '200011', 'Europe', 63, 'b1a4dd8e-4a77-4f38-aa2c-0d731f919438', 23, 'MERCADO ABIERTO ELECTRONICO S.A.,MERCADO A TERMINO DE BUENOS AIRES S.A.,BOLSA DE COMERCIO ROSARIO'),
(7, '$200/Month', 'Palestinian Territory', 'a4@b.com', '200012', 'Asia Pacific', 63, 'b1a4dd8e-4a77-4f38-aa2c-0d731f919438', 22, 'CITI MATCH AUSTRALIA'),
(8, '$200/Month', 'India,Malaysia,Singapore', 'a11@b.com', '0000022', 'Asia Pacific', 60, 'b1a4dd8e-4a77-4f38-aa2c-0d731f919438', 25, 'BSE,SGX'),
(9, '$200/Month', 'Singapore,Thailand', 'a11@b.com', '0000022', 'Asia Pacific', 61, 'b1a4dd8e-4a77-4f38-aa2c-0d731f919438', 28, 'SSE,America EXE,Elite EXE'),
(10, '$200/Month', 'Czech Republic,Denmark', 'a11@b.com', '0000022', 'Europe', 64, 'b1a4dd8e-4a77-4f38-aa2c-0d731f919438', 26, 'BELGIAN POWER EXCHANGE,MTS BELGIUM,MTS DENMARK'),
(11, '$200/Month', 'Czech Republic,Denmark', 'a11@b.com', '0000022', 'Europe', 64, 'b1a4dd8e-4a77-4f38-aa2c-0d731f919438', 27, 'BELGIAN POWER EXCHANGE,MTS BELGIUM,MTS DENMARK'),
(12, '$200/Month', 'South Africa,Zimbabwe', 'aa@bb.com', '009', 'Africa', 59, '7d411b93-605e-4890-8da3-e19e73905bd5', 29, 'SIM VENTURE SECURITIES EXCHANGE,ASX BOOKBUILD,ASX - CENTER POINT'),
(13, '$200/Month', 'Canada', 'aa@bb.com', '009', 'North America', 55, '7d411b93-605e-4890-8da3-e19e73905bd5', 30, 'SIGMA X AUSTRALIA'),
(15, '$200/Month', 'India', 'a@b.com', '022', 'Asia Pacific', 53, 'ccfc7f88-7c2f-4989-97a7-b22fbd70c252', 31, 'NSE');

-- --------------------------------------------------------

--
-- Table structure for table `vendor_distribution`
--

CREATE TABLE IF NOT EXISTS `vendor_distribution` (
  `Vendor_Distribution_Id` int(11) NOT NULL AUTO_INCREMENT,
  `country_ids` varchar(255) DEFAULT NULL,
  `distributionmethod` varchar(255) DEFAULT NULL,
  `exchanges` varchar(255) DEFAULT NULL,
  `feedsubtype` varchar(255) DEFAULT NULL,
  `feedtype` varchar(255) DEFAULT NULL,
  `frequency` varchar(255) DEFAULT NULL,
  `region_ids` varchar(255) DEFAULT NULL,
  `offeringFilesId` int(11) NOT NULL,
  `solution_id` int(11) NOT NULL,
  `vendor_id` varchar(255) NOT NULL,
  `vendor_offering_id` int(11) NOT NULL,
  PRIMARY KEY (`Vendor_Distribution_Id`),
  KEY `FKCF5DE81BFF21BA78` (`vendor_offering_id`),
  KEY `FKCF5DE81B705F6E0E` (`solution_id`)
) ENGINE=InnoDB  DEFAULT CHARSET=utf8 AUTO_INCREMENT=19 ;

--
-- Dumping data for table `vendor_distribution`
--

INSERT INTO `vendor_distribution` (`Vendor_Distribution_Id`, `country_ids`, `distributionmethod`, `exchanges`, `feedsubtype`, `feedtype`, `frequency`, `region_ids`, `offeringFilesId`, `solution_id`, `vendor_id`, `vendor_offering_id`) VALUES
(9, NULL, 'Others', NULL, 'Full Universe Data Feed', 'EOD', 'Semi-Monthly', NULL, 7, 20, '868ab300-1a91-4f75-b4b2-0c7a394b2f72', 12),
(10, NULL, 'FTP', NULL, 'Full Universe Data Feed,Delta Data Feed', 'EOD,REAL-TIME,HISTORICAL-EOD', 'Daily', NULL, 14, 63, 'b1a4dd8e-4a77-4f38-aa2c-0d731f919438', 23),
(11, NULL, 'FTP', NULL, 'Full Universe Data Feed,Delta Data Feed', 'EOD,REAL-TIME,HISTORICAL-EOD', 'Daily', NULL, 13, 63, 'b1a4dd8e-4a77-4f38-aa2c-0d731f919438', 22),
(12, NULL, 'FTP', NULL, 'Full Universe Data Feed,Delta Data Feed', 'EOD,REAL-TIME,HISTORICAL-EOD', 'Daily', NULL, 16, 60, 'b1a4dd8e-4a77-4f38-aa2c-0d731f919438', 25),
(13, NULL, 'FTP', NULL, 'Full Universe Data Feed,Delta Data Feed', 'EOD,REAL-TIME,HISTORICAL-EOD', 'Daily', NULL, 15, 60, 'b1a4dd8e-4a77-4f38-aa2c-0d731f919438', 24),
(14, NULL, 'FTP', NULL, 'Delta Data Feed', 'EOD', 'Daily', NULL, 17, 64, 'b1a4dd8e-4a77-4f38-aa2c-0d731f919438', 26),
(15, NULL, 'FTP', NULL, 'Delta Data Feed', 'EOD', 'Daily', NULL, 18, 64, 'b1a4dd8e-4a77-4f38-aa2c-0d731f919438', 27),
(16, NULL, 'FTP', NULL, 'Delta Data Feed', 'EOD', 'Daily', NULL, 19, 61, 'b1a4dd8e-4a77-4f38-aa2c-0d731f919438', 28),
(17, NULL, 'FTP', NULL, 'Full Universe Data Feed', 'EOD', 'Daily', NULL, 20, 59, '7d411b93-605e-4890-8da3-e19e73905bd5', 29),
(18, NULL, 'FTP', NULL, 'Full Universe Data Feed', 'EOD', 'Daily', NULL, 21, 55, '7d411b93-605e-4890-8da3-e19e73905bd5', 30);

-- --------------------------------------------------------

--
-- Table structure for table `vendor_distribution_freq`
--

CREATE TABLE IF NOT EXISTS `vendor_distribution_freq` (
  `vendor_distribution_freq_id` int(11) NOT NULL AUTO_INCREMENT,
  `vendor_distribution_id` int(11) NOT NULL,
  `frequency_id` int(11) NOT NULL,
  `cost_id` int(11) NOT NULL,
  PRIMARY KEY (`vendor_distribution_freq_id`),
  KEY `fk_vdf_vendor_dist` (`vendor_distribution_id`),
  KEY `fk_vdf_frequency` (`frequency_id`),
  KEY `fk_vdf_cost` (`cost_id`)
) ENGINE=InnoDB DEFAULT CHARSET=latin1 AUTO_INCREMENT=1 ;

-- --------------------------------------------------------

--
-- Stand-in structure for view `vendor_location_cost_info`
--
CREATE TABLE IF NOT EXISTS `vendor_location_cost_info` (
`username` varchar(45)
,`company` varchar(200)
,`vendor_id` varchar(45)
,`asset_class_id` int(20)
,`security_type_id` int(11)
,`assetclass_description` varchar(100)
,`security_type_name` varchar(80)
,`regionofincorp` int(11)
,`countryofincorp` varchar(45)
,`region_id` int(11)
,`country_id` int(11)
,`exchange_id` int(11)
,`cost_id` int(11)
,`cost_range` varchar(100)
,`cost_name` varchar(200)
);
-- --------------------------------------------------------

--
-- Table structure for table `vendor_offering`
--

CREATE TABLE IF NOT EXISTS `vendor_offering` (
  `vendor_offering_id` int(11) NOT NULL AUTO_INCREMENT,
  `vendor_id` varchar(45) NOT NULL,
  `asset_class_id` int(20) NOT NULL,
  `security_type_id` int(11) DEFAULT NULL,
  `solution_id` int(11) NOT NULL,
  `name` varchar(200) DEFAULT NULL,
  `description` varchar(255) DEFAULT NULL,
  `LaunchedYear` int(11) DEFAULT NULL,
  PRIMARY KEY (`vendor_offering_id`),
  KEY `fk_vo_vendor` (`vendor_id`),
  KEY `fk_vo_solution` (`solution_id`),
  KEY `asset_class_id` (`asset_class_id`),
  KEY `security_type_id` (`security_type_id`),
  KEY `FK34C90D1DE943DF47` (`vendor_id`),
  KEY `FK34C90D1D68338DA8` (`security_type_id`),
  KEY `FK34C90D1D705F6E0E` (`solution_id`),
  KEY `FK34C90D1DB4AC3226` (`asset_class_id`)
) ENGINE=InnoDB  DEFAULT CHARSET=latin1 AUTO_INCREMENT=32 ;

--
-- Dumping data for table `vendor_offering`
--

INSERT INTO `vendor_offering` (`vendor_offering_id`, `vendor_id`, `asset_class_id`, `security_type_id`, `solution_id`, `name`, `description`, `LaunchedYear`) VALUES
(12, '868ab300-1a91-4f75-b4b2-0c7a394b2f72', 2, NULL, 20, 'offering1', 'Description', 2014),
(13, '868ab300-1a91-4f75-b4b2-0c7a394b2f72', 1, NULL, 20, 'testoffering1', 'Description', 2010),
(14, '868ab300-1a91-4f75-b4b2-0c7a394b2f72', 1, NULL, 20, '1', 'Description', 1999),
(17, '3e2ff88f-11d1-4513-8ea7-e0d076607a39', 1, NULL, 46, 'NYSE/NYSEMKT/NASDAQ', 'Description', 2009),
(18, '3e2ff88f-11d1-4513-8ea7-e0d076607a39', 8, NULL, 46, 'OPRA', 'Description', 2009),
(19, '3e2ff88f-11d1-4513-8ea7-e0d076607a39', 9, NULL, 46, 'CME', 'Description', 2015),
(20, 'b1a4dd8e-4a77-4f38-aa2c-0d731f919438', 8, NULL, 62, 'Deriv-1', 'Description', 2004),
(21, 'b1a4dd8e-4a77-4f38-aa2c-0d731f919438', 9, NULL, 62, 'Deriv-2', 'Description', 2005),
(22, 'b1a4dd8e-4a77-4f38-aa2c-0d731f919438', 2, NULL, 63, 'MM-asia', 'Description', 2003),
(23, 'b1a4dd8e-4a77-4f38-aa2c-0d731f919438', 2, NULL, 63, 'Govt-US', 'Description', 2004),
(24, 'b1a4dd8e-4a77-4f38-aa2c-0d731f919438', 1, NULL, 60, 'Common-stocks-asia', 'Description', 2010),
(25, 'b1a4dd8e-4a77-4f38-aa2c-0d731f919438', 1, NULL, 60, 'warrants-asia', 'Description', 2015),
(26, 'b1a4dd8e-4a77-4f38-aa2c-0d731f919438', 3, NULL, 64, 'index-euro', 'Description', 2011),
(27, 'b1a4dd8e-4a77-4f38-aa2c-0d731f919438', 3, NULL, 64, 'ETF-euro', 'Description', 2013),
(28, 'b1a4dd8e-4a77-4f38-aa2c-0d731f919438', 2, NULL, 61, 'govt-asia', 'Description', 2011),
(29, '7d411b93-605e-4890-8da3-e19e73905bd5', 1, NULL, 59, 'EQ-Africa', 'Description', 2001),
(30, '7d411b93-605e-4890-8da3-e19e73905bd5', 2, NULL, 55, 'FI-US', 'Description', 2003),
(31, 'ccfc7f88-7c2f-4989-97a7-b22fbd70c252', 1, NULL, 53, 'Offerings1', 'Description', 1990);

-- --------------------------------------------------------

--
-- Table structure for table `vendor_offering_region_map`
--

CREATE TABLE IF NOT EXISTS `vendor_offering_region_map` (
  `vor_id` int(11) NOT NULL AUTO_INCREMENT,
  `vendor_offering_id` int(11) NOT NULL,
  `region_id` int(11) NOT NULL,
  PRIMARY KEY (`vor_id`),
  KEY `fk_vor_vendor_offering` (`vendor_offering_id`),
  KEY `fk_vor_region` (`region_id`)
) ENGINE=InnoDB DEFAULT CHARSET=latin1 AUTO_INCREMENT=1 ;

-- --------------------------------------------------------

--
-- Table structure for table `vendor_region_country_exchange_map`
--

CREATE TABLE IF NOT EXISTS `vendor_region_country_exchange_map` (
  `vrc_id` int(11) NOT NULL AUTO_INCREMENT,
  `vendor_id` varchar(45) NOT NULL,
  `region_id` int(11) NOT NULL,
  `country_id` int(11) NOT NULL,
  `exchange_id` int(11) NOT NULL,
  PRIMARY KEY (`vrc_id`),
  KEY `fk_vrc_vendor` (`vendor_id`),
  KEY `fk_vrc_country` (`country_id`),
  KEY `fk_vrc_region` (`region_id`),
  KEY `exchange_id` (`exchange_id`),
  KEY `FK16B1E93DE943DF47` (`vendor_id`),
  KEY `FK16B1E93DFD8CC10D` (`country_id`),
  KEY `FK16B1E93D3033FE27` (`exchange_id`),
  KEY `FK16B1E93D27966FC7` (`region_id`)
) ENGINE=InnoDB DEFAULT CHARSET=latin1 AUTO_INCREMENT=1 ;

-- --------------------------------------------------------

--
-- Table structure for table `vendor_region_map`
--

CREATE TABLE IF NOT EXISTS `vendor_region_map` (
  `vr_id` int(11) NOT NULL AUTO_INCREMENT,
  `vendor_id` varchar(45) NOT NULL,
  `region_id` int(11) NOT NULL,
  PRIMARY KEY (`vr_id`),
  KEY `fk_vr_vendor` (`vendor_id`),
  KEY `fk_vr_region` (`region_id`)
) ENGINE=InnoDB DEFAULT CHARSET=latin1 AUTO_INCREMENT=1 ;

-- --------------------------------------------------------

--
-- Table structure for table `vendor_researchcoverage`
--

CREATE TABLE IF NOT EXISTS `vendor_researchcoverage` (
  `ResearchCoverage_id` int(11) NOT NULL AUTO_INCREMENT,
  `ExistingClientBase` varchar(255) DEFAULT NULL,
  `Offering` varchar(255) DEFAULT NULL,
  `OfferingDesc` varchar(255) DEFAULT NULL,
  `RegionsCovered` varchar(255) DEFAULT NULL,
  `ResearchArea` varchar(255) DEFAULT NULL,
  `ResearchPreparedbyCFA` bit(1) DEFAULT NULL,
  `ResearchSubArea` varchar(255) DEFAULT NULL,
  `TotalResearchAnalyst` varchar(255) DEFAULT NULL,
  `solution_id` int(11) NOT NULL,
  `vendor_id` varchar(255) NOT NULL,
  PRIMARY KEY (`ResearchCoverage_id`),
  KEY `FKEF4C0ADA705F6E0E` (`solution_id`),
  KEY `FKEF4C0ADAE943DF47` (`vendor_id`)
) ENGINE=MyISAM  DEFAULT CHARSET=utf8 AUTO_INCREMENT=15 ;

--
-- Dumping data for table `vendor_researchcoverage`
--

INSERT INTO `vendor_researchcoverage` (`ResearchCoverage_id`, `ExistingClientBase`, `Offering`, `OfferingDesc`, `RegionsCovered`, `ResearchArea`, `ResearchPreparedbyCFA`, `ResearchSubArea`, `TotalResearchAnalyst`, `solution_id`, `vendor_id`) VALUES
(1, 'e', 'offering', 'd', 'Asia Pacific', 'Commodity Analysis', '', 'Country Economy Analysis', 't', 21, '868ab300-1a91-4f75-b4b2-0c7a394b2f72'),
(2, 'e', 'offering1', 'd', 'Asia Pacific', 'Commodity Analysis', '', 'Country Economy Analysis', 't', 21, '868ab300-1a91-4f75-b4b2-0c7a394b2f72'),
(3, '3', 'Offering', 'a', 'Asia Pacific', 'Commodity Analysis', '', 'Economic Data analysis', '2', 21, '868ab300-1a91-4f75-b4b2-0c7a394b2f72'),
(7, '', 'Asia Economy', 'Research on economic factors of Asian Region.', 'Asia Pacific', 'Debt Market research', '\0', 'Economic Data analysis,Country Economy Analysis', 'Amit Gaurav', 52, '868ab300-1a91-4f75-b4b2-0c7a394b2f72'),
(5, '11', 'off1', '11', 'Asia Pacific', 'Commodity Analysis', '', 'Economic Data analysis,Country Economy Analysis,World economy Analysis', '11', 34, '1fdb9591-26d5-4d17-917b-0289f43bb238'),
(6, '11', 'off2', '11', 'Europe', 'Commodity Analysis', '', 'Economic Data analysis,Country Economy Analysis,World economy Analysis', '11', 34, '1fdb9591-26d5-4d17-917b-0289f43bb238'),
(8, '', 'SmallCap', 'INDIA EQUITY ', 'Asia Pacific', 'Equity research', '\0', 'Consumer Services,Telecommunications,Utilities,Financials', '', 73, 'b1a4dd8e-4a77-4f38-aa2c-0d731f919438'),
(9, '', 'India-Industry', 'INDIA Consumer Durable Industry', 'Asia Pacific', 'Equity research', '\0', 'Consumer Services', '', 75, 'b1a4dd8e-4a77-4f38-aa2c-0d731f919438'),
(10, '', 'IndFin', 'INDIA Financial Industry', 'Asia Pacific', 'Equity research', '\0', 'Financials', '', 74, 'b1a4dd8e-4a77-4f38-aa2c-0d731f919438'),
(11, '', 'FX', 'MACRO FX', 'Asia Pacific', 'Exchange Rate Analysis', '\0', 'European Euro to US Dollar EUR/USD,British Pound to US Dollar GBP/USD,Swiss Franc to US Dollar USD/CHF,Japanese Yen to US Dollar USD/JPY,Chinese Yuan to US Dollar USD/CNY', '', 76, 'b1a4dd8e-4a77-4f38-aa2c-0d731f919438'),
(12, '', 'FXASIA', 'NA', 'Asia Pacific', 'Exchange Rate Analysis', '\0', 'British Pound to US Dollar GBP/USD,Swiss Franc to US Dollar USD/CHF,Japanese Yen to US Dollar USD/JPY', '', 78, '7d411b93-605e-4890-8da3-e19e73905bd5'),
(13, '', 'EURO', 'NA', 'Europe', 'Exchange Rate Analysis', '\0', 'British Pound to US Dollar GBP/USD,Swiss Franc to US Dollar USD/CHF,Japanese Yen to US Dollar USD/JPY', '', 78, '7d411b93-605e-4890-8da3-e19e73905bd5'),
(14, '', 'UK', 'NA', 'Europe', 'Fund/ETF research', '\0', 'Country Economy Analysis', '', 77, '7d411b93-605e-4890-8da3-e19e73905bd5');

-- --------------------------------------------------------

--
-- Table structure for table `vendor_researchdetails`
--

CREATE TABLE IF NOT EXISTS `vendor_researchdetails` (
  `ResearchDetails_id` int(11) NOT NULL AUTO_INCREMENT,
  `Accessibility` varchar(255) DEFAULT NULL,
  `ExistingUserBase` bit(1) DEFAULT NULL,
  `Offering` varchar(255) DEFAULT NULL,
  `ReportCostType` varchar(255) DEFAULT NULL,
  `ReportFormat` varchar(255) DEFAULT NULL,
  `ResearchApplicableMonth` varchar(255) DEFAULT NULL,
  `ResearchApplicableYear` varchar(255) DEFAULT NULL,
  `ResearchArea` varchar(255) DEFAULT NULL,
  `ResearchReportDesc` varchar(255) DEFAULT NULL,
  `ResearchReportName` varchar(255) DEFAULT NULL,
  `ResearchSubArea` varchar(255) DEFAULT NULL,
  `subsriptionCostUSDperannum` varchar(255) DEFAULT NULL,
  `SubsriptionCostUSDpermonth` varchar(255) DEFAULT NULL,
  `Suitability` varchar(255) DEFAULT NULL,
  `solution_id` int(11) NOT NULL,
  `vendor_id` varchar(255) NOT NULL,
  PRIMARY KEY (`ResearchDetails_id`),
  KEY `FK4435F710705F6E0E` (`solution_id`),
  KEY `FK4435F710E943DF47` (`vendor_id`)
) ENGINE=MyISAM  DEFAULT CHARSET=utf8 AUTO_INCREMENT=10 ;

--
-- Dumping data for table `vendor_researchdetails`
--

INSERT INTO `vendor_researchdetails` (`ResearchDetails_id`, `Accessibility`, `ExistingUserBase`, `Offering`, `ReportCostType`, `ReportFormat`, `ResearchApplicableMonth`, `ResearchApplicableYear`, `ResearchArea`, `ResearchReportDesc`, `ResearchReportName`, `ResearchSubArea`, `subsriptionCostUSDperannum`, `SubsriptionCostUSDpermonth`, `Suitability`, `solution_id`, `vendor_id`) VALUES
(1, 'Email', '', 'offering', 'Subscription based', 'DOC', 'January', '2006', NULL, 'r', 'r', NULL, 's', 'p', 'Equity Fund Manager', 21, '868ab300-1a91-4f75-b4b2-0c7a394b2f72'),
(2, 'Email', '', 'off1', 'Subscription based', 'PDF,DOC', 'January', '2006', NULL, '11', 'equity_india', NULL, '999', '80', 'All Users,Equity Fund Manager', 34, '1fdb9591-26d5-4d17-917b-0289f43bb238'),
(3, 'Web-Browser Based', '\0', 'Asia Economy', 'Free and Min Balance Not required', 'PDF', 'January', '2016', NULL, 'Debt Structure Analysis', 'Debt Structure Analysis', NULL, '', '', 'Fixed Income Fund Manager', 52, '868ab300-1a91-4f75-b4b2-0c7a394b2f72'),
(4, 'Web-Browser Based', '\0', 'FXASIA', 'Subscription based', 'PDF', 'January', '2016', NULL, 'na', 'FX-Research-asia-2015', NULL, '', '', 'All Users', 78, '7d411b93-605e-4890-8da3-e19e73905bd5'),
(5, 'Web-Browser Based', '\0', 'UK', 'Subscription based', 'PDF', 'January', '2016', NULL, 'na', 'UK-Country-ANALYSIS- 2015', NULL, '', '', 'All Users', 77, '7d411b93-605e-4890-8da3-e19e73905bd5'),
(6, 'Web-Browser Based', '\0', 'FX', 'Free and Min Balance Not required', 'PDF', 'January', '2016', NULL, 'NA', 'Global-FX-2016', NULL, '', '', 'All Users', 76, 'b1a4dd8e-4a77-4f38-aa2c-0d731f919438'),
(7, 'Web-Browser Based', '\0', 'IndFin', 'Free and Min Balance Not required', 'PDF', 'January', '2016', NULL, 'NA', 'India-Financials-2016', NULL, '', '', 'All Users', 74, 'b1a4dd8e-4a77-4f38-aa2c-0d731f919438'),
(8, 'Web-Browser Based', '\0', 'SmallCap', 'Free and Min Balance Not required', 'PDF', 'January', '2016', NULL, 'NA', 'India-EQ-SmallCap-2016', NULL, '', '', 'All Users', 73, 'b1a4dd8e-4a77-4f38-aa2c-0d731f919438'),
(9, 'Web-Browser Based', '\0', 'India-Industry', 'Free and Min Balance Not required', 'PDF', 'January', '2016', NULL, 'NA', 'India-Consumer-Durable-Industry-2016', NULL, '', '', 'All Users', 75, 'b1a4dd8e-4a77-4f38-aa2c-0d731f919438');

-- --------------------------------------------------------

--
-- Table structure for table `vendor_rfp_interest`
--

CREATE TABLE IF NOT EXISTS `vendor_rfp_interest` (
  `rfp_id` varchar(45) NOT NULL,
  `vendor_id` varchar(45) NOT NULL,
  `interest_shown_date` timestamp NOT NULL DEFAULT CURRENT_TIMESTAMP ON UPDATE CURRENT_TIMESTAMP,
  `interset_revoke_date` timestamp NOT NULL DEFAULT '0000-00-00 00:00:00',
  `rfp_vendor_response` varchar(1500) DEFAULT NULL,
  `shortlisted` char(1) DEFAULT NULL,
  `shortlisted_date` timestamp NOT NULL DEFAULT '0000-00-00 00:00:00',
  `finalized` char(1) DEFAULT NULL,
  `finalized_date` timestamp NOT NULL DEFAULT '0000-00-00 00:00:00',
  `more_info_requested` char(1) DEFAULT NULL,
  `more_info_requested_date` timestamp NOT NULL DEFAULT '0000-00-00 00:00:00',
  `more_info_provided_date` timestamp NOT NULL DEFAULT '0000-00-00 00:00:00'
) ENGINE=MyISAM DEFAULT CHARSET=utf8;

-- --------------------------------------------------------

--
-- Table structure for table `vendor_solution`
--

CREATE TABLE IF NOT EXISTS `vendor_solution` (
  `vendor_solution_id` int(11) NOT NULL AUTO_INCREMENT,
  `vendor_id` varchar(45) NOT NULL,
  `solution_id` int(11) NOT NULL,
  `cost_id` int(11) NOT NULL,
  PRIMARY KEY (`vendor_solution_id`),
  KEY `fk_vs_vendr` (`vendor_id`),
  KEY `fk_vs_cost` (`cost_id`),
  KEY `fk_vs_solution` (`solution_id`),
  KEY `FKBB854A90E943DF47` (`vendor_id`),
  KEY `FKBB854A90705F6E0E` (`solution_id`),
  KEY `FKBB854A9097095467` (`cost_id`)
) ENGINE=InnoDB DEFAULT CHARSET=latin1 AUTO_INCREMENT=1 ;

-- --------------------------------------------------------

--
-- Table structure for table `vendor_support`
--

CREATE TABLE IF NOT EXISTS `vendor_support` (
  `vs_id` int(11) NOT NULL AUTO_INCREMENT,
  `vendor_id` varchar(200) NOT NULL,
  `vendor_solution_id` int(11) NOT NULL,
  `support_id` int(11) NOT NULL,
  `c16by5` bit(1) DEFAULT NULL,
  `c16by6` bit(1) DEFAULT NULL,
  `c16by7` bit(1) DEFAULT NULL,
  `c24by6` bit(1) DEFAULT NULL,
  `c24by7` bit(1) DEFAULT NULL,
  `c8by5` bit(1) DEFAULT NULL,
  `c8by6` bit(1) DEFAULT NULL,
  `c8by7` bit(1) DEFAULT NULL,
  `cWeekend` bit(1) DEFAULT NULL,
  `publicholidays` bit(1) DEFAULT NULL,
  `id` varchar(255) DEFAULT NULL,
  PRIMARY KEY (`vs_id`),
  KEY `vendor_id` (`vendor_id`),
  KEY `vendor_solution_id` (`vendor_solution_id`),
  KEY `support_id` (`support_id`),
  KEY `FKBDEB03D8E943DF47` (`vendor_id`),
  KEY `FKBDEB03D8D190E198` (`vendor_solution_id`),
  KEY `FKBDEB03D86DF5AA6D` (`support_id`),
  KEY `FKBDEB03D829FE84F0` (`id`)
) ENGINE=InnoDB DEFAULT CHARSET=latin1 AUTO_INCREMENT=1 ;

-- --------------------------------------------------------

--
-- Table structure for table `vendor_support_award_dist_info`
--

CREATE ALGORITHM=UNDEFINED DEFINER=`finvendo`@`mocha6007.mochahost.com` SQL SECURITY DEFINER VIEW `finvendo_finven`.`vendor_support_award_dist_info` AS select distinct `ven`.`username` AS `username`,`ven`.`company` AS `company`,`ven`.`vendor_id` AS `vendor_id`,`sup`.`support_id` AS `support_id`,`sup`.`name` AS `support_name`,`awar`.`award_id` AS `award_id`,`awar`.`name` AS `awar_name`,`distmode`.`distribution_mode_id` AS `distribution_mode_id`,`distmode`.`name` AS `distribution_mode_name` from ((((((`finvendo_finven`.`vendor` `ven` join `finvendo_finven`.`vendor_support` `vensup` on((`vensup`.`vendor_id` = `ven`.`vendor_id`))) join `finvendo_finven`.`support` `sup` on((`vensup`.`support_id` = `sup`.`support_id`))) join `finvendo_finven`.`vendor_awards_map` `venawar` on((`venawar`.`vendor_id` = `ven`.`vendor_id`))) join `finvendo_finven`.`awards` `awar` on((`awar`.`award_id` = `venawar`.`award_id`))) join `finvendo_finven`.`vendor_distribution` `vendist` on((`vendist`.`vendor_id` = `ven`.`vendor_id`))) join `finvendo_finven`.`distribution_mode` `distmode` on((`distmode`.`distribution_mode_id` = `vendist`.`distribution_mode_id`)));
-- in use (#1356 - View 'finvendo_finven.vendor_support_award_dist_info' references invalid table(s) or column(s) or function(s) or definer/invoker of view lack rights to use them)

-- --------------------------------------------------------

--
-- Table structure for table `vendor_tradingcapabilitiesupported`
--

CREATE TABLE IF NOT EXISTS `vendor_tradingcapabilitiesupported` (
  `TradingCapabilitie_id` int(11) NOT NULL AUTO_INCREMENT,
  `AlgorithmicTradeType` varchar(255) DEFAULT NULL,
  `DarkpoolAccess` varchar(255) DEFAULT NULL,
  `Offering` varchar(255) DEFAULT NULL,
  `TradeCoverageCountry` varchar(255) DEFAULT NULL,
  `TradeCoverageRegion` varchar(255) DEFAULT NULL,
  `TradeExecutionsType` varchar(255) DEFAULT NULL,
  `TradingCapabilitiesType` varchar(255) DEFAULT NULL,
  `solution_id` int(11) NOT NULL,
  `vendor_id` varchar(255) NOT NULL,
  `SupportedDarkpoolVenues` varchar(255) DEFAULT NULL,
  `TradableMarkets` varchar(255) DEFAULT NULL,
  PRIMARY KEY (`TradingCapabilitie_id`),
  KEY `FKDAD9BCFB705F6E0E` (`solution_id`),
  KEY `FKDAD9BCFBE943DF47` (`vendor_id`)
) ENGINE=MyISAM  DEFAULT CHARSET=utf8 AUTO_INCREMENT=8 ;

--
-- Dumping data for table `vendor_tradingcapabilitiesupported`
--

INSERT INTO `vendor_tradingcapabilitiesupported` (`TradingCapabilitie_id`, `AlgorithmicTradeType`, `DarkpoolAccess`, `Offering`, `TradeCoverageCountry`, `TradeCoverageRegion`, `TradeExecutionsType`, `TradingCapabilitiesType`, `solution_id`, `vendor_id`, `SupportedDarkpoolVenues`, `TradableMarkets`) VALUES
(2, 'TWAP - (Time Weighted Average Price)', 'Access to Exchange-owned darkpools-BlockCross', 'offer', 'Malaysia', 'Asia Pacific', 'Algorithmic ', 'Trade Clearance', 25, '868ab300-1a91-4f75-b4b2-0c7a394b2f72', NULL, 'BSE'),
(3, 'VWAP - (Volume Weighted Average Price)', 'Access to independent Darkpools-Credit Agricole Cheuvreux - BLINK', 'EQTrader', 'India', 'Asia Pacific', 'Algorithmic ', 'Time Series Modelling', 26, '868ab300-1a91-4f75-b4b2-0c7a394b2f72', NULL, 'NSE'),
(4, 'null', 'null', 'rttrdt', 'India', 'Asia Pacific', 'Direct Market Access (DMA)', 'Order allocation', 26, '868ab300-1a91-4f75-b4b2-0c7a394b2f72', NULL, 'null'),
(5, 'VWAP - (Volume Weighted Average Price)', 'Access to independent Darkpools-Liquidnet', 'OFFER1', 'India', 'Asia Pacific', 'Algorithmic ', 'Order allocation', 26, '868ab300-1a91-4f75-b4b2-0c7a394b2f72', NULL, 'SGX'),
(6, 'VWAP - (Volume Weighted Average Price)', 'Access to independent Darkpools-Liquidnet', 'OFFER1', 'India', 'Asia Pacific', 'Algorithmic ', 'Order allocation', 26, '868ab300-1a91-4f75-b4b2-0c7a394b2f72', NULL, 'SGX'),
(7, 'VWAP - (Volume Weighted Average Price)', 'Access to independent Darkpools-Liquidnet', 'offering', 'India', 'Asia Pacific', 'Algorithmic ', 'Order allocation', 26, '868ab300-1a91-4f75-b4b2-0c7a394b2f72', NULL, 'SGX');

-- --------------------------------------------------------

--
-- Table structure for table `vendor_tradingsoftwaredetails`
--

CREATE TABLE IF NOT EXISTS `vendor_tradingsoftwaredetails` (
  `TradingSoftwareDetails_id` int(11) NOT NULL AUTO_INCREMENT,
  `accessibility` varchar(255) DEFAULT NULL,
  `AddOns` varchar(255) DEFAULT NULL,
  `AppDesc` varchar(255) DEFAULT NULL,
  `AppName` varchar(255) DEFAULT NULL,
  `chartsAvai` varchar(255) DEFAULT NULL,
  `ClientBase` varchar(255) DEFAULT NULL,
  `CostType` varchar(255) DEFAULT NULL,
  `Darkvenues` varchar(255) DEFAULT NULL,
  `CxchangeFees` varchar(255) DEFAULT NULL,
  `LaunchedYear` varchar(255) DEFAULT NULL,
  `Offering` varchar(255) DEFAULT NULL,
  `Offering_Desc` varchar(255) DEFAULT NULL,
  `OpeSystem` varchar(255) DEFAULT NULL,
  `OrderType` varchar(255) DEFAULT NULL,
  `PlatformCCY` varchar(255) DEFAULT NULL,
  `PlatformCost` varchar(255) DEFAULT NULL,
  `Platformtype` varchar(255) DEFAULT NULL,
  `PriceAlerts` varchar(255) DEFAULT NULL,
  `StreNews` varchar(255) DEFAULT NULL,
  `Suitability` varchar(255) DEFAULT NULL,
  `TradableMarkets` varchar(255) DEFAULT NULL,
  `TradableRegions` varchar(255) DEFAULT NULL,
  `TradeExec` varchar(255) DEFAULT NULL,
  `TradeType` varchar(255) DEFAULT NULL,
  `TradingCap` varchar(255) DEFAULT NULL,
  `Watchlist` varchar(255) DEFAULT NULL,
  `asset_class_id` int(11) NOT NULL,
  `solution_id` int(11) NOT NULL,
  `vendor_id` varchar(255) NOT NULL,
  `SecurityName` varchar(25) DEFAULT NULL,
  PRIMARY KEY (`TradingSoftwareDetails_id`),
  KEY `FK7CF83031E943DF47` (`vendor_id`),
  KEY `FK7CF83031B4AC3226` (`asset_class_id`),
  KEY `FK7CF83031705F6E0E` (`solution_id`)
) ENGINE=MyISAM  DEFAULT CHARSET=utf8 AUTO_INCREMENT=9 ;

--
-- Dumping data for table `vendor_tradingsoftwaredetails`
--

INSERT INTO `vendor_tradingsoftwaredetails` (`TradingSoftwareDetails_id`, `accessibility`, `AddOns`, `AppDesc`, `AppName`, `chartsAvai`, `ClientBase`, `CostType`, `Darkvenues`, `CxchangeFees`, `LaunchedYear`, `Offering`, `Offering_Desc`, `OpeSystem`, `OrderType`, `PlatformCCY`, `PlatformCost`, `Platformtype`, `PriceAlerts`, `StreNews`, `Suitability`, `TradableMarkets`, `TradableRegions`, `TradeExec`, `TradeType`, `TradingCap`, `Watchlist`, `asset_class_id`, `solution_id`, `vendor_id`, `SecurityName`) VALUES
(1, 'Web/Browser Based', '', '', '', 'on', NULL, 'Free and Min Balance Not required', 'Supported Darkpool venues', '', '', 'Test', 'des', '', 'null', 'GBP ', '', NULL, 'on', 'on', 'All Users', '', 'null', 'Trade Executions Supported', 'Algorithmic Trade Type', 'India', 'on', 1, 3, '868ab300-1a91-4f75-b4b2-0c7a394b2f72', NULL),
(5, 'Web/Browser Based', 'none', 'Equity Trading', 'EQTrader', 'on', NULL, 'Free and Min Balance Not required', 'undefined', 'undefined', '1999', 'EQTrader', 'EQTrader', 'Java', 'Limits', 'GBP ', '', NULL, 'on', 'on', 'All Users', 'undefined', 'undefined', 'undefined', 'Algorithmic Trade Type', 'undefined', 'on', 1, 26, '868ab300-1a91-4f75-b4b2-0c7a394b2f72', NULL),
(4, 'Binaries(Executable) Based', 'aad', 'd', 'n', 'on', NULL, 'Subscription based', 'undefined', 'undefined', '4545', 'offer', 'des', 'o', 'tranche (iceberg) orders', 'EUR', 'm', NULL, 'on', 'on', 'Forex specialists', 'undefined', 'undefined', 'undefined', 'Algorithmic Trade Type', 'undefined', 'on', 3, 25, '868ab300-1a91-4f75-b4b2-0c7a394b2f72', NULL),
(6, 'Binaries(Executable) Based', '', '', 'Application name', 'on', NULL, 'Subscription based', 'undefined', 'undefined', '', 'offering', 'offering desc', '', 'market orders', 'GBP ', '', NULL, 'on', 'on', 'Technical chart users', 'undefined', 'undefined', 'undefined', 'Direct Market Access (DMA)', 'undefined', 'on', 12, 26, '868ab300-1a91-4f75-b4b2-0c7a394b2f72', 'Common Stocks'),
(7, 'Binaries(Executable) Based', '', '', 'Application name', 'on', NULL, 'Subscription based', 'undefined', 'undefined', '', 'rttrdt', 'offering desc', '', 'market orders', 'GBP ', '', NULL, 'on', 'on', 'Technical chart users', 'undefined', 'undefined', 'undefined', 'Direct Market Access (DMA)', 'undefined', 'on', 2, 26, '868ab300-1a91-4f75-b4b2-0c7a394b2f72', 'Money Markets'),
(8, 'Web/Browser Based', '', 'AA', 'AA', 'on', NULL, 'Free and Min Balance Not required', 'undefined', 'undefined', '1900', 'OFFER1', 'AA', '', 'Limits', 'GBP ', '', NULL, 'on', 'on', 'Advanced shares traders', 'undefined', 'undefined', 'undefined', 'Direct Market Access (DMA)', 'undefined', 'on', 12, 26, '868ab300-1a91-4f75-b4b2-0c7a394b2f72', 'Common Stocks');

-- --------------------------------------------------------

--
-- Table structure for table `ven_analytics_app_offering`
--

CREATE TABLE IF NOT EXISTS `ven_analytics_app_offering` (
  `product_id` varchar(45) NOT NULL,
  `product_name` varchar(300) NOT NULL,
  `product_description` varchar(1000) DEFAULT NULL,
  `vendor_id` varchar(45) NOT NULL,
  `launched_year` varchar(4) DEFAULT NULL,
  `analytical_soln_type_id` int(11) NOT NULL,
  `analytical_soln_sub_types` varchar(200) NOT NULL,
  PRIMARY KEY (`product_id`)
) ENGINE=MyISAM DEFAULT CHARSET=utf8;

--
-- Dumping data for table `ven_analytics_app_offering`
--

INSERT INTO `ven_analytics_app_offering` (`product_id`, `product_name`, `product_description`, `vendor_id`, `launched_year`, `analytical_soln_type_id`, `analytical_soln_sub_types`) VALUES
('e20f95bd-c8a2-40ba-bc84-cc53fd750e9c', 'TestAna', 'Testing Plz Ignore', 'b1a4dd8e-4a77-4f38-aa2c-0d731f919438', '2017', 3, ',13,'),
('a6182b6c-3dde-44c0-a523-d158de429b38', 'CreditX', 'Credit Risk', 'b1a4dd8e-4a77-4f38-aa2c-0d731f919438', '2010', 1, ',1,'),
('b1ea0177-572a-4886-8840-885b8ff80745', 'AnaMan', 'Testing Plz Ignore', 'b1a4dd8e-4a77-4f38-aa2c-0d731f919438', '2018', 2, ',5,6,'),
('8dc7b595-283b-432c-8add-653ea4be06be', 'creditXMani', 'Credit Risk Management', 'b1a4dd8e-4a77-4f38-aa2c-0d731f919438', '2017', 1, ',3,');

-- --------------------------------------------------------

--
-- Table structure for table `ven_analytics_app_soft_dtls`
--

CREATE TABLE IF NOT EXISTS `ven_analytics_app_soft_dtls` (
  `product_id` varchar(45) NOT NULL,
  `accessbility` varchar(150) DEFAULT NULL,
  `suitability` varchar(150) DEFAULT NULL,
  `cost_type` varchar(100) DEFAULT NULL,
  `sub_cost_pm` float(10,2) DEFAULT NULL,
  `sub_cost_py` float(10,2) DEFAULT NULL,
  `add_ons` varchar(1000) DEFAULT NULL,
  `operating_system` varchar(100) DEFAULT NULL,
  `soft_specification` varchar(1000) DEFAULT NULL,
  `user_base` varchar(100) DEFAULT NULL,
  `customizable_calc_model` varchar(1) DEFAULT NULL,
  `real_time_market_data` varchar(1) DEFAULT NULL,
  PRIMARY KEY (`product_id`)
) ENGINE=MyISAM DEFAULT CHARSET=utf8;

--
-- Dumping data for table `ven_analytics_app_soft_dtls`
--

INSERT INTO `ven_analytics_app_soft_dtls` (`product_id`, `accessbility`, `suitability`, `cost_type`, `sub_cost_pm`, `sub_cost_py`, `add_ons`, `operating_system`, `soft_specification`, `user_base`, `customizable_calc_model`, `real_time_market_data`) VALUES
('e20f95bd-c8a2-40ba-bc84-cc53fd750e9c', ',Binaries(Executable) Based,', ',Risk Managers,', 'Subscription based', 11.00, 100.00, 'test', ',MAC OS X,', 'test', 'test', 'Y', 'Y'),
('a6182b6c-3dde-44c0-a523-d158de429b38', ',Web/Browser Based,', ',All Users,', 'Subscription based', 99.00, 999.00, 'Market Risk', ',Windows,', 'Javaq', '88', '', ''),
('b1ea0177-572a-4886-8840-885b8ff80745', ',Dedicated Desktop,', ',Risk Managers,', 'Subscription based', 11.00, 1000.00, '', '', '', '', '', ''),
('8dc7b595-283b-432c-8add-653ea4be06be', ',Web/Browser Based,Binaries(Executable) Based,', '', 'Subscription based', 10.00, 1000.00, '', ',MAC OS X,', 'java', '88', '', '');

-- --------------------------------------------------------

--
-- Table structure for table `ven_data_aggr_offering`
--

CREATE TABLE IF NOT EXISTS `ven_data_aggr_offering` (
  `product_id` varchar(45) NOT NULL,
  `product_name` varchar(300) NOT NULL,
  `product_description` varchar(1000) DEFAULT NULL,
  `vendor_id` varchar(45) NOT NULL,
  `launched_year` varchar(4) DEFAULT NULL,
  `asset_class_id` int(11) NOT NULL,
  `security_types` varchar(1000) NOT NULL
) ENGINE=MyISAM DEFAULT CHARSET=utf8;

--
-- Dumping data for table `ven_data_aggr_offering`
--

INSERT INTO `ven_data_aggr_offering` (`product_id`, `product_name`, `product_description`, `vendor_id`, `launched_year`, `asset_class_id`, `security_types`) VALUES
('3812f43b-1728-4bb0-aac5-20d74e503da5', 'Equity-Asia', 'Common Stocks for all Global exchanges', '9e756dd3-bd8c-40bc-beea-87c2bb781c1d', '2000', 1, ',Common-Stocks,Preferreds,Warrants/Rights'),
('ca03d58f-533a-4679-bbe6-df6728b3dc09', 'FI_Test', 'testing please ignore but ignore it at your own cost as this product is very very important for international trade', 'b1a4dd8e-4a77-4f38-aa2c-0d731f919438', '2016', 2, ',7,8'),
('24c3d9af-0302-493c-a324-94166924cf41', 'Equity Level 1 feeds', 'Equity Level 1 feeds', '3e2ff88f-11d1-4513-8ea7-e0d076607a39', '', 1, ',1'),
('6ee4e182-f14e-429e-9086-faf596d34217', 'Equity Level 2 feeds', 'Equity Level 2 feeds', '3e2ff88f-11d1-4513-8ea7-e0d076607a39', '', 1, ',1'),
('dea553a1-105f-4a6a-879c-e615fcb6aedb', 'Option feeds', 'Option feeds', '3e2ff88f-11d1-4513-8ea7-e0d076607a39', '', 8, ',37'),
('d680ab0b-735f-4243-8e12-eddfdc0e8bea', 'Currency feed', 'Currency feed', '3e2ff88f-11d1-4513-8ea7-e0d076607a39', '', 5, ',50'),
('eeaa16c0-52a6-4060-93f4-7931d8e2d5e0', 'QuantFeed', 'QuantFeed', 'ccfc7f88-7c2f-4989-97a7-b22fbd70c252', '', 1, ',1'),
('86abe1d6-4705-42e4-98ee-e64ed0c3ed7c', 'nimbledataPro', 'Realtime and End-Of-Day data of NSE CM, F&O Segment (Futures & Options) of National Stock Exchange of India (NSE FAO), Currency Derivatives Segment of NSE (NSE CDS) and MCX only in AmiBroker', 'e9a17287-993c-410f-a20e-804b77bcf99b', '', 8, ',37'),
('837e92e5-6402-4b78-9a1d-7d2e1f4ecbf7', 'nimbledataProPlus', 'Realtime data of NSE CM, F&O Segment (Futures & Options) of National Stock Exchange of India (NSE FAO), Currency Derivatives Segment of NSE (NSE CDS) and MCX', 'e9a17287-993c-410f-a20e-804b77bcf99b', '', 8, ',37'),
('71d205ae-6133-4a02-8dde-cd49a89cdff3', 'nimbledataPlusLite', 'Most features same as nimbleDataProPlus. Here, users can control the pricing of the data by controlling total no. of symbols that they want to access simultaneously - thus making it a cost-effective option without having to sacrifice on any other features.', 'e9a17287-993c-410f-a20e-804b77bcf99b', '', 8, ',37'),
('b32029e6-226e-468b-b2d2-c8c53fea6e0e', 'nimbledataProVM', 'Realtime and End-Of-Day data of NSE CM, F&O Segment (Futures & Options) of National Stock Exchange of India (NSE FAO), Currency Derivatives Segment of NSE (NSE CDS) and MCX only in AmiBroker. All the features of this product are same as that of nimbleDataPro. Additionally, it works under Virtual Machine and Terminal Server.', 'e9a17287-993c-410f-a20e-804b77bcf99b', '', 8, ',37'),
('03f616e2-88cf-4a9c-a11d-64588e77424e', 'fixed-income-feeds', 'fixed-income-feeds', 'b1a4dd8e-4a77-4f38-aa2c-0d731f919438', '', 1, ',1'),
('6e472ce1-afaa-430b-a706-46f86691b775', 'Derivative Data', 'Testing Plz Ignore', 'b1a4dd8e-4a77-4f38-aa2c-0d731f919438', '2017', 4, ',25,26,');

-- --------------------------------------------------------

--
-- Table structure for table `ven_data_aggr_offering_coverage`
--

CREATE TABLE IF NOT EXISTS `ven_data_aggr_offering_coverage` (
  `product_id` varchar(45) NOT NULL,
  `coverage_region` varchar(100) NOT NULL,
  `coverage_country` varchar(500) NOT NULL,
  `coverage_exchange` varchar(1000) NOT NULL,
  `cost_range` int(11) NOT NULL,
  `email` varchar(100) DEFAULT NULL,
  `phone_number` varchar(100) DEFAULT NULL
) ENGINE=MyISAM DEFAULT CHARSET=utf8;

--
-- Dumping data for table `ven_data_aggr_offering_coverage`
--

INSERT INTO `ven_data_aggr_offering_coverage` (`product_id`, `coverage_region`, `coverage_country`, `coverage_exchange`, `cost_range`, `email`, `phone_number`) VALUES
('3812f43b-1728-4bb0-aac5-20d74e503da5', ',1,2', ',182', ',1133', 0, '', ''),
('ca03d58f-533a-4679-bbe6-df6728b3dc09', ',5,6', ',123,153', ',679', 4000, 'amit_vendor@finvendor.com', ''),
('24c3d9af-0302-493c-a324-94166924cf41', ',3', ',16', ',1093,1106,1108', 0, '', ''),
('6ee4e182-f14e-429e-9086-faf596d34217', ',3', ',16', ',1106', 0, '', ''),
('dea553a1-105f-4a6a-879c-e615fcb6aedb', ',3', ',16', ',1000', 0, '', ''),
('d680ab0b-735f-4243-8e12-eddfdc0e8bea', ',6', ',180', ',1137', 0, '', ''),
('eeaa16c0-52a6-4060-93f4-7931d8e2d5e0', ',6', ',180', ',1137', 0, '', ''),
('86abe1d6-4705-42e4-98ee-e64ed0c3ed7c', ',1', ',1', ',566', 0, '', ''),
('837e92e5-6402-4b78-9a1d-7d2e1f4ecbf7', ',1', ',1', ',566', 0, '', ''),
('71d205ae-6133-4a02-8dde-cd49a89cdff3', ',1', ',1', ',566', 0, '', ''),
('b32029e6-226e-468b-b2d2-c8c53fea6e0e', ',1', ',1', ',566', 0, '', ''),
('03f616e2-88cf-4a9c-a11d-64588e77424e', ',1', ',1', ',549', 0, '', ''),
('6e472ce1-afaa-430b-a706-46f86691b775', ',2,', ',7,8,', ',173,174,', 1000, '', '');

-- --------------------------------------------------------

--
-- Table structure for table `ven_data_aggr_offering_distribution`
--

CREATE TABLE IF NOT EXISTS `ven_data_aggr_offering_distribution` (
  `product_id` varchar(45) NOT NULL,
  `feed_type` varchar(500) DEFAULT NULL,
  `feed_sub_type` varchar(500) DEFAULT NULL,
  `frequency` varchar(500) DEFAULT NULL,
  `distribution_method` varchar(500) DEFAULT NULL
) ENGINE=MyISAM DEFAULT CHARSET=utf8;

--
-- Dumping data for table `ven_data_aggr_offering_distribution`
--

INSERT INTO `ven_data_aggr_offering_distribution` (`product_id`, `feed_type`, `feed_sub_type`, `frequency`, `distribution_method`) VALUES
('ca03d58f-533a-4679-bbe6-df6728b3dc09', ',REAL-TIME', ',Delta Data Feed', ',intra-day,Daily,Weekly', ',FTP,FTP,Others'),
('3812f43b-1728-4bb0-aac5-20d74e503da5', '', '', '', ''),
('24c3d9af-0302-493c-a324-94166924cf41', '', '', '', ''),
('6ee4e182-f14e-429e-9086-faf596d34217', '', '', '', ''),
('dea553a1-105f-4a6a-879c-e615fcb6aedb', '', '', '', ''),
('d680ab0b-735f-4243-8e12-eddfdc0e8bea', '', '', '', ''),
('eeaa16c0-52a6-4060-93f4-7931d8e2d5e0', '', '', '', ''),
('86abe1d6-4705-42e4-98ee-e64ed0c3ed7c', '', '', '', ''),
('837e92e5-6402-4b78-9a1d-7d2e1f4ecbf7', '', '', '', ''),
('71d205ae-6133-4a02-8dde-cd49a89cdff3', '', '', '', ''),
('b32029e6-226e-468b-b2d2-c8c53fea6e0e', '', '', '', ''),
('03f616e2-88cf-4a9c-a11d-64588e77424e', '', '', '', ''),
('6e472ce1-afaa-430b-a706-46f86691b775', '', '', '', '');

-- --------------------------------------------------------

--
-- Table structure for table `ven_rsrch_rpt_analyst_prof`
--

CREATE TABLE IF NOT EXISTS `ven_rsrch_rpt_analyst_prof` (
  `product_id` varchar(45) NOT NULL,
  `analyst_name` varchar(200) NOT NULL,
  `analyst_awards` varchar(500) DEFAULT NULL,
  `anayst_cfa_charter` varchar(1) DEFAULT NULL,
  PRIMARY KEY (`product_id`)
) ENGINE=MyISAM DEFAULT CHARSET=utf8;

--
-- Dumping data for table `ven_rsrch_rpt_analyst_prof`
--

INSERT INTO `ven_rsrch_rpt_analyst_prof` VALUES ('d1752f52-576a-4a4f-acf3-628811f1426d','AnalystPro','','Y'),('558d34bf-cb64-44a7-9089-576015d15577','Amit Gaurav, Guarav Belanekar, Maninder Singh','Other','Y'),('2d46f4c7-fb83-42d9-a12e-4efac7b72d71','Amit Gaurav, Gaurav Belanekar','Other','Y'),('29ca17f7-642b-42d8-805b-65299b074b32','Amit G','Other','Y'),('986b1bf6-148b-4a2d-b27b-6fc7e033bd70','','Best Equities JP Morgan','');


-- --------------------------------------------------------

--
-- Table structure for table `ven_rsrch_rpt_covg`
--

CREATE TABLE IF NOT EXISTS `ven_rsrch_rpt_covg` (
  `product_id` varchar(45) NOT NULL,
  `regions_covered` varchar(100) DEFAULT NULL,
  `countries_covered` varchar(100) DEFAULT NULL,
  `total_analyst` int(11) DEFAULT NULL,
  `existing_client_base` varchar(100) DEFAULT NULL,
  PRIMARY KEY (`product_id`)
) ENGINE=MyISAM DEFAULT CHARSET=utf8;

--
-- Dumping data for table `ven_rsrch_rpt_covg`
--

INSERT INTO `ven_rsrch_rpt_covg` (`product_id`, `regions_covered`, `countries_covered`, `total_analyst`, `existing_client_base`) VALUES
('d1752f52-576a-4a4f-acf3-628811f1426d', '4', ',17,19,20,', 5, '3'),
('558d34bf-cb64-44a7-9089-576015d15577', '1', '1', 2, '22'),
('2d46f4c7-fb83-42d9-a12e-4efac7b72d71', '6', ',180,', 20, '99'),
('29ca17f7-642b-42d8-805b-65299b074b32', '1', ',4,', 100, '20'),
('986b1bf6-148b-4a2d-b27b-6fc7e033bd70', '1', ',1,', 1, '1');

-- --------------------------------------------------------

--
-- Table structure for table `ven_rsrch_rpt_dtls`
--
CREATE TABLE `ven_rsrch_rpt_dtls` (
  `product_id` varchar(45) NOT NULL,
  `accessbility` varchar(150) DEFAULT NULL,
  `suitability` varchar(150) DEFAULT NULL,
  `sub_cost_py` float(10,2) DEFAULT NULL,
  `rep_format` varchar(20) DEFAULT NULL,
  `rsrch_report_for` varchar(45) DEFAULT NULL,
  `rep_date` varchar(45) DEFAULT NULL,
  `target_price` varchar(45) DEFAULT NULL,
  `rsrch_recomm_type` varchar(45) DEFAULT NULL,
  `rsrch_report_desc` varchar(200) DEFAULT NULL,
  `rsrch_report_access` varchar(45) DEFAULT NULL,
  `rsrch_upload_report` varchar(200) DEFAULT NULL,
  PRIMARY KEY (`product_id`)
) ENGINE=MyISAM DEFAULT CHARSET=utf8;

--
-- Dumping data for table `ven_rsrch_rpt_dtls`
--

INSERT INTO `ven_rsrch_rpt_dtls` VALUES ('d1752f52-576a-4a4f-acf3-628811f1426d','Email',',All Users,Fixed Income Fund Manager,',0.00,',PDF,',NULL,NULL,NULL,NULL,NULL,NULL,NULL),('558d34bf-cb64-44a7-9089-576015d15577','Web-Browser Based',',All Users,',2000.00,',DOC,',NULL,NULL,NULL,NULL,NULL,NULL,NULL),('2d46f4c7-fb83-42d9-a12e-4efac7b72d71','Web-Browser Based',',All Users,',99.00,',PDF,',NULL,NULL,NULL,NULL,NULL,NULL,NULL),('29ca17f7-642b-42d8-805b-65299b074b32','Web-Browser Based',',All Users,',0.00,',PDF,',NULL,NULL,NULL,NULL,NULL,NULL,NULL),('986b1bf6-148b-4a2d-b27b-6fc7e033bd70','Web-Browser Based','',0.00,',PDF,',NULL,NULL,NULL,NULL,NULL,NULL,NULL);

-- --------------------------------------------------------

--
-- Table structure for table `ven_rsrch_rpt_offering`
--

CREATE TABLE IF NOT EXISTS `ven_rsrch_rpt_offering` (
  `product_id` varchar(45) NOT NULL,
  `product_name` varchar(300) NOT NULL,
  `product_description` varchar(1000) DEFAULT NULL,
  `vendor_id` varchar(45) NOT NULL,
  `launched_year` varchar(4) DEFAULT NULL,
  `research_area` int(11) NOT NULL,
  `research_sub_area` varchar(200) DEFAULT NULL,
  `stock_fund_issue_covered` varchar(100) DEFAULT NULL,
  PRIMARY KEY (`product_id`)
) ENGINE=MyISAM DEFAULT CHARSET=utf8;

--
-- Dumping data for table `ven_rsrch_rpt_offering`
--

INSERT INTO `ven_rsrch_rpt_offering` (`product_id`, `product_name`, `product_description`, `vendor_id`, `launched_year`, `research_area`, `research_sub_area`, `stock_fund_issue_covered`) VALUES
('d1752f52-576a-4a4f-acf3-628811f1426d', 'TestResearch', 'Testing Plz Ignore', 'b1a4dd8e-4a77-4f38-aa2c-0d731f919438', '2016', 4, ',33,', ''),
('558d34bf-cb64-44a7-9089-576015d15577', 'Equity-India', 'Equity Market India', 'b1a4dd8e-4a77-4f38-aa2c-0d731f919438', '2010', 7, ',56,', ''),
('2d46f4c7-fb83-42d9-a12e-4efac7b72d71', 'FI-asia', 'Fixed Income Asia', 'b1a4dd8e-4a77-4f38-aa2c-0d731f919438', '2011', 1, ',1,', ''),
('29ca17f7-642b-42d8-805b-65299b074b32', 'ResearchEquity', 'ResearchEquity', 'b1a4dd8e-4a77-4f38-aa2c-0d731f919438', '2000', 7, ',54,55,56,57,', '100'),
('986b1bf6-148b-4a2d-b27b-6fc7e033bd70', 'MacroReport', 'Testing Plz Ignore', 'b1a4dd8e-4a77-4f38-aa2c-0d731f919438', '2017', 1, ',2,', '');

-- --------------------------------------------------------

--
-- Table structure for table `ven_trad_app_offering`
--

CREATE TABLE IF NOT EXISTS `ven_trad_app_offering` (
  `product_id` varchar(45) NOT NULL,
  `product_name` varchar(300) NOT NULL,
  `product_description` varchar(1000) DEFAULT NULL,
  `vendor_id` varchar(45) NOT NULL,
  `launched_year` varchar(4) DEFAULT NULL,
  `asset_class_id` int(11) NOT NULL,
  `security_types` varchar(200) NOT NULL
) ENGINE=MyISAM DEFAULT CHARSET=utf8;

--
-- Dumping data for table `ven_trad_app_offering`
--

INSERT INTO `ven_trad_app_offering` (`product_id`, `product_name`, `product_description`, `vendor_id`, `launched_year`, `asset_class_id`, `security_types`) VALUES
('5d2aea31-29c4-4a2d-a5a1-c537ff3b35d6', 'TestTrade', 'Testing Plz Ignore', 'b1a4dd8e-4a77-4f38-aa2c-0d731f919438', '2016', 1, ',1,2'),
('6c8b8bf3-d9d1-4f9f-b439-103c00de1128', 'Trade-Asia-EQ', 'EQ Trading Asia', 'b1a4dd8e-4a77-4f38-aa2c-0d731f919438', '2000', 7, ',63'),
('3f15d1c9-f9db-4153-81b9-0f30345370ea', 'FX-Global', 'Global FX Markets', 'b1a4dd8e-4a77-4f38-aa2c-0d731f919438', '22', 10, ',44'),
('a400001c-48a6-45c9-ac91-b39d01ad4a03', 'Test FIN', 'Testing Plz Ignore', 'b1a4dd8e-4a77-4f38-aa2c-0d731f919438', '2017', 6, ',59');

-- --------------------------------------------------------

--
-- Table structure for table `ven_trad_app_soft_dtls`
--

CREATE TABLE IF NOT EXISTS `ven_trad_app_soft_dtls` (
  `product_id` varchar(45) NOT NULL,
  `accessbility` varchar(150) DEFAULT NULL,
  `suitability` varchar(150) DEFAULT NULL,
  `cost_type` varchar(100) DEFAULT NULL,
  `platform_ccy` varchar(10) DEFAULT NULL,
  `platform_cost_pm` float(10,2) DEFAULT NULL,
  `platform_cost_py` float(10,2) DEFAULT NULL,
  `order_type` varchar(200) DEFAULT NULL,
  `trade_type` varchar(200) DEFAULT NULL,
  `soft_specification` varchar(1000) DEFAULT NULL,
  `add_ons` varchar(1000) DEFAULT NULL,
  `operating_system` varchar(100) DEFAULT NULL,
  `client_base` varchar(1000) DEFAULT NULL,
  `price_alerts` varchar(1) DEFAULT NULL,
  `watchlist` varchar(1) DEFAULT NULL,
  `streaming_news` varchar(1) DEFAULT NULL,
  `trade_using_charts` varchar(1) DEFAULT NULL
) ENGINE=MyISAM DEFAULT CHARSET=utf8;

--
-- Dumping data for table `ven_trad_app_soft_dtls`
--

INSERT INTO `ven_trad_app_soft_dtls` (`product_id`, `accessbility`, `suitability`, `cost_type`, `platform_ccy`, `platform_cost_pm`, `platform_cost_py`, `order_type`, `trade_type`, `soft_specification`, `add_ons`, `operating_system`, `client_base`, `price_alerts`, `watchlist`, `streaming_news`, `trade_using_charts`) VALUES
('5d2aea31-29c4-4a2d-a5a1-c537ff3b35d6', ',Dedicated Desktop', '', ',Free and Min Balance Not required', '', 22.00, 222.00, '', NULL, 'C++', '', '', '', '', '', 'Y', ''),
('6c8b8bf3-d9d1-4f9f-b439-103c00de1128', ',Web/Browser Based,Binaries(Executable) Based', ',All Users', ',Subscription based', ',USD', 50.00, 500.00, ',Limits,market orders,tranche (iceberg) orders', NULL, 'java', 'fi,fx', ',Windows', '22', 'Y', 'Y', 'Y', 'Y'),
('3f15d1c9-f9db-4153-81b9-0f30345370ea', ',Binaries(Executable) Based', ',All Users', ',Subscription based', ',USD', 22.00, 222.00, ',Limits', NULL, 'java', 'FX Exotics', ',Windows', '2', 'Y', 'Y', 'Y', 'Y'),
('a400001c-48a6-45c9-ac91-b39d01ad4a03', ',Web/Browser Based', ',All Users', ',Free and Min Balance Not required', '', 0.00, 0.00, '', NULL, 'e', '', '', '', '', '', '', '');

-- --------------------------------------------------------

--
-- Table structure for table `ven_trad_app_trad_capab`
--

CREATE TABLE IF NOT EXISTS `ven_trad_app_trad_capab` (
  `product_id` varchar(45) NOT NULL,
  `trad_region` varchar(100) DEFAULT NULL,
  `trad_country` varchar(100) DEFAULT NULL,
  `trad_exchange` varchar(100) DEFAULT NULL,
  `trad_capab_type` varchar(300) DEFAULT NULL,
  `trad_exec_type` varchar(300) DEFAULT NULL,
  `algo_trade_type` varchar(300) DEFAULT NULL,
  `darkpool_access` varchar(500) DEFAULT NULL,
  `darkpool_venues` varchar(500) DEFAULT NULL,
  `soft_specification` varchar(1000) DEFAULT NULL
) ENGINE=MyISAM DEFAULT CHARSET=utf8;

--
-- Dumping data for table `ven_trad_app_trad_capab`
--

INSERT INTO `ven_trad_app_trad_capab` (`product_id`, `trad_region`, `trad_country`, `trad_exchange`, `trad_capab_type`, `trad_exec_type`, `algo_trade_type`, `darkpool_access`, `darkpool_venues`, `soft_specification`) VALUES
('5d2aea31-29c4-4a2d-a5a1-c537ff3b35d6', ',3', ',12', ',106', ',Order allocation', ',Algorithmic & Program Trading,Direct Market Access (DMA)', ',TWAP - (Time Weighted Average Price)', ',Access to independent Darkpools', ',Instinet', NULL),
('6c8b8bf3-d9d1-4f9f-b439-103c00de1128', ',1,2', ',1,2,3,4', ',550,551', ',Order allocation,Trade Clearance', ',Algorithmic & Program Trading,Direct Market Access (DMA)', ',VWAP - (Volume Weighted Average Price),TWAP - (Time Weighted Average Price)', ',Access to independent Darkpools', ',Instinet,Liquidnet,NYFIX', NULL),
('3f15d1c9-f9db-4153-81b9-0f30345370ea', ',3', ',15', ',692', ',Order allocation', ',Algorithmic & Program Trading', ',VWAP - (Volume Weighted Average Price)', ',Access to Broker-dealer Darkpools', ',Instinet', NULL),
('a400001c-48a6-45c9-ac91-b39d01ad4a03', ',2', ',7', ',173', ',Order allocation', ',Algorithmic & Program Trading,Direct Market Access (DMA)', ',VWAP - (Volume Weighted Average Price),TWAP - (Time Weighted Average Price)', ',Access to independent Darkpools', ',Instinet', NULL);

-- --------------------------------------------------------

--
-- Structure for view `vendor_location_cost_info`
--
DROP TABLE IF EXISTS `vendor_location_cost_info`;

CREATE ALGORITHM=UNDEFINED DEFINER=`finvendo`@`mocha6007.mochahost.com` SQL SECURITY DEFINER VIEW `vendor_location_cost_info` AS select distinct `ven`.`username` AS `username`,`ven`.`company` AS `company`,`ven`.`vendor_id` AS `vendor_id`,`ac`.`asset_class_id` AS `asset_class_id`,`st`.`security_type_id` AS `security_type_id`,`ac`.`description` AS `assetclass_description`,`st`.`name` AS `security_type_name`,`ven`.`regionofincorp` AS `regionofincorp`,`ven`.`countryofincorp` AS `countryofincorp`,`venregcouexc`.`region_id` AS `region_id`,`venregcouexc`.`country_id` AS `country_id`,`venregcouexc`.`exchange_id` AS `exchange_id`,`vensol`.`cost_id` AS `cost_id`,`cos`.`range` AS `cost_range`,`cos`.`name` AS `cost_name` from (((((((((`vendor` `ven` join `vendor_offering` `vo` on((`ven`.`vendor_id` = `vo`.`vendor_id`))) join `asset_class` `ac` on((`vo`.`asset_class_id` = `ac`.`asset_class_id`))) join `security_types` `st` on((`vo`.`security_type_id` = `st`.`security_type_id`))) join `vendor_region_country_exchange_map` `venregcouexc` on((`venregcouexc`.`vendor_id` = `vo`.`vendor_id`))) join `region` `reg` on((`reg`.`region_id` = `venregcouexc`.`region_id`))) join `country` `cou` on((`cou`.`country_id` = `venregcouexc`.`country_id`))) join `exchange` `exc` on((`exc`.`exchange_id` = `venregcouexc`.`exchange_id`))) join `vendor_solution` `vensol` on((`vensol`.`vendor_id` = `vo`.`vendor_id`))) join `cost` `cos` on((`cos`.`cost_id` = `vensol`.`cost_id`)));

--
-- Constraints for dumped tables
--

--
-- Constraints for table `asset_class_security_type_map`
--
ALTER TABLE `asset_class_security_type_map`
  ADD CONSTRAINT `FKB3735DA068338DA8` FOREIGN KEY (`security_type_id`) REFERENCES `security_types` (`security_type_id`),
  ADD CONSTRAINT `FKB3735DA0B4AC3226` FOREIGN KEY (`asset_class_id`) REFERENCES `asset_class` (`asset_class_id`);

--
-- Constraints for table `consumer`
--
ALTER TABLE `consumer`
  ADD CONSTRAINT `FKDE2883F654953EB1` FOREIGN KEY (`username`) REFERENCES `users` (`username`) ON DELETE CASCADE;

--
-- Constraints for table `cost`
--
ALTER TABLE `cost`
  ADD CONSTRAINT `FK2EAFCDF3EBE743` FOREIGN KEY (`denomination`) REFERENCES `currency` (`currency_id`);

--
-- Constraints for table `country`
--
ALTER TABLE `country`
  ADD CONSTRAINT `FK1_REGION_ID` FOREIGN KEY (`region_id`) REFERENCES `region` (`region_id`);

--
-- Constraints for table `country_exchange_map`
--
ALTER TABLE `country_exchange_map`
  ADD CONSTRAINT `FK139E2F493033FE27` FOREIGN KEY (`exchange_id`) REFERENCES `exchange` (`exchange_id`),
  ADD CONSTRAINT `FK139E2F49FD8CC10D` FOREIGN KEY (`country_id`) REFERENCES `country` (`country_id`);

--
-- Constraints for table `exchange`
--
ALTER TABLE `exchange`
  ADD CONSTRAINT `exchange_ibfk_1` FOREIGN KEY (`country_id`) REFERENCES `country` (`country_id`) ON DELETE CASCADE;

--
-- Constraints for table `region_country_map`
--
ALTER TABLE `region_country_map`
  ADD CONSTRAINT `FKE710286827966FC7` FOREIGN KEY (`region_id`) REFERENCES `region` (`region_id`),
  ADD CONSTRAINT `FKE7102868FD8CC10D` FOREIGN KEY (`country_id`) REFERENCES `country` (`country_id`);

--
-- Constraints for table `solution`
--
ALTER TABLE `solution`
  ADD CONSTRAINT `FK58ED4D79F5228ECD` FOREIGN KEY (`solution_type_id`) REFERENCES `solution_type` (`solution_type_id`);

--
-- Constraints for table `user_roles`
--
ALTER TABLE `user_roles`
  ADD CONSTRAINT `FK7342994954953EB1` FOREIGN KEY (`username`) REFERENCES `users` (`username`) ON DELETE CASCADE,
  ADD CONSTRAINT `FK73429949B6514C14` FOREIGN KEY (`role_id`) REFERENCES `roles` (`role_id`);

--
-- Constraints for table `vendor`
--
ALTER TABLE `vendor`
  ADD CONSTRAINT `FKCF1EA54854953EB1` FOREIGN KEY (`username`) REFERENCES `users` (`username`) ON DELETE CASCADE;

--
-- Constraints for table `vendor_distribution`
--
ALTER TABLE `vendor_distribution`
  ADD CONSTRAINT `FKCF5DE81B705F6E0E` FOREIGN KEY (`solution_id`) REFERENCES `solution` (`solution_id`) ON DELETE CASCADE,
  ADD CONSTRAINT `FKCF5DE81BFF21BA78` FOREIGN KEY (`vendor_offering_id`) REFERENCES `vendor_offering` (`vendor_offering_id`) ON DELETE CASCADE;

--
-- Constraints for table `vendor_offering`
--
ALTER TABLE `vendor_offering`
  ADD CONSTRAINT `FK34C90D1D68338DA8` FOREIGN KEY (`security_type_id`) REFERENCES `security_types` (`security_type_id`),
  ADD CONSTRAINT `FK34C90D1D705F6E0E` FOREIGN KEY (`solution_id`) REFERENCES `solution` (`solution_id`) ON DELETE CASCADE,
  ADD CONSTRAINT `FK34C90D1DB4AC3226` FOREIGN KEY (`asset_class_id`) REFERENCES `asset_class` (`asset_class_id`),
  ADD CONSTRAINT `FK34C90D1DE943DF47` FOREIGN KEY (`vendor_id`) REFERENCES `vendor` (`vendor_id`) ON DELETE CASCADE;

--
-- Constraints for table `vendor_region_country_exchange_map`
--
ALTER TABLE `vendor_region_country_exchange_map`
  ADD CONSTRAINT `FK16B1E93D27966FC7` FOREIGN KEY (`region_id`) REFERENCES `region` (`region_id`),
  ADD CONSTRAINT `FK16B1E93D3033FE27` FOREIGN KEY (`exchange_id`) REFERENCES `exchange` (`exchange_id`),
  ADD CONSTRAINT `FK16B1E93DE943DF47` FOREIGN KEY (`vendor_id`) REFERENCES `vendor` (`vendor_id`) ON DELETE CASCADE,
  ADD CONSTRAINT `FK16B1E93DFD8CC10D` FOREIGN KEY (`country_id`) REFERENCES `country` (`country_id`);

--
-- Constraints for table `vendor_solution`
--
ALTER TABLE `vendor_solution`
  ADD CONSTRAINT `FKBB854A90705F6E0E` FOREIGN KEY (`solution_id`) REFERENCES `solution` (`solution_id`) ON DELETE CASCADE,
  ADD CONSTRAINT `FKBB854A9097095467` FOREIGN KEY (`cost_id`) REFERENCES `cost` (`cost_id`),
  ADD CONSTRAINT `FKBB854A90E943DF47` FOREIGN KEY (`vendor_id`) REFERENCES `vendor` (`vendor_id`) ON DELETE CASCADE;

--
-- Constraints for table `vendor_support`
--
ALTER TABLE `vendor_support`
  ADD CONSTRAINT `vendor_support_ibfk_1` FOREIGN KEY (`vendor_id`) REFERENCES `vendor` (`vendor_id`) ON DELETE CASCADE,
  ADD CONSTRAINT `vendor_support_ibfk_2` FOREIGN KEY (`support_id`) REFERENCES `support` (`support_id`) ON DELETE CASCADE,
  ADD CONSTRAINT `vendor_support_ibfk_3` FOREIGN KEY (`id`) REFERENCES `vendor` (`vendor_id`) ON DELETE CASCADE;

/*!40101 SET CHARACTER_SET_CLIENT=@OLD_CHARACTER_SET_CLIENT */;
/*!40101 SET CHARACTER_SET_RESULTS=@OLD_CHARACTER_SET_RESULTS */;
/*!40101 SET COLLATION_CONNECTION=@OLD_COLLATION_CONNECTION */;
